<wddxPacket version='1.0'><header/><data><recordset rowCount='8' fieldNames='TAGID,CONTENTID,CONTENTHISTID,SITEID,TAG,TAGGROUP' type='coldfusion.sql.QueryTable'><field name='TAGID'><number>266.0</number><number>267.0</number><number>268.0</number><number>269.0</number><number>270.0</number><number>271.0</number><number>272.0</number><number>273.0</number></field><field name='CONTENTID'><string>21BED0AD-A2C8-4B70-824DD775A20D79FB</string><string>21BED0AD-A2C8-4B70-824DD775A20D79FB</string><string>B5C514DE-8164-427D-9DDDF46766CA9DF2</string><string>B5C514DE-8164-427D-9DDDF46766CA9DF2</string><string>AF7BF511-DF30-425D-9FCD12E3E3047790</string><string>AF7BF511-DF30-425D-9FCD12E3E3047790</string><string>54EA73C3-75AC-4E0C-99D43F5C9043B1E6</string><string>54EA73C3-75AC-4E0C-99D43F5C9043B1E6</string></field><field name='CONTENTHISTID'><string>C59AA7B4-120E-4255-BF523CCF9F724A1B</string><string>C59AA7B4-120E-4255-BF523CCF9F724A1B</string><string>3A6B2068-132B-4A39-9367CCF6CF4FA302</string><string>3A6B2068-132B-4A39-9367CCF6CF4FA302</string><string>75C7DD32-0F12-4F1B-84F08BA391071244</string><string>75C7DD32-0F12-4F1B-84F08BA391071244</string><string>AC0DE7DF-9B90-4ED7-9F4E8BD939C94082</string><string>AC0DE7DF-9B90-4ED7-9F4E8BD939C94082</string></field><field name='SITEID'><string>theme-murabootstrap3</string><string>theme-murabootstrap3</string><string>theme-murabootstrap3</string><string>theme-murabootstrap3</string><string>theme-murabootstrap3</string><string>theme-murabootstrap3</string><string>theme-murabootstrap3</string><string>theme-murabootstrap3</string></field><field name='TAG'><string>home</string><string>music</string><string>music</string><string>home</string><string>running</string><string>sports</string><string>home</string><string>sports</string></field><field name='TAGGROUP'><null/><null/><null/><null/><null/><null/><null/><null/></field></recordset></data></wddxPacket>
