<wddxPacket version='1.0'><header/><data><recordset rowCount='0' fieldNames='SUBTYPEID,SITEID,BASETABLE,BASEKEYFIELD,DATATABLE,TYPE,SUBTYPE,ISACTIVE,NOTES,LASTUPDATE,DATECREATED,LASTUPDATEBY,HASSUMMARY,HASBODY,DESCRIPTION,AVAILABLESUBTYPES,ICONCLASS' type='coldfusion.sql.QueryTable'><field name='SUBTYPEID'></field><field name='SITEID'></field><field name='BASETABLE'></field><field name='BASEKEYFIELD'></field><field name='DATATABLE'></field><field name='TYPE'></field><field name='SUBTYPE'></field><field name='ISACTIVE'></field><field name='NOTES'></field><field name='LASTUPDATE'></field><field name='DATECREATED'></field><field name='LASTUPDATEBY'></field><field name='HASSUMMARY'></field><field name='HASBODY'></field><field name='DESCRIPTION'></field><field name='AVAILABLESUBTYPES'></field><field name='ICONCLASS'></field></recordset></data></wddxPacket>
