<wddxPacket version='1.0'><header/><data><recordset rowCount='1' fieldNames='SITEID,GROUPID,CONTENTHISTID,REQUESTID,STATUS,CREATED,CHAINID,USERID' type='coldfusion.sql.QueryTable'><field name='SITEID'><string>default</string></field><field name='GROUPID'><string>64C5CE1F-EC64-8A3F-A7F8D756A1988223</string></field><field name='CONTENTHISTID'><string>65168868-FC0F-A3E8-CD318BAA00CCA8A0</string></field><field name='REQUESTID'><string>651688CD-0D6F-68DD-07C2A0C42F5DB214</string></field><field name='STATUS'><string>Rejected</string></field><field name='CREATED'><dateTime>2013-04-09T15:35:00-08:00</dateTime></field><field name='CHAINID'><string>64E8E7E4-C9BD-A9FF-131186F3BD63ECF1</string></field><field name='USERID'><string>3C93651F-A288-137A-CEF788B4B2E025FB</string></field></recordset></data></wddxPacket>
