<wddxPacket version='1.0'><header/><data><recordset rowCount='2' fieldNames='paramID,feedID,param,relationship,field,condition,criteria,dataType' type='coldfusion.sql.QueryTable'><field name='paramID'><string>313F1626-2A7B-4863-A8C7797BFC5D498D</string><string>3C2A107F-588E-4EFB-9B8E008AAC4D3B5F</string></field><field name='feedID'><string>75265ADD-926A-496B-892064751CC1F214</string><string>B7D67EBE-CE83-487D-9E71160F4EE017A6</string></field><field name='param'><number>1.0</number><number>1.0</number></field><field name='relationship'><string>and</string><string>and</string></field><field name='field'><string></string><string></string></field><field name='condition'><string>Equals</string><string>Equals</string></field><field name='criteria'><string></string><string></string></field><field name='dataType'><string>varchar</string><string>varchar</string></field></recordset></data></wddxPacket>
