<wddxPacket version='1.0'><header/><data><recordset rowCount='17' fieldNames='foodbevrate,budgetid,foodbevsubtotal,foodbevdesc,foodbevid,foodbevdays,foodbevqty' type='coldfusion.sql.QueryTable'><field name='foodbevrate'><number>0.0</number><string></string><number>0.0</number><number>100.0</number><number>0.0</number><number>0.0</number><number>0.0</number><number>0.0</number><number>0.0</number><number>0.0</number><string></string><number>0.0</number><number>0.0</number><number>0.0</number><number>0.0</number><string></string><number>250.44000244140625</number></field><field name='budgetid'><string>1404FA77-BB0F-4ACA-BD08CF12746395FC</string><string>704D624E-C669-4891-B3E4CB0C8CC6975C</string><string>F64F621A-35E8-4072-81EB473F04FF3116</string><string>907F808C-62F6-469B-90541F7EF61E14D1</string><string>CCD62BB7-4115-4597-B200C02D895998EE</string><string>C418AB14-4BBD-41F7-905C80987885C402</string><string>0A0DE795-6E65-4010-82F8B08389893A9B</string><string>986E6048-0E1A-4FEC-9E69ADFE0DAA85E0</string><string>32590F3F-2115-44B8-B3D1543E9F34E89F</string><string>3FDC693A-1E81-44E4-8A4E23187312BF46</string><string>445603DD-D95C-4DD4-AD1AF41A0B3589CA</string><string>A573AC2E-5D02-4DBF-8E89516FBA922201</string><string>564B2246-66E1-421E-B5596055FF28AE4A</string><string>79B59855-1A28-43E5-83C26BB2769E2A4D</string><string>B86568B8-DC98-4F5F-8EC922F664DDEE3E</string><string>76C6F9B4-F87D-42C3-ADBC2705E2F30FA6</string><string>C6468FD6-715C-495A-BEEDD94B3B9E3C5E</string></field><field name='foodbevsubtotal'><number>0.0</number><number>0.0</number><number>0.0</number><number>2000.0</number><number>0.0</number><number>0.0</number><number>0.0</number><number>0.0</number><number>0.0</number><number>0.0</number><number>0.0</number><number>0.0</number><number>0.0</number><number>0.0</number><number>0.0</number><number>0.0</number><number>1001.760009765625</number></field><field name='foodbevdesc'><string></string><string></string><string></string><string>Dinner</string><string></string><string></string><string></string><string></string><string></string><string></string><string></string><string></string><string></string><string></string><string></string><string></string><string>AM Break</string></field><field name='foodbevid'><string>072B0C40-9146-4FF0-B428CDABB14A457D</string><string>1888A2AE-9558-4C25-8EE509D80B84A4C9</string><string>28645E58-AED5-4A90-8E0CD913AC9A3CE3</string><string>334F4F4A-52A9-484E-8ACA69451D5C3F7A</string><string>33B96559-26CD-411B-B7F6FAE20216C42D</string><string>37BD1336-02AB-49B4-9832042A75CFEC29</string><string>7DEE9164-A5C4-4088-94C82ED723CE1AF0</string><string>7E81CBF8-05FB-4164-99BDFD9B15E2F6E7</string><string>89E2BEB6-7CBA-486B-B5744DB526127949</string><string>9B9B9C46-5D28-4394-83BEFB874134825D</string><string>9BF35662-8F56-4DCB-88FD03231F2635C5</string><string>A1798E2C-D170-4BCA-97E2E7F674ABC6F1</string><string>AF652BA4-01F7-476D-A61A8EE32ACA93D9</string><string>BDB3E159-0C38-4E41-AE879E5B989B45E7</string><string>BF504C8E-607D-402B-91146220D5A06357</string><string>C430FC58-786C-4E1E-889B6BD5B29771A1</string><string>EC8BE341-C1F2-4563-8F1431AD915A5FA5</string></field><field name='foodbevdays'><number>0.0</number><string></string><number>0.0</number><number>2.0</number><number>0.0</number><number>0.0</number><string></string><number>0.0</number><number>0.0</number><number>0.0</number><string></string><number>0.0</number><number>0.0</number><number>0.0</number><number>0.0</number><string></string><number>2.0</number></field><field name='foodbevqty'><number>0.0</number><string></string><number>0.0</number><number>10.0</number><number>0.0</number><number>0.0</number><string></string><number>0.0</number><number>0.0</number><number>0.0</number><string></string><number>0.0</number><number>0.0</number><number>0.0</number><number>0.0</number><string></string><number>2.0</number></field></recordset></data></wddxPacket>
