<wddxPacket version='1.0'><header/><data><recordset rowCount='9' fieldNames='groundtransportscomments,foodbevstaxamount,securitystax,avsgrandtotal,hasmisc,hasaccommodations,teambuildingstaxamount,avsservicechargeamount,teambuildingsservicechargeamount,dailydelegatescomments,budgetgrandsubtotalamount,signagedecorstax,signagedecorsservicecharge,budgetname,avssubtotal,lastmodifiedby,hasmeetingspace,giveawayscomments,securityssubtotal,securitysservicecharge,flightsgrandtotal,foodbevstax,hasgroundtransportation,securitysservicechargeamount,miscstaxamount,teambuildingssubtotal,datemodified,teambuildingsgrandtotal,budgetcurrency,budgetstate,giveawaystaxamount,dailydelegatesgrandtotal,budgetcountry,miscsservicecharge,groundtransportsservicechargeamount,hasfoodandbeverage,budgetcity,avstax,groundtransportsservicecharge,securitysgrandtotal,hasteambuilding,budgetgrandtotalamount,miscssubtotal,budgetgrandtaxamount,foodbevsservicecharge,avsservicecharge,signagedecorsgrandtotal,budgetregion,hasflights,miscsservicechargeamount,meetingspacesgrandtotal,teambuildingsservicecharge,budgetgrandservicechargeamount,signagedecorsservicechargeamount,teambuildingstax,dailydelegatesservicecharge,dailydelegatestaxamount,datecreated,miscscomments,flightssubtotal,signagedecorstaxamount,signagedecorscomments,flightscomments,budgetid,groundtransportsgrandtotal,miscstax,hasaudiovisual,foodbevscomments,avstaxamount,foodbevssubtotal,dailydelegatesservicechargeamount,meetingspacestax,meetingspacescomments,securityscomments,hasgiveaways,giveawayssubtotal,accommodationstax,meetingspacessubtotal,groundtransportssubtotal,miscsgrandtotal,accommodationscomments,meetingspacesservicecharge,groundtransportstax,accommodationsservicecharge,giveawaystax,avscomments,foodbevsgrandtotal,giveawaysgrandtotal,dailydelegatessubtotal,hasdailydelegaterate,accommodationssubtotal,meetingspacesservicechargeamount,signagedecorssubtotal,foodbevsservicechargeamount,hassignage,dailydelegatestax,hassecurity,teambuildingscomments,employeeid,securitystaxamount,accommodationstaxamount,meetingspacestaxamount,groundtransportstaxamount,accommodationsgrandtotal,accommodationsservicechargeamount,budgetdepartmentno,budgetdivision,meetingid,isprimarybudget' type='coldfusion.sql.QueryTable'><field name='groundtransportscomments'><string></string><string></string><string></string><string></string><string></string><string></string><string></string><string></string><string></string></field><field name='foodbevstaxamount'><number>0.0</number><number>0.0</number><number>0.0</number><number>0.0</number><number>0.0</number><number>0.0</number><number>0.0</number><number>0.0</number><number>0.0</number></field><field name='securitystax'><number>0.0</number><number>0.0</number><number>0.0</number><number>0.0</number><number>0.0</number><number>0.0</number><number>0.0</number><number>0.0</number><number>0.0</number></field><field name='avsgrandtotal'><number>0.0</number><number>0.0</number><number>0.0</number><number>100.0</number><number>100.0</number><number>0.0</number><number>0.0</number><number>0.0</number><number>0.0</number></field><field name='hasmisc'><number>0.0</number><number>0.0</number><number>1.0</number><number>0.0</number><number>0.0</number><number>0.0</number><number>0.0</number><number>0.0</number><number>0.0</number></field><field name='hasaccommodations'><number>0.0</number><number>0.0</number><number>1.0</number><number>0.0</number><number>0.0</number><number>0.0</number><number>0.0</number><number>0.0</number><number>0.0</number></field><field name='teambuildingstaxamount'><number>0.0</number><number>0.0</number><number>0.0</number><number>0.0</number><number>0.0</number><number>0.0</number><number>0.0</number><number>0.0</number><number>0.0</number></field><field name='avsservicechargeamount'><number>0.0</number><number>0.0</number><number>0.0</number><number>0.0</number><number>0.0</number><number>0.0</number><number>0.0</number><number>0.0</number><number>0.0</number></field><field name='teambuildingsservicechargeamount'><number>0.0</number><number>0.0</number><number>0.0</number><number>0.0</number><number>0.0</number><number>0.0</number><number>0.0</number><number>0.0</number><number>0.0</number></field><field name='dailydelegatescomments'><string></string><string></string><string></string><string></string><string></string><string></string><string></string><string></string><string></string></field><field name='budgetgrandsubtotalamount'><number>0.0</number><number>800.0</number><number>6561.2001953125</number><number>100.0</number><number>100.0</number><number>1001.760009765625</number><number>3000.0</number><number>0.0</number><number>100.0</number></field><field name='signagedecorstax'><number>0.0</number><number>0.0</number><number>0.0</number><number>0.0</number><number>0.0</number><number>0.0</number><number>0.0</number><number>0.0</number><number>0.0</number></field><field name='signagedecorsservicecharge'><number>0.0</number><number>0.0</number><number>0.0</number><number>0.0</number><number>0.0</number><number>0.0</number><number>0.0</number><number>0.0</number><number>0.0</number></field><field name='budgetname'><string>Test Budget Without Money</string><string>Big Meeting Budget NEW</string><string>Some Really Long Budget Title That Goes Forever And A Day</string><string>Mary's Budget</string><string>Budget 1</string><string>Budget 2</string><string>Budget 3</string><string>Big Meeting Budget</string><string>Temp Budget</string></field><field name='avssubtotal'><number>0.0</number><number>0.0</number><number>0.0</number><number>100.0</number><number>100.0</number><number>0.0</number><number>0.0</number><number>0.0</number><number>0.0</number></field><field name='lastmodifiedby'><string>DC085543-7B29-4CFC-9C9649ADFBAE9138</string><string>DC085543-7B29-4CFC-9C9649ADFBAE9138</string><string>DC085543-7B29-4CFC-9C9649ADFBAE9138</string><string>800A1DDF-B8CE-4186-B93856CE24938E1C</string><string>DC085543-7B29-4CFC-9C9649ADFBAE9138</string><string>DC085543-7B29-4CFC-9C9649ADFBAE9138</string><string>DC085543-7B29-4CFC-9C9649ADFBAE9138</string><string>DC085543-7B29-4CFC-9C9649ADFBAE9138</string><string>DC085543-7B29-4CFC-9C9649ADFBAE9138</string></field><field name='hasmeetingspace'><number>0.0</number><number>1.0</number><number>1.0</number><number>1.0</number><number>1.0</number><number>0.0</number><number>1.0</number><number>0.0</number><number>1.0</number></field><field name='giveawayscomments'><string></string><string></string><string></string><string></string><string></string><string></string><string></string><string></string><string></string></field><field name='securityssubtotal'><number>0.0</number><number>0.0</number><number>100.0</number><number>0.0</number><number>0.0</number><number>0.0</number><number>0.0</number><number>0.0</number><number>0.0</number></field><field name='securitysservicecharge'><number>0.0</number><number>0.0</number><number>0.0</number><number>0.0</number><number>0.0</number><number>0.0</number><number>0.0</number><number>0.0</number><number>0.0</number></field><field name='flightsgrandtotal'><number>0.0</number><number>0.0</number><number>567.0</number><number>0.0</number><number>0.0</number><number>0.0</number><number>0.0</number><number>0.0</number><number>0.0</number></field><field name='foodbevstax'><number>0.0</number><number>0.0</number><number>0.0</number><number>0.0</number><number>0.0</number><number>0.0</number><number>0.0</number><number>0.0</number><number>0.0</number></field><field name='hasgroundtransportation'><number>0.0</number><number>0.0</number><number>1.0</number><number>0.0</number><number>0.0</number><number>0.0</number><number>0.0</number><number>0.0</number><number>0.0</number></field><field name='securitysservicechargeamount'><number>0.0</number><number>0.0</number><number>0.0</number><number>0.0</number><number>0.0</number><number>0.0</number><number>0.0</number><number>0.0</number><number>0.0</number></field><field name='miscstaxamount'><number>0.0</number><number>0.0</number><number>0.0</number><number>0.0</number><number>0.0</number><number>0.0</number><number>0.0</number><number>0.0</number><number>0.0</number></field><field name='teambuildingssubtotal'><number>0.0</number><number>0.0</number><number>500.0</number><number>0.0</number><number>0.0</number><number>0.0</number><number>0.0</number><number>0.0</number><number>0.0</number></field><field name='datemodified'><dateTime>2016-4-7T18:17:30+0:0</dateTime><dateTime>2016-4-20T17:11:37+0:0</dateTime><dateTime>2016-4-18T17:51:29+0:0</dateTime><dateTime>2016-4-20T17:34:13+0:0</dateTime><dateTime>2016-4-12T17:31:18+0:0</dateTime><dateTime>2016-4-18T17:51:29+0:0</dateTime><dateTime>2016-4-16T6:16:48+0:0</dateTime><dateTime>2016-4-18T17:51:29+0:0</dateTime><dateTime>2016-4-18T17:51:29+0:0</dateTime></field><field name='teambuildingsgrandtotal'><number>0.0</number><number>0.0</number><number>500.0</number><number>0.0</number><number>0.0</number><number>0.0</number><number>0.0</number><number>0.0</number><number>0.0</number></field><field name='budgetcurrency'><string>USD</string><string>USD</string><string>USD</string><string>USD</string><string>USD</string><string>GBP</string><string>GBP</string><string>USD</string><string>USD</string></field><field name='budgetstate'><string>IL</string><string></string><string>IL</string><string></string><string></string><string></string><string></string><string></string><string></string></field><field name='giveawaystaxamount'><number>0.0</number><number>0.0</number><number>0.0</number><number>0.0</number><number>0.0</number><number>0.0</number><number>0.0</number><number>0.0</number><number>0.0</number></field><field name='dailydelegatesgrandtotal'><number>0.0</number><number>0.0</number><number>800.0</number><number>0.0</number><number>0.0</number><number>0.0</number><number>0.0</number><number>0.0</number><number>0.0</number></field><field name='budgetcountry'><string>US</string><string></string><string>US</string><string></string><string></string><string></string><string></string><string></string><string></string></field><field name='miscsservicecharge'><number>0.0</number><number>0.0</number><number>0.0</number><number>0.0</number><number>0.0</number><number>0.0</number><number>0.0</number><number>0.0</number><number>0.0</number></field><field name='groundtransportsservicechargeamount'><number>0.0</number><number>0.0</number><number>0.0</number><number>0.0</number><number>0.0</number><number>0.0</number><number>0.0</number><number>0.0</number><number>0.0</number></field><field name='hasfoodandbeverage'><number>0.0</number><number>0.0</number><number>1.0</number><number>0.0</number><number>0.0</number><number>1.0</number><number>0.0</number><number>0.0</number><number>0.0</number></field><field name='budgetcity'><string>Chicago</string><string></string><string>Chicago</string><string></string><string></string><string></string><string></string><string></string><string></string></field><field name='avstax'><number>0.0</number><number>0.0</number><number>0.0</number><number>0.0</number><number>0.0</number><number>0.0</number><number>0.0</number><number>0.0</number><number>0.0</number></field><field name='groundtransportsservicecharge'><number>0.0</number><number>0.0</number><number>0.0</number><number>0.0</number><number>0.0</number><number>0.0</number><number>0.0</number><number>0.0</number><number>0.0</number></field><field name='securitysgrandtotal'><number>0.0</number><number>0.0</number><number>100.0</number><number>0.0</number><number>0.0</number><number>0.0</number><number>0.0</number><number>0.0</number><number>0.0</number></field><field name='hasteambuilding'><number>0.0</number><number>0.0</number><number>1.0</number><number>0.0</number><number>0.0</number><number>0.0</number><number>0.0</number><number>0.0</number><number>0.0</number></field><field name='budgetgrandtotalamount'><number>0.0</number><number>1040.0</number><number>6723.2001953125</number><number>100.0</number><number>100.0</number><number>1001.760009765625</number><number>3000.0</number><number>0.0</number><number>100.0</number></field><field name='miscssubtotal'><number>0.0</number><number>0.0</number><number>1000.0</number><number>0.0</number><number>0.0</number><number>0.0</number><number>0.0</number><number>0.0</number><number>0.0</number></field><field name='budgetgrandtaxamount'><number>0.0</number><number>80.0</number><number>72.0</number><number>0.0</number><number>0.0</number><number>0.0</number><number>0.0</number><number>0.0</number><number>0.0</number></field><field name='foodbevsservicecharge'><number>0.0</number><number>0.0</number><number>0.0</number><number>0.0</number><number>0.0</number><number>0.0</number><number>0.0</number><number>0.0</number><number>0.0</number></field><field name='avsservicecharge'><number>0.0</number><number>0.0</number><number>0.0</number><number>0.0</number><number>0.0</number><number>0.0</number><number>0.0</number><number>0.0</number><number>0.0</number></field><field name='signagedecorsgrandtotal'><number>0.0</number><number>0.0</number><number>100.0</number><number>0.0</number><number>0.0</number><number>0.0</number><number>0.0</number><number>0.0</number><number>0.0</number></field><field name='budgetregion'><string>AMR</string><string></string><string>AMR</string><string></string><string></string><string></string><string></string><string></string><string></string></field><field name='hasflights'><number>0.0</number><number>0.0</number><number>1.0</number><number>0.0</number><number>1.0</number><number>0.0</number><number>0.0</number><number>0.0</number><number>0.0</number></field><field name='miscsservicechargeamount'><number>0.0</number><number>0.0</number><number>0.0</number><number>0.0</number><number>0.0</number><number>0.0</number><number>0.0</number><number>0.0</number><number>0.0</number></field><field name='meetingspacesgrandtotal'><number>0.0</number><number>1040.0</number><number>1062.0</number><number>0.0</number><number>0.0</number><number>0.0</number><number>3000.0</number><number>0.0</number><number>100.0</number></field><field name='teambuildingsservicecharge'><number>0.0</number><number>0.0</number><number>0.0</number><number>0.0</number><number>0.0</number><number>0.0</number><number>0.0</number><number>0.0</number><number>0.0</number></field><field name='budgetgrandservicechargeamount'><number>0.0</number><number>160.0</number><number>90.0</number><number>0.0</number><number>0.0</number><number>0.0</number><number>0.0</number><number>0.0</number><number>0.0</number></field><field name='signagedecorsservicechargeamount'><number>0.0</number><number>0.0</number><number>0.0</number><number>0.0</number><number>0.0</number><number>0.0</number><number>0.0</number><number>0.0</number><number>0.0</number></field><field name='teambuildingstax'><number>0.0</number><number>0.0</number><number>0.0</number><number>0.0</number><number>0.0</number><number>0.0</number><number>0.0</number><number>0.0</number><number>0.0</number></field><field name='dailydelegatesservicecharge'><number>0.0</number><number>0.0</number><number>0.0</number><number>0.0</number><number>0.0</number><number>0.0</number><number>0.0</number><number>0.0</number><number>0.0</number></field><field name='dailydelegatestaxamount'><number>0.0</number><number>0.0</number><number>0.0</number><number>0.0</number><number>0.0</number><number>0.0</number><number>0.0</number><number>0.0</number><number>0.0</number></field><field name='datecreated'><dateTime>2016-4-6T18:30:19+0:0</dateTime><dateTime>2016-4-7T16:57:0+0:0</dateTime><dateTime>2016-3-23T20:12:29+0:0</dateTime><dateTime>2016-4-20T17:26:40+0:0</dateTime><dateTime>2016-3-24T21:12:31+0:0</dateTime><dateTime>2016-3-23T18:44:7+0:0</dateTime><dateTime>2016-3-24T22:40:4+0:0</dateTime><dateTime>2016-4-7T16:55:21+0:0</dateTime><dateTime>2016-3-30T20:36:59+0:0</dateTime></field><field name='miscscomments'><string></string><string></string><string></string><string></string><string></string><string></string><string></string><string></string><string></string></field><field name='flightssubtotal'><number>0.0</number><number>0.0</number><number>567.0</number><number>0.0</number><number>0.0</number><number>0.0</number><number>0.0</number><number>0.0</number><number>0.0</number></field><field name='signagedecorstaxamount'><number>0.0</number><number>0.0</number><number>0.0</number><number>0.0</number><number>0.0</number><number>0.0</number><number>0.0</number><number>0.0</number><number>0.0</number></field><field name='signagedecorscomments'><string></string><string></string><string></string><string></string><string></string><string></string><string></string><string></string><string></string></field><field name='flightscomments'><string></string><string></string><string></string><string></string><string></string><string></string><string></string><string></string><string></string></field><field name='budgetid'><string>1404FA77-BB0F-4ACA-BD08CF12746395FC</string><string>79B59855-1A28-43E5-83C26BB2769E2A4D</string><string>907F808C-62F6-469B-90541F7EF61E14D1</string><string>94A3C27E-8A58-49B2-AA0AAC7D6AC32DC2</string><string>B86568B8-DC98-4F5F-8EC922F664DDEE3E</string><string>C6468FD6-715C-495A-BEEDD94B3B9E3C5E</string><string>CCD62BB7-4115-4597-B200C02D895998EE</string><string>EF2E3E55-5C62-40EB-A5BC57351D753740</string><string>F64F621A-35E8-4072-81EB473F04FF3116</string></field><field name='groundtransportsgrandtotal'><number>0.0</number><number>0.0</number><number>100.0</number><number>0.0</number><number>0.0</number><number>0.0</number><number>0.0</number><number>0.0</number><number>0.0</number></field><field name='miscstax'><number>0.0</number><number>0.0</number><number>0.0</number><number>0.0</number><number>0.0</number><number>0.0</number><number>0.0</number><number>0.0</number><number>0.0</number></field><field name='hasaudiovisual'><number>0.0</number><number>0.0</number><number>1.0</number><number>1.0</number><number>1.0</number><number>0.0</number><number>0.0</number><number>0.0</number><number>0.0</number></field><field name='foodbevscomments'><string></string><string></string><string></string><string></string><string></string><string></string><string></string><string></string><string></string></field><field name='avstaxamount'><number>0.0</number><number>0.0</number><number>0.0</number><number>0.0</number><number>0.0</number><number>0.0</number><number>0.0</number><number>0.0</number><number>0.0</number></field><field name='foodbevssubtotal'><number>0.0</number><number>0.0</number><number>2000.0</number><number>0.0</number><number>0.0</number><number>1001.760009765625</number><number>0.0</number><number>0.0</number><number>0.0</number></field><field name='dailydelegatesservicechargeamount'><number>0.0</number><number>0.0</number><number>0.0</number><number>0.0</number><number>0.0</number><number>0.0</number><number>0.0</number><number>0.0</number><number>0.0</number></field><field name='meetingspacestax'><number>0.0</number><number>10.0</number><number>8.0</number><number>0.0</number><number>0.0</number><number>0.0</number><number>0.0</number><number>0.0</number><number>0.0</number></field><field name='meetingspacescomments'><string></string><string></string><string></string><string></string><string></string><string></string><string></string><string></string><string></string></field><field name='securityscomments'><string></string><string></string><string></string><string></string><string></string><string></string><string></string><string></string><string></string></field><field name='hasgiveaways'><number>0.0</number><number>0.0</number><number>1.0</number><number>0.0</number><number>0.0</number><number>0.0</number><number>0.0</number><number>0.0</number><number>0.0</number></field><field name='giveawayssubtotal'><number>0.0</number><number>0.0</number><number>100.0</number><number>0.0</number><number>0.0</number><number>0.0</number><number>0.0</number><number>0.0</number><number>0.0</number></field><field name='accommodationstax'><number>0.0</number><number>0.0</number><number>0.0</number><number>0.0</number><number>0.0</number><number>0.0</number><number>0.0</number><number>0.0</number><number>0.0</number></field><field name='meetingspacessubtotal'><number>0.0</number><number>800.0</number><number>900.0</number><number>0.0</number><number>0.0</number><number>0.0</number><number>3000.0</number><number>0.0</number><number>100.0</number></field><field name='groundtransportssubtotal'><number>0.0</number><number>0.0</number><number>100.0</number><number>0.0</number><number>0.0</number><number>0.0</number><number>0.0</number><number>0.0</number><number>0.0</number></field><field name='miscsgrandtotal'><number>0.0</number><number>0.0</number><number>1000.0</number><number>0.0</number><number>0.0</number><number>0.0</number><number>0.0</number><number>0.0</number><number>0.0</number></field><field name='accommodationscomments'><string></string><string></string><string></string><string></string><string></string><string></string><string></string><string></string><string></string></field><field name='meetingspacesservicecharge'><number>0.0</number><number>20.0</number><number>10.0</number><number>0.0</number><number>0.0</number><number>0.0</number><number>0.0</number><number>0.0</number><number>0.0</number></field><field name='groundtransportstax'><number>0.0</number><number>0.0</number><number>0.0</number><number>0.0</number><number>0.0</number><number>0.0</number><number>0.0</number><number>0.0</number><number>0.0</number></field><field name='accommodationsservicecharge'><number>0.0</number><number>0.0</number><number>0.0</number><number>0.0</number><number>0.0</number><number>0.0</number><number>0.0</number><number>0.0</number><number>0.0</number></field><field name='giveawaystax'><number>0.0</number><number>0.0</number><number>0.0</number><number>0.0</number><number>0.0</number><number>0.0</number><number>0.0</number><number>0.0</number><number>0.0</number></field><field name='avscomments'><string></string><string></string><string></string><string></string><string></string><string></string><string></string><string></string><string></string></field><field name='foodbevsgrandtotal'><number>0.0</number><number>0.0</number><number>2000.0</number><number>0.0</number><number>0.0</number><number>1001.760009765625</number><number>0.0</number><number>0.0</number><number>0.0</number></field><field name='giveawaysgrandtotal'><number>0.0</number><number>0.0</number><number>100.0</number><number>0.0</number><number>0.0</number><number>0.0</number><number>0.0</number><number>0.0</number><number>0.0</number></field><field name='dailydelegatessubtotal'><number>0.0</number><number>0.0</number><number>800.0</number><number>0.0</number><number>0.0</number><number>0.0</number><number>0.0</number><number>0.0</number><number>0.0</number></field><field name='hasdailydelegaterate'><number>0.0</number><number>0.0</number><number>1.0</number><number>0.0</number><number>0.0</number><number>0.0</number><number>0.0</number><number>0.0</number><number>0.0</number></field><field name='accommodationssubtotal'><number>0.0</number><number>0.0</number><number>394.20001220703125</number><number>0.0</number><number>0.0</number><number>0.0</number><number>0.0</number><number>0.0</number><number>0.0</number></field><field name='meetingspacesservicechargeamount'><number>0.0</number><number>160.0</number><number>90.0</number><number>0.0</number><number>0.0</number><number>0.0</number><number>0.0</number><number>0.0</number><number>0.0</number></field><field name='signagedecorssubtotal'><number>0.0</number><number>0.0</number><number>100.0</number><number>0.0</number><number>0.0</number><number>0.0</number><number>0.0</number><number>0.0</number><number>0.0</number></field><field name='foodbevsservicechargeamount'><number>0.0</number><number>0.0</number><number>0.0</number><number>0.0</number><number>0.0</number><number>0.0</number><number>0.0</number><number>0.0</number><number>0.0</number></field><field name='hassignage'><number>0.0</number><number>0.0</number><number>1.0</number><number>0.0</number><number>0.0</number><number>0.0</number><number>0.0</number><number>0.0</number><number>0.0</number></field><field name='dailydelegatestax'><number>0.0</number><number>0.0</number><number>0.0</number><number>0.0</number><number>0.0</number><number>0.0</number><number>0.0</number><number>0.0</number><number>0.0</number></field><field name='hassecurity'><number>0.0</number><number>0.0</number><number>1.0</number><number>0.0</number><number>0.0</number><number>0.0</number><number>0.0</number><number>0.0</number><number>0.0</number></field><field name='teambuildingscomments'><string></string><string></string><string></string><string></string><string></string><string></string><string></string><string></string><string></string></field><field name='employeeid'><string>DC085543-7B29-4CFC-9C9649ADFBAE9138</string><string>DC085543-7B29-4CFC-9C9649ADFBAE9138</string><string>DC085543-7B29-4CFC-9C9649ADFBAE9138</string><string>800A1DDF-B8CE-4186-B93856CE24938E1C</string><string>DC085543-7B29-4CFC-9C9649ADFBAE9138</string><string>DC085543-7B29-4CFC-9C9649ADFBAE9138</string><string>DC085543-7B29-4CFC-9C9649ADFBAE9138</string><string>DC085543-7B29-4CFC-9C9649ADFBAE9138</string><string>DC085543-7B29-4CFC-9C9649ADFBAE9138</string></field><field name='securitystaxamount'><number>0.0</number><number>0.0</number><number>0.0</number><number>0.0</number><number>0.0</number><number>0.0</number><number>0.0</number><number>0.0</number><number>0.0</number></field><field name='accommodationstaxamount'><number>0.0</number><number>0.0</number><number>0.0</number><number>0.0</number><number>0.0</number><number>0.0</number><number>0.0</number><number>0.0</number><number>0.0</number></field><field name='meetingspacestaxamount'><number>0.0</number><number>80.0</number><number>72.0</number><number>0.0</number><number>0.0</number><number>0.0</number><number>0.0</number><number>0.0</number><number>0.0</number></field><field name='groundtransportstaxamount'><number>0.0</number><number>0.0</number><number>0.0</number><number>0.0</number><number>0.0</number><number>0.0</number><number>0.0</number><number>0.0</number><number>0.0</number></field><field name='accommodationsgrandtotal'><number>0.0</number><number>0.0</number><number>394.20001220703125</number><number>0.0</number><number>0.0</number><number>0.0</number><number>0.0</number><number>0.0</number><number>0.0</number></field><field name='accommodationsservicechargeamount'><number>0.0</number><number>0.0</number><number>0.0</number><number>0.0</number><number>0.0</number><number>0.0</number><number>0.0</number><number>0.0</number><number>0.0</number></field><field name='budgetdepartmentno'><string>0100</string><string></string><string>0100</string><string></string><string>0102</string><string>0202</string><string>888</string><string></string><string></string></field><field name='budgetdivision'><string>0010</string><string></string><string>0010</string><string></string><string>0012</string><string>0101</string><string>555</string><string></string><string></string></field><field name='meetingid'><string></string><string></string><string>79128771-14EA-422C-99E2349FDE4F956C</string><string></string><string></string><string>79128771-14EA-422C-99E2349FDE4F956C</string><string>22F5A742-6A05-4C59-886D675D4459ACB3</string><string>79128771-14EA-422C-99E2349FDE4F956C</string><string>79128771-14EA-422C-99E2349FDE4F956C</string></field><field name='isprimarybudget'><number>0.0</number><number>0.0</number><number>0.0</number><number>0.0</number><number>0.0</number><number>1.0</number><number>1.0</number><number>0.0</number><number>0.0</number></field></recordset></data></wddxPacket>
