<wddxPacket version='1.0'><header/><data><recordset rowCount='17' fieldNames='budgetid,teambuildingsubtotal,teambuildingrate,teambuildingdesc,teambuildingid,teambuildingqty' type='coldfusion.sql.QueryTable'><field name='budgetid'><string>564B2246-66E1-421E-B5596055FF28AE4A</string><string>F64F621A-35E8-4072-81EB473F04FF3116</string><string>B86568B8-DC98-4F5F-8EC922F664DDEE3E</string><string>1404FA77-BB0F-4ACA-BD08CF12746395FC</string><string>0A0DE795-6E65-4010-82F8B08389893A9B</string><string>704D624E-C669-4891-B3E4CB0C8CC6975C</string><string>32590F3F-2115-44B8-B3D1543E9F34E89F</string><string>C418AB14-4BBD-41F7-905C80987885C402</string><string>986E6048-0E1A-4FEC-9E69ADFE0DAA85E0</string><string>907F808C-62F6-469B-90541F7EF61E14D1</string><string>76C6F9B4-F87D-42C3-ADBC2705E2F30FA6</string><string>445603DD-D95C-4DD4-AD1AF41A0B3589CA</string><string>79B59855-1A28-43E5-83C26BB2769E2A4D</string><string>C6468FD6-715C-495A-BEEDD94B3B9E3C5E</string><string>CCD62BB7-4115-4597-B200C02D895998EE</string><string>A573AC2E-5D02-4DBF-8E89516FBA922201</string><string>3FDC693A-1E81-44E4-8A4E23187312BF46</string></field><field name='teambuildingsubtotal'><number>0.0</number><number>0.0</number><number>0.0</number><number>0.0</number><number>0.0</number><number>0.0</number><number>0.0</number><number>0.0</number><number>0.0</number><number>500.0</number><number>0.0</number><number>0.0</number><number>0.0</number><number>0.0</number><number>0.0</number><number>0.0</number><number>0.0</number></field><field name='teambuildingrate'><number>0.0</number><number>0.0</number><number>0.0</number><number>0.0</number><number>0.0</number><string></string><number>0.0</number><number>0.0</number><number>0.0</number><number>125.0</number><string></string><string></string><number>0.0</number><number>0.0</number><number>0.0</number><number>0.0</number><number>0.0</number></field><field name='teambuildingdesc'><string></string><string></string><string></string><string></string><string></string><string></string><string></string><string></string><string></string><string>Golf</string><string></string><string></string><string></string><string></string><string></string><string></string><string></string></field><field name='teambuildingid'><string>0CAD3E04-1C71-47C1-A2DC31AB97554BC7</string><string>1E057D7E-7619-44D7-B8BE1BE80F907EE3</string><string>1E5E2B43-F82C-47A2-990BD5567C2F9587</string><string>28B18537-8C76-46D2-BD3FCC6DAEF67FE3</string><string>3A4B9C7A-424B-4DDF-8AEEA35FF06981E2</string><string>4682B6BF-E3B1-4480-AB9EEE54AE4A0158</string><string>4FE7476E-1CE2-49C3-AA39ED657B8537ED</string><string>5101E72C-7B8E-4AAA-93C37CC9178E64E0</string><string>7FBCC0ED-3CA1-419D-878571A8CAE0D640</string><string>91B1C3FE-323A-4A26-A14ABBA84875E27D</string><string>B9EC596A-A875-4AB7-B866790135B4CE46</string><string>BE2BF122-0CF2-4F0C-BE39C10400F9B55B</string><string>C7F0B618-B42A-44DC-81CA99395E9B8A2B</string><string>D1697304-A828-42E7-8F74FBD95AD20EC1</string><string>E0972C13-2A08-417F-B5978F3FE5FB9C8F</string><string>E7F11591-950D-4EB7-8A2EFAB40A550B14</string><string>F556BB5A-C225-468C-8D2A3CBAF6B28202</string></field><field name='teambuildingqty'><number>0.0</number><number>0.0</number><number>0.0</number><number>0.0</number><string></string><string></string><number>0.0</number><number>0.0</number><number>0.0</number><number>4.0</number><string></string><string></string><number>0.0</number><number>0.0</number><number>0.0</number><number>0.0</number><number>0.0</number></field></recordset></data></wddxPacket>
