<wddxPacket version='1.0'><header/><data><recordset rowCount='3' fieldNames='requiresgroundtransportation,preferredvenue1,breakoutsessionnotes,generalsessionwirelessinternet,haslunch,meetingpurpose,foodbevpersoncount,hasbreakfast,meetingenddate,breakoutsessionscreen,breakoutsessionstartdate,requiresgroupairtravel,meetingcountry,lastmodifiedby,sponsoringregion,reasonother,breakoutsessionwirelessinternet,breakoutsessionadditionalsecurity,retailassistant,breakoutsessionrearscreenprojection,breakoutsessionwiredinternet,haspmbreak,breakoutsessionpowerstrips,approvernamefirst,generalsessionroomrekey,financeanalystid,breakoutsessionflipchart,generalsessionadditionalsecurity,hotelnotes,departmentno,employeenamelast,breakoutsessionenddate,employeephone,generalsessionpowerstrips,breakoutsessiongroupsize,daterequested,hasonlineregistration,datemodified,meetinggeneralcomments,approverid,surveyurl,requiresmeetingspace,generalsessionroomsetup,methodofpayment,meetingbudgetamount,managername,employeenamefirst,haspreferredvenues,isnonemployeeairfarepaidbyapple,preferredvenue2,generalsessionflipchart,generalsessionadditionalpower,approvercomments,foodbevnotes,meetingstate,projectno,breakoutsessionlcdprojector,employeeemail,generalsessionstartdate,budgetid,surveysentto,hotelsuitecount,contactnamefirst,breakoutsessionroomsetup,datecreated,meetingbudgetnotes,attendeetype,approvernamelast,meetingstatus,isinviteofficials,reasonnotoncampusorstore,requireshotel,hasambreak,generalsessionrearscreenprojection,retailapprover,sponsoringdivision,singleoccupancycount,hasdinner,dateonlineregistrationstart,contactemail,hasoffsiteevent,breakoutsessionadditionalpower,approveremail,divisionno,datedecisioned,estimatedemployeecount,preferredvenue3,travelercount,meetingstartdate,generalsessionlcdprojector,meetingid,departmentname,datesurveysent,generalsessionscreen,manageremail,generalsessionenddate,generalsessionavneeds,generalsessiongroupsize,generalsessionnotes,meetingname,surveyemailtext,maincurrency,breakoutsessionroomrekey,estimatednonemployeecount,sponsoringdepartmentno,isprovidinggiveaways,contactnamelast,hasreception,hasgeneralsession,generalsessionmicrophone,doubleoccupancycount,hasbreakoutsession,employeeid,meetingcity,generalsessionwiredinternet,breakoutsessionmicrophone,starcitemeetingid,isretailemployee,offsiteeventdesc,meetingbudgettype,isprovidingvalue,breakoutsessionavneeds,ismaincontact,declinereason' type='coldfusion.sql.QueryTable'><field name='requiresgroundtransportation'><number>0.0</number><number>0.0</number><number>0.0</number></field><field name='preferredvenue1'><string></string><string></string><string></string></field><field name='breakoutsessionnotes'><string></string><string></string><string></string></field><field name='generalsessionwirelessinternet'><number>0.0</number><number>0.0</number><number>0.0</number></field><field name='haslunch'><number>0.0</number><number>0.0</number><number>0.0</number></field><field name='meetingpurpose'><string>afdasdf</string><string>What?</string><string>asdfs</string></field><field name='foodbevpersoncount'><number>0.0</number><number>0.0</number><number>0.0</number></field><field name='hasbreakfast'><number>0.0</number><number>0.0</number><number>0.0</number></field><field name='meetingenddate'><dateTime>2016-6-1T5:0:0+0:0</dateTime><dateTime>2016-6-1T5:0:0+0:0</dateTime><dateTime>2016-7-6T5:0:0+0:0</dateTime></field><field name='breakoutsessionscreen'><number>0.0</number><number>0.0</number><number>0.0</number></field><field name='breakoutsessionstartdate'><string></string><string></string><string></string></field><field name='requiresgroupairtravel'><number>0.0</number><number>0.0</number><number>0.0</number></field><field name='meetingcountry'><string>US</string><string>US</string><string>US</string></field><field name='lastmodifiedby'><string>DC085543-7B29-4CFC-9C9649ADFBAE9138</string><string>DC085543-7B29-4CFC-9C9649ADFBAE9138</string><string>DC085543-7B29-4CFC-9C9649ADFBAE9138</string></field><field name='sponsoringregion'><string>AMR</string><string>AMR</string><string>AMR</string></field><field name='reasonother'><string></string><string></string><string></string></field><field name='breakoutsessionwirelessinternet'><number>0.0</number><number>0.0</number><number>0.0</number></field><field name='breakoutsessionadditionalsecurity'><number>0.0</number><number>0.0</number><number>0.0</number></field><field name='retailassistant'><string></string><string>ataifi@apple.com</string><string>ataifi@apple.com</string></field><field name='breakoutsessionrearscreenprojection'><number>0.0</number><number>0.0</number><number>0.0</number></field><field name='breakoutsessionwiredinternet'><number>0.0</number><number>0.0</number><number>0.0</number></field><field name='haspmbreak'><number>0.0</number><number>0.0</number><number>0.0</number></field><field name='breakoutsessionpowerstrips'><number>0.0</number><number>0.0</number><number>0.0</number></field><field name='approvernamefirst'><string></string><string>App</string><string>App</string></field><field name='generalsessionroomrekey'><number>0.0</number><number>0.0</number><number>0.0</number></field><field name='financeanalystid'><string></string><string></string><string></string></field><field name='breakoutsessionflipchart'><number>0.0</number><number>0.0</number><number>0.0</number></field><field name='generalsessionadditionalsecurity'><number>0.0</number><number>0.0</number><number>0.0</number></field><field name='hotelnotes'><string></string><string></string><string></string></field><field name='departmentno'><string>0100</string><string>0100</string><string>0102</string></field><field name='employeenamelast'><string>Withington</string><string>Withington</string><string>Withington</string></field><field name='breakoutsessionenddate'><string></string><string></string><string></string></field><field name='employeephone'><string>8885551212</string><string>888.555.1212</string><string>8005551212</string></field><field name='generalsessionpowerstrips'><number>0.0</number><number>0.0</number><number>0.0</number></field><field name='breakoutsessiongroupsize'><number>0.0</number><number>0.0</number><number>0.0</number></field><field name='daterequested'><string></string><dateTime>2016-4-15T22:55:49+0:0</dateTime><dateTime>2016-4-7T16:50:50+0:0</dateTime></field><field name='hasonlineregistration'><number>0.0</number><number>0.0</number><number>0.0</number></field><field name='datemodified'><dateTime>2016-4-19T18:52:0+0:0</dateTime><dateTime>2016-4-15T22:55:49+0:0</dateTime><dateTime>2016-4-18T17:51:29+0:0</dateTime></field><field name='meetinggeneralcomments'><string></string><string></string><string></string></field><field name='approverid'><string></string><string>C304E1CA-AD83-49FC-B2C1C0DD47BE6BC8</string><string>C304E1CA-AD83-49FC-B2C1C0DD47BE6BC8</string></field><field name='surveyurl'><string></string><string></string><string></string></field><field name='requiresmeetingspace'><number>1.0</number><number>1.0</number><number>1.0</number></field><field name='generalsessionroomsetup'><string></string><string></string><string></string></field><field name='methodofpayment'><number>0.0</number><number>0.0</number><number>0.0</number></field><field name='meetingbudgetamount'><number>4382.169921875</number><number>2313.669921875</number><number>8243.75</number></field><field name='managername'><string>afdasfd</string><string>Ryan Thompson</string><string>asdfasf</string></field><field name='employeenamefirst'><string>Steve</string><string>Steve</string><string>Steve</string></field><field name='haspreferredvenues'><number>0.0</number><number>0.0</number><number>0.0</number></field><field name='isnonemployeeairfarepaidbyapple'><number>0.0</number><number>0.0</number><number>0.0</number></field><field name='preferredvenue2'><string></string><string></string><string></string></field><field name='generalsessionflipchart'><number>0.0</number><number>0.0</number><number>0.0</number></field><field name='generalsessionadditionalpower'><number>0.0</number><number>0.0</number><number>0.0</number></field><field name='approvercomments'><string></string><string>because</string><string></string></field><field name='foodbevnotes'><string></string><string></string><string></string></field><field name='meetingstate'><string>IL</string><string>CA</string><string>IL</string></field><field name='projectno'><string>23452345</string><string>Something Else</string><string>RTL041xxxx</string></field><field name='breakoutsessionlcdprojector'><number>0.0</number><number>0.0</number><number>0.0</number></field><field name='employeeemail'><string>steve@blueriver.com</string><string>steve@blueriver.com</string><string>steve@blueriver.com</string></field><field name='generalsessionstartdate'><string></string><string></string><string></string></field><field name='budgetid'><string></string><string></string><string></string></field><field name='surveysentto'><string></string><string></string><string></string></field><field name='hotelsuitecount'><number>0.0</number><number>0.0</number><number>0.0</number></field><field name='contactnamefirst'><string></string><string>Steve</string><string></string></field><field name='breakoutsessionroomsetup'><string></string><string></string><string></string></field><field name='datecreated'><dateTime>2016-3-10T22:25:3+0:0</dateTime><dateTime>2016-3-9T22:54:56+0:0</dateTime><dateTime>2016-3-10T15:42:53+0:0</dateTime></field><field name='meetingbudgetnotes'><string></string><string></string><string>asdf</string></field><field name='attendeetype'><string>Employees</string><string>Employees</string><string>Employees</string></field><field name='approvernamelast'><string></string><string>Approver</string><string>Approver</string></field><field name='meetingstatus'><string>Draft</string><string>Pending Approval</string><string>Draft</string></field><field name='isinviteofficials'><number>0.0</number><number>0.0</number><number>0.0</number></field><field name='reasonnotoncampusorstore'><string>Space is not available over dates and times required</string><string>Space is not available over dates and times required</string><string>Space is not available over dates and times required</string></field><field name='requireshotel'><number>0.0</number><number>0.0</number><number>0.0</number></field><field name='hasambreak'><number>0.0</number><number>0.0</number><number>0.0</number></field><field name='generalsessionrearscreenprojection'><number>0.0</number><number>0.0</number><number>0.0</number></field><field name='retailapprover'><string></string><string></string><string></string></field><field name='sponsoringdivision'><string></string><string></string><string></string></field><field name='singleoccupancycount'><number>0.0</number><number>0.0</number><number>0.0</number></field><field name='hasdinner'><number>0.0</number><number>0.0</number><number>0.0</number></field><field name='dateonlineregistrationstart'><string></string><string></string><string></string></field><field name='contactemail'><string></string><string>steve@blueriver.com</string><string></string></field><field name='hasoffsiteevent'><number>0.0</number><number>0.0</number><number>0.0</number></field><field name='breakoutsessionadditionalpower'><number>0.0</number><number>0.0</number><number>0.0</number></field><field name='approveremail'><string></string><string>appapprover@blueriver.com</string><string>appapprover@blueriver.com</string></field><field name='divisionno'><string>0010</string><string>0010</string><string>0012</string></field><field name='datedecisioned'><string></string><dateTime>2016-4-11T18:18:7+0:0</dateTime><string></string></field><field name='estimatedemployeecount'><number>100.0</number><number>1.0</number><number>100.0</number></field><field name='preferredvenue3'><string></string><string></string><string></string></field><field name='travelercount'><number>0.0</number><number>0.0</number><number>0.0</number></field><field name='meetingstartdate'><dateTime>2016-6-1T5:0:0+0:0</dateTime><dateTime>2016-6-1T5:0:0+0:0</dateTime><dateTime>2016-7-6T5:0:0+0:0</dateTime></field><field name='generalsessionlcdprojector'><number>0.0</number><number>0.0</number><number>0.0</number></field><field name='meetingid'><string>22F5A742-6A05-4C59-886D675D4459ACB3</string><string>55254CEB-28DA-4430-96F2DBBD5861700A</string><string>79128771-14EA-422C-99E2349FDE4F956C</string></field><field name='departmentname'><string>asdfasdf</string><string>Marketing</string><string>asdf</string></field><field name='datesurveysent'><string></string><string></string><string></string></field><field name='generalsessionscreen'><number>0.0</number><number>0.0</number><number>0.0</number></field><field name='manageremail'><string>asdf@asdf.com</string><string>ryan@blueriver.com</string><string>asdf@asdf.com</string></field><field name='generalsessionenddate'><string></string><string></string><string></string></field><field name='generalsessionavneeds'><string></string><string></string><string></string></field><field name='generalsessiongroupsize'><number>0.0</number><number>0.0</number><number>0.0</number></field><field name='generalsessionnotes'><string></string><string></string><string></string></field><field name='meetingname'><string>MuraCon</string><string>Another Meeting</string><string>Big Meeting</string></field><field name='surveyemailtext'><string></string><string></string><string></string></field><field name='maincurrency'><string>USD</string><string>GBP</string><string>USD</string></field><field name='breakoutsessionroomrekey'><number>0.0</number><number>0.0</number><number>0.0</number></field><field name='estimatednonemployeecount'><number>0.0</number><number>0.0</number><number>0.0</number></field><field name='sponsoringdepartmentno'><string></string><string></string><string></string></field><field name='isprovidinggiveaways'><number>0.0</number><number>0.0</number><number>0.0</number></field><field name='contactnamelast'><string></string><string>Withington</string><string></string></field><field name='hasreception'><number>0.0</number><number>0.0</number><number>0.0</number></field><field name='hasgeneralsession'><number>0.0</number><number>0.0</number><number>0.0</number></field><field name='generalsessionmicrophone'><number>0.0</number><number>0.0</number><number>0.0</number></field><field name='doubleoccupancycount'><number>0.0</number><number>0.0</number><number>0.0</number></field><field name='hasbreakoutsession'><number>0.0</number><number>0.0</number><number>0.0</number></field><field name='employeeid'><string>DC085543-7B29-4CFC-9C9649ADFBAE9138</string><string>DC085543-7B29-4CFC-9C9649ADFBAE9138</string><string>DC085543-7B29-4CFC-9C9649ADFBAE9138</string></field><field name='meetingcity'><string>asdfa</string><string>Sacramento</string><string>Chicago</string></field><field name='generalsessionwiredinternet'><number>0.0</number><number>0.0</number><number>0.0</number></field><field name='breakoutsessionmicrophone'><number>0.0</number><number>0.0</number><number>0.0</number></field><field name='starcitemeetingid'><string></string><string></string><string></string></field><field name='isretailemployee'><number>0.0</number><number>1.0</number><number>1.0</number></field><field name='offsiteeventdesc'><string></string><string></string><string></string></field><field name='meetingbudgettype'><number>1.0</number><number>0.0</number><number>1.0</number></field><field name='isprovidingvalue'><number>0.0</number><number>0.0</number><number>0.0</number></field><field name='breakoutsessionavneeds'><string></string><string></string><string></string></field><field name='ismaincontact'><number>1.0</number><number>0.0</number><number>1.0</number></field><field name='declinereason'><string></string><string>Decline reason 3</string><string></string></field></recordset></data></wddxPacket>
