<wddxPacket version='1.0'><header/><data><recordset rowCount='17' fieldNames='budgetid,securitysubtotal,securitydays,securitydesc,securityid,securityrate,securityqty' type='coldfusion.sql.QueryTable'><field name='budgetid'><string>79B59855-1A28-43E5-83C26BB2769E2A4D</string><string>564B2246-66E1-421E-B5596055FF28AE4A</string><string>76C6F9B4-F87D-42C3-ADBC2705E2F30FA6</string><string>0A0DE795-6E65-4010-82F8B08389893A9B</string><string>704D624E-C669-4891-B3E4CB0C8CC6975C</string><string>CCD62BB7-4115-4597-B200C02D895998EE</string><string>C6468FD6-715C-495A-BEEDD94B3B9E3C5E</string><string>B86568B8-DC98-4F5F-8EC922F664DDEE3E</string><string>C418AB14-4BBD-41F7-905C80987885C402</string><string>445603DD-D95C-4DD4-AD1AF41A0B3589CA</string><string>3FDC693A-1E81-44E4-8A4E23187312BF46</string><string>32590F3F-2115-44B8-B3D1543E9F34E89F</string><string>907F808C-62F6-469B-90541F7EF61E14D1</string><string>A573AC2E-5D02-4DBF-8E89516FBA922201</string><string>F64F621A-35E8-4072-81EB473F04FF3116</string><string>986E6048-0E1A-4FEC-9E69ADFE0DAA85E0</string><string>1404FA77-BB0F-4ACA-BD08CF12746395FC</string></field><field name='securitysubtotal'><number>0.0</number><number>0.0</number><number>0.0</number><number>0.0</number><number>0.0</number><number>0.0</number><number>0.0</number><number>0.0</number><number>0.0</number><number>0.0</number><number>0.0</number><number>0.0</number><number>100.0</number><number>0.0</number><number>0.0</number><number>0.0</number><number>0.0</number></field><field name='securitydays'><number>0.0</number><number>0.0</number><string></string><string></string><string></string><number>0.0</number><number>0.0</number><number>0.0</number><number>0.0</number><string></string><number>0.0</number><number>0.0</number><number>1.0</number><number>0.0</number><number>0.0</number><number>0.0</number><number>0.0</number></field><field name='securitydesc'><string></string><string></string><string></string><string></string><string></string><string></string><string></string><string></string><string></string><string></string><string></string><string></string><string>Onsite Staff</string><string></string><string></string><string></string><string></string></field><field name='securityid'><string>01053732-2FA3-4321-B1E64C403E229A45</string><string>1A08BB8A-415A-401F-A5927045A28EF08D</string><string>1F8B23BD-80AA-4A54-94AE770765C21443</string><string>55573CB3-9788-4EA4-9C9D745603763FBD</string><string>575C9AE5-5D15-43E2-824F7DA0D12089FD</string><string>61741A6E-D91C-44DA-825C3A5F113FBD90</string><string>6CF4AA6D-8E1B-4095-A4210CE98DA5FE4B</string><string>749D553F-B2E7-4989-8A49AA8051C8B79A</string><string>879F50B9-6AEC-4152-960539EA03DCA2F4</string><string>93A2B656-FB5E-416E-8F2D0FEA1D78F291</string><string>AFE90A9E-6EDC-46AC-856AF1899A160EFB</string><string>B3135296-7AB6-417F-BF690A1698F1F306</string><string>BB319151-AE98-45CF-86FFDB0B70058133</string><string>C0DD243D-8A24-46BB-AF5717F6992B15A8</string><string>D283E0CC-7740-4425-B28128CCD5A8F53C</string><string>E6DEFA34-1D42-4500-A271A1353BD8783D</string><string>FB2D23EB-E85A-46FA-99D32E736014241F</string></field><field name='securityrate'><number>0.0</number><number>0.0</number><string></string><number>0.0</number><string></string><number>0.0</number><number>0.0</number><number>0.0</number><number>0.0</number><string></string><number>0.0</number><number>0.0</number><number>100.0</number><number>0.0</number><number>0.0</number><number>0.0</number><number>0.0</number></field><field name='securityqty'><number>0.0</number><number>0.0</number><string></string><string></string><string></string><number>0.0</number><number>0.0</number><number>0.0</number><number>0.0</number><string></string><number>0.0</number><number>0.0</number><number>1.0</number><number>0.0</number><number>0.0</number><number>0.0</number><number>0.0</number></field></recordset></data></wddxPacket>
