<wddxPacket version='1.0'><header/><data><recordset rowCount='17' fieldNames='miscid,miscsubtotal,budgetid,miscdesc,miscqty,miscrate,miscdays' type='coldfusion.sql.QueryTable'><field name='miscid'><string>0BD98E3A-7BED-4BF0-A7F1A61AE00E5841</string><string>0CA0CE2C-3E00-42D9-ADD740EB4E437059</string><string>1B3BCD94-143D-40C9-AA1066778F6A9883</string><string>2C917639-2E25-4DA8-8589BC1C9983D3A4</string><string>32CF43AC-FFB8-4011-A58385A0CD65752D</string><string>5CD72008-992C-4BDF-92590F34DE477339</string><string>5D8AE45A-DDFE-4E42-A83828ED2B4941BD</string><string>6C66F52D-ECFA-4A29-BCC4FBB93AEBDE4A</string><string>78AEEDF2-EB76-4DAC-B07CDA4669A345A7</string><string>8366934E-F539-4548-AC3E1F47AC12B497</string><string>872270AD-BF0C-4F54-9571E655DA542833</string><string>8A496A06-A467-4C30-A816326B47FABAAE</string><string>985840C6-9AFF-4990-AE3BD13E27D3BCAC</string><string>D4E867F7-58FA-448D-B8713CB02B3DBB95</string><string>E333F6EB-F8FB-4130-8C15C68D675504E4</string><string>EC82F043-8F79-4FCC-8C3B0DC1837FA24C</string><string>FA4AFCEB-37D1-438B-B4E49F4A5597A071</string></field><field name='miscsubtotal'><number>0.0</number><number>0.0</number><number>0.0</number><number>0.0</number><number>0.0</number><number>1000.0</number><number>0.0</number><number>0.0</number><number>0.0</number><number>0.0</number><number>0.0</number><number>0.0</number><number>0.0</number><number>0.0</number><number>0.0</number><number>0.0</number><number>0.0</number></field><field name='budgetid'><string>CCD62BB7-4115-4597-B200C02D895998EE</string><string>564B2246-66E1-421E-B5596055FF28AE4A</string><string>B86568B8-DC98-4F5F-8EC922F664DDEE3E</string><string>704D624E-C669-4891-B3E4CB0C8CC6975C</string><string>F64F621A-35E8-4072-81EB473F04FF3116</string><string>907F808C-62F6-469B-90541F7EF61E14D1</string><string>986E6048-0E1A-4FEC-9E69ADFE0DAA85E0</string><string>445603DD-D95C-4DD4-AD1AF41A0B3589CA</string><string>C6468FD6-715C-495A-BEEDD94B3B9E3C5E</string><string>A573AC2E-5D02-4DBF-8E89516FBA922201</string><string>79B59855-1A28-43E5-83C26BB2769E2A4D</string><string>32590F3F-2115-44B8-B3D1543E9F34E89F</string><string>C418AB14-4BBD-41F7-905C80987885C402</string><string>0A0DE795-6E65-4010-82F8B08389893A9B</string><string>1404FA77-BB0F-4ACA-BD08CF12746395FC</string><string>76C6F9B4-F87D-42C3-ADBC2705E2F30FA6</string><string>3FDC693A-1E81-44E4-8A4E23187312BF46</string></field><field name='miscdesc'><string></string><string></string><string></string><string></string><string></string><string>Misc. Option 1</string><string></string><string></string><string></string><string></string><string></string><string></string><string></string><string></string><string></string><string></string><string></string></field><field name='miscqty'><number>0.0</number><number>0.0</number><number>0.0</number><string></string><number>0.0</number><number>1.0</number><number>0.0</number><string></string><number>0.0</number><number>0.0</number><number>0.0</number><number>0.0</number><number>0.0</number><string></string><number>0.0</number><string></string><number>0.0</number></field><field name='miscrate'><number>0.0</number><number>0.0</number><number>0.0</number><string></string><number>0.0</number><number>1000.0</number><number>0.0</number><string></string><number>0.0</number><number>0.0</number><number>0.0</number><number>0.0</number><number>0.0</number><number>0.0</number><number>0.0</number><string></string><number>0.0</number></field><field name='miscdays'><number>0.0</number><number>0.0</number><number>0.0</number><string></string><number>0.0</number><number>1.0</number><number>0.0</number><string></string><number>0.0</number><number>0.0</number><number>0.0</number><number>0.0</number><number>0.0</number><string></string><number>0.0</number><string></string><number>0.0</number></field></recordset></data></wddxPacket>
