<wddxPacket version='1.0'><header/><data><recordset rowCount='1' fieldNames='meetingid,serverfilename,serverfileext,timecreated,filesize,contenttype,contentsubtype,serverdirectory,serverfile,meetingattachmentid' type='coldfusion.sql.QueryTable'><field name='meetingid'><string>55254CEB-28DA-4430-96F2DBBD5861700A</string></field><field name='serverfilename'><string>2009 Madone 6.9 Pro - Bike Archive - Trek Bicycle</string></field><field name='serverfileext'><string>pdf</string></field><field name='timecreated'><dateTime>2016-4-15T22:55:43+0:0</dateTime></field><field name='filesize'><number>581339.0</number></field><field name='contenttype'><string>application</string></field><field name='contentsubtype'><string>pdf</string></field><field name='serverdirectory'><string>/Users/steve/webapps/lucee4/plugins/AppleMeetings/attachments</string></field><field name='serverfile'><string>2009 Madone 6.9 Pro - Bike Archive - Trek Bicycle.pdf</string></field><field name='meetingattachmentid'><string>2BB497DA-FD9E-493E-81050AF3242A66CC</string></field></recordset></data></wddxPacket>
