<wddxPacket version='1.0'><header/><data><recordset rowCount='9' fieldNames='contentHistID,categoryID,contentID,isFeature,orderno,siteID,featureStart,featureStop' type='coldfusion.sql.QueryTable'><field name='contentHistID'><string>201639C1-BB8F-42C9-BD231922F33F8053</string><string>201639C1-BB8F-42C9-BD231922F33F8053</string><string>201639C1-BB8F-42C9-BD231922F33F8053</string><string>4F18CBA0-FCCD-48BD-B424987BF6D81FB7</string><string>4F18CBA0-FCCD-48BD-B424987BF6D81FB7</string><string>4F18CBA0-FCCD-48BD-B424987BF6D81FB7</string><string>6A3068FA-46E1-41E5-B27D54BADC54FAFF</string><string>6A3068FA-46E1-41E5-B27D54BADC54FAFF</string><string>E3257E1B-15D9-4E41-AB0414A847A2E0AF</string></field><field name='categoryID'><string>84D4A89A-FAC2-4F11-A57D93908D83A470</string><string>9C2360A9-8C6F-4615-87AD6D1D03717A72</string><string>DD95FB98-C979-4F68-B596CFA5200408B2</string><string>0A8A67C0-E05F-4125-B9ED87817D6EC1C3</string><string>84D4A89A-FAC2-4F11-A57D93908D83A470</string><string>D769A03E-C38A-4EE6-A7292BE032E4EF0F</string><string>0A8A67C0-E05F-4125-B9ED87817D6EC1C3</string><string>9C2360A9-8C6F-4615-87AD6D1D03717A72</string><string>84D4A89A-FAC2-4F11-A57D93908D83A470</string></field><field name='contentID'><string>89E37306-2980-4E1E-809194E8A8D0B420</string><string>89E37306-2980-4E1E-809194E8A8D0B420</string><string>89E37306-2980-4E1E-809194E8A8D0B420</string><string>74B87D9F-79B9-40FD-B14AFDE328FAD1C5</string><string>74B87D9F-79B9-40FD-B14AFDE328FAD1C5</string><string>74B87D9F-79B9-40FD-B14AFDE328FAD1C5</string><string>C6BAA0E6-8001-4322-8CA01CF6CE9BEF37</string><string>C6BAA0E6-8001-4322-8CA01CF6CE9BEF37</string><string>0E9A8BF7-55A1-4ABA-A09473039D8B50C9</string></field><field name='isFeature'><number>0.0</number><number>0.0</number><number>0.0</number><number>0.0</number><number>0.0</number><number>0.0</number><number>0.0</number><number>0.0</number><number>1.0</number></field><field name='orderno'><number>0.0</number><number>0.0</number><number>0.0</number><number>0.0</number><number>0.0</number><number>0.0</number><number>0.0</number><number>0.0</number><number>0.0</number></field><field name='siteID'><string>default</string><string>default</string><string>default</string><string>default</string><string>default</string><string>default</string><string>default</string><string>default</string><string>default</string></field><field name='featureStart'><string></string><string></string><string></string><string></string><string></string><string></string><string></string><string></string><string></string></field><field name='featureStop'><string></string><string></string><string></string><string></string><string></string><string></string><string></string><string></string><string></string></field></recordset></data></wddxPacket>
