<wddxPacket version='1.0'><header/><data><recordset rowCount='10' fieldNames='categoryID,siteID,parentID,dateCreated,lastUpdate,lastUpdateBy,name,notes,isInterestGroup,isActive,isOpen,sortBy,sortDirection,restrictGroups,path,remoteID,remoteSourceURL,remotePubDate,urltitle,filename,isfeatureable' type='coldfusion.sql.QueryTable'><field name='categoryID'><string>0A8A67C0-E05F-4125-B9ED87817D6EC1C3</string><string>72220417-028A-4210-B3AED5A0011259FB</string><string>84D4A89A-FAC2-4F11-A57D93908D83A470</string><string>9C2360A9-8C6F-4615-87AD6D1D03717A72</string><string>C8853533-5F52-4F01-9DE0D31791BFAEFF</string><string>C9B77304-93EE-4038-AF75102B2D91B17C</string><string>D769A03E-C38A-4EE6-A7292BE032E4EF0F</string><string>D914AC00-D248-4DD6-99130103A66EC959</string><string>DD95FB98-C979-4F68-B596CFA5200408B2</string><string>F5EE0E11-5986-4BB4-BE202743420DBC5E</string></field><field name='siteID'><string>default</string><string>default</string><string>default</string><string>default</string><string>default</string><string>default</string><string>default</string><string>default</string><string>default</string><string>default</string></field><field name='parentID'><string>F5EE0E11-5986-4BB4-BE202743420DBC5E</string><string>F5EE0E11-5986-4BB4-BE202743420DBC5E</string><string>F5EE0E11-5986-4BB4-BE202743420DBC5E</string><string>F5EE0E11-5986-4BB4-BE202743420DBC5E</string><string>F5EE0E11-5986-4BB4-BE202743420DBC5E</string><string>F5EE0E11-5986-4BB4-BE202743420DBC5E</string><string>F5EE0E11-5986-4BB4-BE202743420DBC5E</string><string>F5EE0E11-5986-4BB4-BE202743420DBC5E</string><string>F5EE0E11-5986-4BB4-BE202743420DBC5E</string><string></string></field><field name='dateCreated'><dateTime>2012-11-27T16:10:19+0:0</dateTime><dateTime>2012-11-27T16:10:10+0:0</dateTime><dateTime>2012-11-27T16:13:3+0:0</dateTime><dateTime>2013-9-20T23:39:24+0:0</dateTime><dateTime>2012-11-27T19:36:20+0:0</dateTime><dateTime>2012-11-27T16:10:32+0:0</dateTime><dateTime>2012-11-27T16:9:49+0:0</dateTime><dateTime>2012-11-27T16:11:0+0:0</dateTime><dateTime>2012-11-27T16:12:39+0:0</dateTime><dateTime>2012-11-27T16:9:32+0:0</dateTime></field><field name='lastUpdate'><dateTime>2012-11-27T16:10:19+0:0</dateTime><dateTime>2012-11-27T16:10:10+0:0</dateTime><dateTime>2012-11-27T16:13:3+0:0</dateTime><dateTime>2013-9-20T23:39:24+0:0</dateTime><dateTime>2012-11-27T19:36:20+0:0</dateTime><dateTime>2012-11-27T16:10:32+0:0</dateTime><dateTime>2012-11-27T16:9:49+0:0</dateTime><dateTime>2012-11-27T16:11:0+0:0</dateTime><dateTime>2012-11-27T16:12:39+0:0</dateTime><dateTime>2012-11-27T16:9:32+0:0</dateTime></field><field name='lastUpdateBy'><string>Steve Withington</string><string>Steve Withington</string><string>Steve Withington</string><string>Steve Withington</string><string>Steve Withington</string><string>Steve Withington</string><string>Steve Withington</string><string>Steve Withington</string><string>Steve Withington</string><string>Steve Withington</string></field><field name='name'><string>Local News</string><string>Politics</string><string>Health &amp; Science</string><string>Weather</string><string>Technology</string><string>World News</string><string>Business</string><string>Arts &amp; Culture</string><string>Opinion</string><string>News Categories</string></field><field name='notes'><string></string><string></string><string></string><string></string><string></string><string></string><string></string><string></string><string></string><string></string></field><field name='isInterestGroup'><number>1.0</number><number>1.0</number><number>1.0</number><number>1.0</number><number>1.0</number><number>1.0</number><number>1.0</number><number>1.0</number><number>1.0</number><number>0.0</number></field><field name='isActive'><number>1.0</number><number>1.0</number><number>1.0</number><number>1.0</number><number>1.0</number><number>1.0</number><number>1.0</number><number>1.0</number><number>1.0</number><number>1.0</number></field><field name='isOpen'><number>1.0</number><number>1.0</number><number>1.0</number><number>1.0</number><number>1.0</number><number>1.0</number><number>1.0</number><number>1.0</number><number>1.0</number><number>0.0</number></field><field name='sortBy'><string>orderno</string><string>orderno</string><string>orderno</string><string>orderno</string><string>orderno</string><string>orderno</string><string>orderno</string><string>orderno</string><string>orderno</string><string>orderno</string></field><field name='sortDirection'><string>asc</string><string>asc</string><string>asc</string><string>asc</string><string>asc</string><string>asc</string><string>asc</string><string>asc</string><string>asc</string><string>asc</string></field><field name='restrictGroups'><string></string><string></string><string></string><string></string><string></string><string></string><string></string><string></string><string></string><string></string></field><field name='path'><string>F5EE0E11-5986-4BB4-BE202743420DBC5E,0A8A67C0-E05F-4125-B9ED87817D6EC1C3</string><string>F5EE0E11-5986-4BB4-BE202743420DBC5E,72220417-028A-4210-B3AED5A0011259FB</string><string>F5EE0E11-5986-4BB4-BE202743420DBC5E,84D4A89A-FAC2-4F11-A57D93908D83A470</string><string>F5EE0E11-5986-4BB4-BE202743420DBC5E,9C2360A9-8C6F-4615-87AD6D1D03717A72</string><string>F5EE0E11-5986-4BB4-BE202743420DBC5E,C8853533-5F52-4F01-9DE0D31791BFAEFF</string><string>F5EE0E11-5986-4BB4-BE202743420DBC5E,C9B77304-93EE-4038-AF75102B2D91B17C</string><string>F5EE0E11-5986-4BB4-BE202743420DBC5E,D769A03E-C38A-4EE6-A7292BE032E4EF0F</string><string>F5EE0E11-5986-4BB4-BE202743420DBC5E,D914AC00-D248-4DD6-99130103A66EC959</string><string>F5EE0E11-5986-4BB4-BE202743420DBC5E,DD95FB98-C979-4F68-B596CFA5200408B2</string><string>F5EE0E11-5986-4BB4-BE202743420DBC5E</string></field><field name='remoteID'><string></string><string></string><string></string><string></string><string></string><string></string><string></string><string></string><string></string><string></string></field><field name='remoteSourceURL'><string></string><string></string><string></string><string></string><string></string><string></string><string></string><string></string><string></string><string></string></field><field name='remotePubDate'><string></string><string></string><string></string><string></string><string></string><string></string><string></string><string></string><string></string><string></string></field><field name='urltitle'><string>local-news</string><string>politics</string><string>health-science</string><string>weather</string><string>technology</string><string>world-news</string><string>business</string><string>arts-culture</string><string>opinion</string><string>news-categories</string></field><field name='filename'><string>news-categories/local-news</string><string>news-categories/politics</string><string>news-categories/health-science</string><string>news-categories/weather</string><string>news-categories/technology</string><string>news-categories/world-news</string><string>news-categories/business</string><string>news-categories/arts-culture</string><string>news-categories/opinion</string><string>news-categories</string></field><field name='isfeatureable'><number>1.0</number><number>1.0</number><number>1.0</number><number>1.0</number><number>1.0</number><number>1.0</number><number>1.0</number><number>1.0</number><number>1.0</number><number>0.0</number></field></recordset></data></wddxPacket>
