<wddxPacket version='1.0'><header/><data><recordset rowCount='17' fieldNames='budgetid,avdays,avsubtotal,avid,avqty,avrate,avdesc' type='coldfusion.sql.QueryTable'><field name='budgetid'><string>B86568B8-DC98-4F5F-8EC922F664DDEE3E</string><string>704D624E-C669-4891-B3E4CB0C8CC6975C</string><string>CCD62BB7-4115-4597-B200C02D895998EE</string><string>32590F3F-2115-44B8-B3D1543E9F34E89F</string><string>A573AC2E-5D02-4DBF-8E89516FBA922201</string><string>907F808C-62F6-469B-90541F7EF61E14D1</string><string>986E6048-0E1A-4FEC-9E69ADFE0DAA85E0</string><string>C418AB14-4BBD-41F7-905C80987885C402</string><string>76C6F9B4-F87D-42C3-ADBC2705E2F30FA6</string><string>3FDC693A-1E81-44E4-8A4E23187312BF46</string><string>F64F621A-35E8-4072-81EB473F04FF3116</string><string>564B2246-66E1-421E-B5596055FF28AE4A</string><string>79B59855-1A28-43E5-83C26BB2769E2A4D</string><string>1404FA77-BB0F-4ACA-BD08CF12746395FC</string><string>0A0DE795-6E65-4010-82F8B08389893A9B</string><string>C6468FD6-715C-495A-BEEDD94B3B9E3C5E</string><string>445603DD-D95C-4DD4-AD1AF41A0B3589CA</string></field><field name='avdays'><number>1.0</number><string></string><number>0.0</number><number>0.0</number><number>0.0</number><number>2.0</number><number>0.0</number><number>0.0</number><string></string><number>0.0</number><number>0.0</number><number>0.0</number><number>0.0</number><number>0.0</number><string></string><number>0.0</number><string></string></field><field name='avsubtotal'><number>100.0</number><number>0.0</number><number>0.0</number><number>0.0</number><number>0.0</number><number>0.0</number><number>0.0</number><number>0.0</number><number>0.0</number><number>0.0</number><number>0.0</number><number>0.0</number><number>0.0</number><number>0.0</number><number>0.0</number><number>0.0</number><number>0.0</number></field><field name='avid'><string>0C30191E-9F2D-4EB5-83D8E2DCF94ADAE8</string><string>235B94C6-2E96-44C6-B9033580AEAB6878</string><string>247A40A7-8440-4900-8D9CBE8720DFA475</string><string>295628B1-9B2F-4BB3-8FE0300195EB0757</string><string>44C90F22-9E06-4309-83912E802F45732C</string><string>44CD2780-A7D0-4E00-9071A152ED4E2E25</string><string>4793AD5E-BA80-4366-8CB9B947169CE843</string><string>4D4645EE-4425-4A15-8C91474AACD4D25A</string><string>5D621DCD-4F97-49E9-AEEA6678DFF71D54</string><string>6F2350D0-8998-4DA4-95E22EA609195F13</string><string>7C5FCA20-829F-4B1C-9FC8024B51A6A8BF</string><string>881B5384-B41E-41BC-83B9C1ABCB6FABC5</string><string>B9244F37-5410-4596-86B3E3B066623AE8</string><string>C8930C63-3C55-4452-8F6DBB7E7AFF26F4</string><string>EA80E8EE-B196-4DC3-B3B45CCC94A2F425</string><string>FDE84A0C-C396-4BC7-A57B0B32DD0C72F7</string><string>FF43DB77-4AE2-4E0A-B62511AD46C6E24D</string></field><field name='avqty'><number>1.0</number><string></string><number>0.0</number><number>0.0</number><number>0.0</number><number>2.0</number><number>0.0</number><number>0.0</number><string></string><number>0.0</number><number>0.0</number><number>0.0</number><number>0.0</number><number>0.0</number><string></string><number>0.0</number><string></string></field><field name='avrate'><number>100.0</number><string></string><number>0.0</number><number>0.0</number><number>0.0</number><string></string><number>0.0</number><number>0.0</number><string></string><number>0.0</number><number>0.0</number><number>0.0</number><number>0.0</number><number>0.0</number><number>0.0</number><number>0.0</number><string></string></field><field name='avdesc'><string>Internet</string><string></string><string></string><string></string><string></string><string></string><string></string><string></string><string></string><string></string><string></string><string></string><string></string><string></string><string></string><string></string><string></string></field></recordset></data></wddxPacket>
