<wddxPacket version='1.0'><header/><data><recordset rowCount='0' fieldNames='subTypeID,siteID,baseTable,baseKeyField,dataTable,type,subType,isActive,notes,lastUpdate,dateCreated,lastUpdateBy,hasSummary,hasBody,description,availableSubTypes,iconclass,hasAssocFile,hasConfigurator,adminonly' type='coldfusion.sql.QueryTable'><field name='subTypeID'></field><field name='siteID'></field><field name='baseTable'></field><field name='baseKeyField'></field><field name='dataTable'></field><field name='type'></field><field name='subType'></field><field name='isActive'></field><field name='notes'></field><field name='lastUpdate'></field><field name='dateCreated'></field><field name='lastUpdateBy'></field><field name='hasSummary'></field><field name='hasBody'></field><field name='description'></field><field name='availableSubTypes'></field><field name='iconclass'></field><field name='hasAssocFile'></field><field name='hasConfigurator'></field><field name='adminonly'></field></recordset></data></wddxPacket>
