<wddxPacket version='1.0'><header/><data><recordset rowCount='17' fieldNames='signagedecorsubtotal,budgetid,signagedecordesc,signagedecorqty,signagedecorrate,signagedecordays,signagedecorid' type='coldfusion.sql.QueryTable'><field name='signagedecorsubtotal'><number>0.0</number><number>0.0</number><number>100.0</number><number>0.0</number><number>1000.0</number><number>0.0</number><number>0.0</number><number>0.0</number><number>0.0</number><number>0.0</number><number>0.0</number><number>0.0</number><number>0.0</number><number>0.0</number><number>0.0</number><number>0.0</number><number>0.0</number></field><field name='budgetid'><string>704D624E-C669-4891-B3E4CB0C8CC6975C</string><string>CCD62BB7-4115-4597-B200C02D895998EE</string><string>907F808C-62F6-469B-90541F7EF61E14D1</string><string>986E6048-0E1A-4FEC-9E69ADFE0DAA85E0</string><string>A573AC2E-5D02-4DBF-8E89516FBA922201</string><string>564B2246-66E1-421E-B5596055FF28AE4A</string><string>B86568B8-DC98-4F5F-8EC922F664DDEE3E</string><string>C418AB14-4BBD-41F7-905C80987885C402</string><string>32590F3F-2115-44B8-B3D1543E9F34E89F</string><string>C6468FD6-715C-495A-BEEDD94B3B9E3C5E</string><string>0A0DE795-6E65-4010-82F8B08389893A9B</string><string>1404FA77-BB0F-4ACA-BD08CF12746395FC</string><string>3FDC693A-1E81-44E4-8A4E23187312BF46</string><string>79B59855-1A28-43E5-83C26BB2769E2A4D</string><string>76C6F9B4-F87D-42C3-ADBC2705E2F30FA6</string><string>F64F621A-35E8-4072-81EB473F04FF3116</string><string>445603DD-D95C-4DD4-AD1AF41A0B3589CA</string></field><field name='signagedecordesc'><string></string><string></string><string>Signage/Decor Option 1</string><string></string><string>Signage/Decor Option 1</string><string></string><string></string><string></string><string></string><string></string><string></string><string></string><string></string><string></string><string></string><string></string><string></string></field><field name='signagedecorqty'><string></string><number>0.0</number><number>1.0</number><number>0.0</number><number>1.0</number><number>0.0</number><number>0.0</number><number>0.0</number><number>0.0</number><number>0.0</number><string></string><number>0.0</number><number>0.0</number><number>0.0</number><string></string><number>0.0</number><string></string></field><field name='signagedecorrate'><string></string><number>0.0</number><number>100.0</number><number>0.0</number><number>1000.0</number><number>0.0</number><number>0.0</number><number>0.0</number><number>0.0</number><number>0.0</number><number>0.0</number><number>0.0</number><number>0.0</number><number>0.0</number><string></string><number>0.0</number><string></string></field><field name='signagedecordays'><string></string><number>0.0</number><number>1.0</number><number>0.0</number><number>1.0</number><number>0.0</number><number>0.0</number><number>0.0</number><number>0.0</number><number>0.0</number><string></string><number>0.0</number><number>0.0</number><number>0.0</number><string></string><number>0.0</number><string></string></field><field name='signagedecorid'><string>0163FC47-A221-4057-97AE2DCA91D5AEB9</string><string>11E0BA57-3C8D-4792-9FDCBFE31B3E73FD</string><string>4B96E84A-3213-4E94-B4E6B56E7250135C</string><string>5A7D91CF-AE22-4BEF-A845728BCBA3B325</string><string>5F276097-C42D-4CE0-A7FD4478B1F37879</string><string>643A5651-B021-4705-B876BA01000369B4</string><string>66732AD4-6EEA-4B7D-8AB6B4CB1D38BCBE</string><string>7BBF2A13-6ADF-4C81-869D0CF963DF90D7</string><string>7EBECBBE-A803-4F86-9F6D16DEAD329536</string><string>823E0DA9-45A5-474E-B9215317C8163109</string><string>94934407-38EE-4895-8E4172FD5E25659F</string><string>AD443B81-E836-4CED-81E4723C6774D658</string><string>AE0999C3-EE51-4E98-BC9F088C199A34DB</string><string>CA09CF96-C5CD-431A-A701721236D5CA5D</string><string>CAB31EE8-8108-4B23-A876E35A46BB5E6C</string><string>D6AD6921-4F8A-4A1C-A3541514F212E705</string><string>F8DD6D8E-2305-4C2B-8FD1EDBB727ED327</string></field></recordset></data></wddxPacket>
