<wddxPacket version='1.0'><header/><data><recordset rowCount='17' fieldNames='giveawaysubtotal,budgetid,giveawayid,giveawaydesc,giveawayrate,giveawayqty' type='coldfusion.sql.QueryTable'><field name='giveawaysubtotal'><number>0.0</number><number>0.0</number><number>0.0</number><number>0.0</number><number>0.0</number><number>0.0</number><number>0.0</number><number>0.0</number><number>0.0</number><number>0.0</number><number>0.0</number><number>0.0</number><number>0.0</number><number>0.0</number><number>100.0</number><number>0.0</number><number>0.0</number></field><field name='budgetid'><string>0A0DE795-6E65-4010-82F8B08389893A9B</string><string>F64F621A-35E8-4072-81EB473F04FF3116</string><string>76C6F9B4-F87D-42C3-ADBC2705E2F30FA6</string><string>CCD62BB7-4115-4597-B200C02D895998EE</string><string>C418AB14-4BBD-41F7-905C80987885C402</string><string>704D624E-C669-4891-B3E4CB0C8CC6975C</string><string>445603DD-D95C-4DD4-AD1AF41A0B3589CA</string><string>C6468FD6-715C-495A-BEEDD94B3B9E3C5E</string><string>A573AC2E-5D02-4DBF-8E89516FBA922201</string><string>79B59855-1A28-43E5-83C26BB2769E2A4D</string><string>B86568B8-DC98-4F5F-8EC922F664DDEE3E</string><string>986E6048-0E1A-4FEC-9E69ADFE0DAA85E0</string><string>32590F3F-2115-44B8-B3D1543E9F34E89F</string><string>564B2246-66E1-421E-B5596055FF28AE4A</string><string>907F808C-62F6-469B-90541F7EF61E14D1</string><string>3FDC693A-1E81-44E4-8A4E23187312BF46</string><string>1404FA77-BB0F-4ACA-BD08CF12746395FC</string></field><field name='giveawayid'><string>05D0F407-147A-4CC3-B4E5A52CD90ED325</string><string>0A49DB4C-02DA-4F3E-819B5D54F5767B9A</string><string>242220CA-784E-4E22-A4CFE28EBE42BCE8</string><string>24AB4FC1-4789-454B-811A89E2FA43332A</string><string>28DD7668-632F-4014-B4251BE97E680BD0</string><string>2B4DABAF-2DDA-4A1F-80CBB9D1C4FC4AE5</string><string>368B4630-802E-4F72-B8D061D3E694A7BD</string><string>49C43B98-9BEB-43DD-9EC388FA83ED386D</string><string>4E5DBB28-84B9-45A1-9F10FEB2FBE2FF6E</string><string>5DDD8186-1805-472D-8BAF2C818580F8A5</string><string>6634F9A4-E855-4347-BB6F889501F54EC3</string><string>8169BD5C-D84D-4D10-A5446DA206C9D74C</string><string>830EF9FA-D2F7-4A01-B97BEC12A74FE54E</string><string>A250C30C-CC09-4123-B889E7ED0491E1FF</string><string>BE8BC6AA-ADD4-49B6-B3D31FE1C5E7744A</string><string>BF005DA4-AC83-4D99-A4BF11FB1C7C3F3B</string><string>C7F421DB-77C3-453A-90552418DCFC67C0</string></field><field name='giveawaydesc'><string></string><string></string><string></string><string></string><string></string><string></string><string></string><string></string><string></string><string></string><string></string><string></string><string></string><string></string><string>Apparel</string><string></string><string></string></field><field name='giveawayrate'><number>0.0</number><number>0.0</number><string></string><number>0.0</number><number>0.0</number><string></string><string></string><number>0.0</number><number>0.0</number><number>0.0</number><number>0.0</number><number>0.0</number><number>0.0</number><number>0.0</number><number>100.0</number><number>0.0</number><number>0.0</number></field><field name='giveawayqty'><string></string><number>0.0</number><string></string><number>0.0</number><number>0.0</number><string></string><string></string><number>0.0</number><number>0.0</number><number>0.0</number><number>0.0</number><number>0.0</number><number>0.0</number><number>0.0</number><number>1.0</number><number>0.0</number><number>0.0</number></field></recordset></data></wddxPacket>
