<wddxPacket version='1.0'><header/><data><recordset rowCount='5' fieldNames='contentHistID,relatedID,contentID,siteID,relatedContentSetID,orderNo,relatedContentID' type='coldfusion.sql.QueryTable'><field name='contentHistID'><string>93BDB8D8-6FFF-4FB2-83D273A5CCC0A253</string><string>93BDB8D8-6FFF-4FB2-83D273A5CCC0A253</string><string>93BDB8D8-6FFF-4FB2-83D273A5CCC0A253</string><string>93BDB8D8-6FFF-4FB2-83D273A5CCC0A253</string><string>27874824-B71F-4D97-9D22C7A4C1952273</string></field><field name='relatedID'><string>4A07F1C9-9715-41BC-A5B4AD99FC602589</string><string>DAB6422D-C417-407B-9AFE1E102B82DB0F</string><string>6077ECEB-BC0F-4256-975181B102AAC302</string><string>2423146F-349F-4D76-B94DF0F533332CB1</string><string>00000000000000000000000000000000001</string></field><field name='contentID'><string>5BB56DBC-3F2E-4907-9597660C5959E8D1</string><string>5BB56DBC-3F2E-4907-9597660C5959E8D1</string><string>5BB56DBC-3F2E-4907-9597660C5959E8D1</string><string>5BB56DBC-3F2E-4907-9597660C5959E8D1</string><string>26717C7D-408D-40FF-8F246D22A1791F7A</string></field><field name='siteID'><string>theme-mb3</string><string>theme-mb3</string><string>theme-mb3</string><string>theme-mb3</string><string>theme-mb3</string></field><field name='relatedContentSetID'><string>00000000000000000000000000000000000</string><string>00000000000000000000000000000000000</string><string>00000000000000000000000000000000000</string><string>00000000000000000000000000000000000</string><string>00000000000000000000000000000000000</string></field><field name='orderNo'><number>1.0</number><number>3.0</number><number>4.0</number><number>5.0</number><number>1.0</number></field><field name='relatedContentID'><number>1.0</number><number>2.0</number><number>3.0</number><number>4.0</number><number>9.0</number></field></recordset></data></wddxPacket>
