<wddxPacket version='1.0'><header/><data><recordset rowCount='10' fieldNames='categoryID,siteID,parentID,dateCreated,lastUpdate,lastUpdateBy,name,notes,isInterestGroup,isActive,isOpen,sortBy,sortDirection,restrictGroups,path,remoteID,remoteSourceURL,remotePubDate,urltitle,filename,isfeatureable' type='coldfusion.sql.QueryTable'><field name='categoryID'><string>0975C9BE-53F0-428A-9A5DDD28E1D9ECC4</string><string>1C7EAEAB-C9A8-446A-8076F18C1F6A9233</string><string>215D60E5-00EA-4A73-94528DB4A39DD024</string><string>237417C7-3B8F-4144-B0319AB7B819F4DF</string><string>3E99ED7C-F063-417F-85B5C28E7A448142</string><string>40F49BE4-9563-455B-8C446CE44C292498</string><string>49CACF14-71D9-40FC-856134270FE2F985</string><string>7E38F11B-6CCF-48AA-B385C5B062303524</string><string>F866F44E-323A-4AE9-814DDCD03D638C1C</string><string>FD918E5D-DAC8-416E-8335C4939B79B71C</string></field><field name='siteID'><string>theme-mb3</string><string>theme-mb3</string><string>theme-mb3</string><string>theme-mb3</string><string>theme-mb3</string><string>theme-mb3</string><string>theme-mb3</string><string>theme-mb3</string><string>theme-mb3</string><string>theme-mb3</string></field><field name='parentID'><string>FD918E5D-DAC8-416E-8335C4939B79B71C</string><string>FD918E5D-DAC8-416E-8335C4939B79B71C</string><string>FD918E5D-DAC8-416E-8335C4939B79B71C</string><string>FD918E5D-DAC8-416E-8335C4939B79B71C</string><string>FD918E5D-DAC8-416E-8335C4939B79B71C</string><string>FD918E5D-DAC8-416E-8335C4939B79B71C</string><string>FD918E5D-DAC8-416E-8335C4939B79B71C</string><string>FD918E5D-DAC8-416E-8335C4939B79B71C</string><string>FD918E5D-DAC8-416E-8335C4939B79B71C</string><string></string></field><field name='dateCreated'><dateTime>2013-9-20T23:39:24+0:0</dateTime><dateTime>2012-11-27T19:36:20+0:0</dateTime><dateTime>2012-11-27T16:9:49+0:0</dateTime><dateTime>2012-11-27T16:10:19+0:0</dateTime><dateTime>2012-11-27T16:12:39+0:0</dateTime><dateTime>2012-11-27T16:10:32+0:0</dateTime><dateTime>2012-11-27T16:10:10+0:0</dateTime><dateTime>2012-11-27T16:11:0+0:0</dateTime><dateTime>2012-11-27T16:13:3+0:0</dateTime><dateTime>2012-11-27T16:9:32+0:0</dateTime></field><field name='lastUpdate'><dateTime>2013-9-20T23:39:24+0:0</dateTime><dateTime>2012-11-27T19:36:20+0:0</dateTime><dateTime>2012-11-27T16:9:49+0:0</dateTime><dateTime>2012-11-27T16:10:19+0:0</dateTime><dateTime>2012-11-27T16:12:39+0:0</dateTime><dateTime>2012-11-27T16:10:32+0:0</dateTime><dateTime>2012-11-27T16:10:10+0:0</dateTime><dateTime>2012-11-27T16:11:0+0:0</dateTime><dateTime>2012-11-27T16:13:3+0:0</dateTime><dateTime>2012-11-27T16:9:32+0:0</dateTime></field><field name='lastUpdateBy'><string>Steve Withington</string><string>Steve Withington</string><string>Steve Withington</string><string>Steve Withington</string><string>Steve Withington</string><string>Steve Withington</string><string>Steve Withington</string><string>Steve Withington</string><string>Steve Withington</string><string>Steve Withington</string></field><field name='name'><string>Weather</string><string>Technology</string><string>Business</string><string>Local News</string><string>Opinion</string><string>World News</string><string>Politics</string><string>Arts &amp; Culture</string><string>Health &amp; Science</string><string>News Categories</string></field><field name='notes'><string></string><string></string><string></string><string></string><string></string><string></string><string></string><string></string><string></string><string></string></field><field name='isInterestGroup'><number>1.0</number><number>1.0</number><number>1.0</number><number>1.0</number><number>1.0</number><number>1.0</number><number>1.0</number><number>1.0</number><number>1.0</number><number>0.0</number></field><field name='isActive'><number>1.0</number><number>1.0</number><number>1.0</number><number>1.0</number><number>1.0</number><number>1.0</number><number>1.0</number><number>1.0</number><number>1.0</number><number>1.0</number></field><field name='isOpen'><number>1.0</number><number>1.0</number><number>1.0</number><number>1.0</number><number>1.0</number><number>1.0</number><number>1.0</number><number>1.0</number><number>1.0</number><number>0.0</number></field><field name='sortBy'><string>orderno</string><string>orderno</string><string>orderno</string><string>orderno</string><string>orderno</string><string>orderno</string><string>orderno</string><string>orderno</string><string>orderno</string><string>orderno</string></field><field name='sortDirection'><string>asc</string><string>asc</string><string>asc</string><string>asc</string><string>asc</string><string>asc</string><string>asc</string><string>asc</string><string>asc</string><string>asc</string></field><field name='restrictGroups'><string></string><string></string><string></string><string></string><string></string><string></string><string></string><string></string><string></string><string></string></field><field name='path'><string>FD918E5D-DAC8-416E-8335C4939B79B71C,0975C9BE-53F0-428A-9A5DDD28E1D9ECC4</string><string>FD918E5D-DAC8-416E-8335C4939B79B71C,1C7EAEAB-C9A8-446A-8076F18C1F6A9233</string><string>FD918E5D-DAC8-416E-8335C4939B79B71C,215D60E5-00EA-4A73-94528DB4A39DD024</string><string>FD918E5D-DAC8-416E-8335C4939B79B71C,237417C7-3B8F-4144-B0319AB7B819F4DF</string><string>FD918E5D-DAC8-416E-8335C4939B79B71C,3E99ED7C-F063-417F-85B5C28E7A448142</string><string>FD918E5D-DAC8-416E-8335C4939B79B71C,40F49BE4-9563-455B-8C446CE44C292498</string><string>FD918E5D-DAC8-416E-8335C4939B79B71C,49CACF14-71D9-40FC-856134270FE2F985</string><string>FD918E5D-DAC8-416E-8335C4939B79B71C,7E38F11B-6CCF-48AA-B385C5B062303524</string><string>FD918E5D-DAC8-416E-8335C4939B79B71C,F866F44E-323A-4AE9-814DDCD03D638C1C</string><string>FD918E5D-DAC8-416E-8335C4939B79B71C</string></field><field name='remoteID'><string></string><string></string><string></string><string></string><string></string><string></string><string></string><string></string><string></string><string></string></field><field name='remoteSourceURL'><string></string><string></string><string></string><string></string><string></string><string></string><string></string><string></string><string></string><string></string></field><field name='remotePubDate'><string></string><string></string><string></string><string></string><string></string><string></string><string></string><string></string><string></string><string></string></field><field name='urltitle'><string>weather</string><string>technology</string><string>business</string><string>local-news</string><string>opinion</string><string>world-news</string><string>politics</string><string>arts-culture</string><string>health-science</string><string>news-categories</string></field><field name='filename'><string>news-categories/weather</string><string>news-categories/technology</string><string>news-categories/business</string><string>news-categories/local-news</string><string>news-categories/opinion</string><string>news-categories/world-news</string><string>news-categories/politics</string><string>news-categories/arts-culture</string><string>news-categories/health-science</string><string>news-categories</string></field><field name='isfeatureable'><number>1.0</number><number>1.0</number><number>1.0</number><number>1.0</number><number>1.0</number><number>1.0</number><number>1.0</number><number>1.0</number><number>1.0</number><number>0.0</number></field></recordset></data></wddxPacket>
