<wddxPacket version='1.0'><header/><data><recordset rowCount='38' fieldNames='ContentHistID,ObjectID,Object,ContentID,Name,OrderNo,SiteID,ColumnID,Params' type='coldfusion.sql.QueryTable'><field name='ContentHistID'><string>04C2AC30-2B38-4706-8B7A1DD3A2FB6290</string><string>20723D34-9652-4E84-B8589D50E7C01BEB</string><string>24973797-6805-4D70-8188CE831C51B74F</string><string>27874824-B71F-4D97-9D22C7A4C1952273</string><string>27874824-B71F-4D97-9D22C7A4C1952273</string><string>2ECF8200-973B-4BD4-85C7D8E9FAC81B65</string><string>41481CCE-E126-418C-A73F6BB23826AC0A</string><string>418E2CF6-E8D7-4443-AFDECAF3C665AB3F</string><string>41DAD2D0-2D47-4556-A308FE0A112B40B5</string><string>4C33CFE9-C86B-43E7-BC110C16EB5221B5</string><string>4C33CFE9-C86B-43E7-BC110C16EB5221B5</string><string>5631AB3C-5287-4859-99558D86C848F1A8</string><string>62728370-8775-40D8-90755A81B3F2BD8D</string><string>725B2754-8747-46DF-A49E317D9B03F708</string><string>73670769-7D5A-4C3E-8EA70F2E81F37827</string><string>84D9D1D0-5E34-44E4-BEF8A6CB10AD51C1</string><string>8E3BA0FB-07B0-40FA-969F956EB88B47E1</string><string>93BDB8D8-6FFF-4FB2-83D273A5CCC0A253</string><string>9DB3F19A-E5BE-46D9-81F40BB4C880CCF0</string><string>A5E3FA2E-A55B-4CC0-92DB1CDA0C24E25F</string><string>BE40EBFF-6EAD-4AB1-99C2F002CDDDC4D8</string><string>C1B86067-5077-423D-862CC709E8A32289</string><string>C1B86067-5077-423D-862CC709E8A32289</string><string>C1B86067-5077-423D-862CC709E8A32289</string><string>C1B86067-5077-423D-862CC709E8A32289</string><string>C1B86067-5077-423D-862CC709E8A32289</string><string>C6F529A2-A677-440C-B9069B210502562C</string><string>C6F529A2-A677-440C-B9069B210502562C</string><string>CD3F11A0-5240-4459-82419AAE0EA58A55</string><string>CEBE66D9-E6B3-46EC-8F7B8BA9E3AE850C</string><string>D59EF762-BE8D-4159-AF8CAAAD5EC13586</string><string>E9E37041-44AC-48FF-A5D61111D453E419</string><string>EDEF2BAF-5B12-4D69-BF5BD0E82B28625A</string><string>F3553569-F3DD-4CE2-902B8F7C28E774CD</string><string>F3553569-F3DD-4CE2-902B8F7C28E774CD</string><string>F3553569-F3DD-4CE2-902B8F7C28E774CD</string><string>F3553569-F3DD-4CE2-902B8F7C28E774CD</string><string>FA102DB3-742D-4608-8A3D1812F61A2155</string></field><field name='ObjectID'><string>3B81C978-6C97-4AA0-B098875DF83CC34B</string><string>CF3E0AE3-C9CF-40B7-8F79ED869458DAB1</string><string>4EC3CC97-8739-4712-A9F4A2D8F9131E5A</string><string>35281261-B008-414C-A9C70B3AE3F747EB</string><string>B4F484D5-6F02-4BDA-9B91B1AD3F6DB837</string><string>1C936556-E1B2-4C3E-85447541A31FA2C6</string><string>0C3EF13E-F3BE-4DAF-873F904558B180BA</string><string>C44346F5-624A-427A-A66B8D89393A55CF</string><string>F794A25F-5330-4002-BF36C02FC3732175</string><string>1D745A7F-A616-4E31-8F4F1B742A4D6078</string><string>E9003330-C116-443D-8F3A00F151A66767</string><string>C3E72231-F8B7-4256-AB2B3CEF22AF1383</string><string>4576604C-01D6-4934-AB95265D4F1A66DB</string><string>6518320D-42C5-4C91-9BC5675473352DB2</string><string>5773A7D5-44E8-4159-A55F612F71DF9DA6</string><string>C49F99AE-6209-4D00-A0F2DA9F044E0167</string><string>79D57EDA-34F6-457A-A9297D7A783052C6</string><string>1FFEBD74-DB77-4D5F-9162EF43B0A9C733</string><string>84D3361D-A308-48C7-ACFB5F2B7DA397C3</string><string>6FE68A24-8FED-4E9F-92713310F48BA2ED</string><string>F93F391D-4030-46F8-B06D0160F8FDB15B</string><string>A7B48CB8-8B98-47D2-86F504C30A2649FD</string><string>AC3BE2F5-CB85-428F-A2B46422F97CAE2E</string><string>D5F59EB4-5BDE-47B4-9EEC1027F0B163F9</string><string>D5F59EB4-5BDE-47B4-9EEC1027F0B163F9</string><string>D5F59EB4-5BDE-47B4-9EEC1027F0B163F9</string><string>35281261-B008-414C-A9C70B3AE3F747EB</string><string>CEEA10F3-FB20-41EE-91B9412E09FD11B3</string><string>41FDBFAE-DFE8-410B-A6C225BCEAD847A9</string><string>B98C13B4-BD3C-4DF8-B9BCC7CCA0E2B0C7</string><string>1EF1C029-3213-44A3-B1A5F26D10573BB7</string><string>F31D8626-D740-4C06-A22B12205DF4AD54</string><string>2E1379CF-C786-44CB-98B130C7DE8E13C6</string><string>A7B48CB8-8B98-47D2-86F504C30A2649FD</string><string>CFDA566E-1B2D-4282-A18B5F059C1DF930</string><string>CFDA566E-1B2D-4282-A18B5F059C1DF930</string><string>EEA6F655-AB04-435F-99B0273DE93941E4</string><string>A84DF695-F29B-49C1-A643EE353E565F87</string></field><field name='Object'><string>site_map</string><string>mailing_list</string><string>user_tools</string><string>feed</string><string>standard_nav</string><string>comments</string><string>folder_nav</string><string>site_map</string><string>standard_nav</string><string>standard_nav</string><string>user_tools</string><string>favorites</string><string>seq_nav</string><string>peer_nav</string><string>tag_cloud</string><string>multilevel_nav</string><string>mailing_list_master</string><string>related_content</string><string>feed</string><string>site_map</string><string>standard_nav</string><string>comments</string><string>rater</string><string>archive_nav</string><string>calendar_nav</string><string>category_summary</string><string>feed</string><string>feed</string><string>event_reminder_form</string><string>standard_nav</string><string>form</string><string>rater</string><string>dragable_feeds</string><string>comments</string><string>archive_nav</string><string>calendar_nav</string><string>tag_cloud</string><string>sub_nav</string></field><field name='ContentID'><string>5BFD109E-982D-4447-88BB43DEDAB2DC73</string><string>9C96FEF0-A733-44AF-834BEC1D79D981FD</string><string>2423146F-349F-4D76-B94DF0F533332CB1</string><string>26717C7D-408D-40FF-8F246D22A1791F7A</string><string>26717C7D-408D-40FF-8F246D22A1791F7A</string><string>4A07F1C9-9715-41BC-A5B4AD99FC602589</string><string>316C08E4-5E7A-42F2-A395B59C4876F112</string><string>DAB6422D-C417-407B-9AFE1E102B82DB0F</string><string>FF32D135-7585-4CF9-B18B97202EC1CDB4</string><string>C0722150-2E93-484F-BAE2EC531E49568A</string><string>C0722150-2E93-484F-BAE2EC531E49568A</string><string>6077ECEB-BC0F-4256-975181B102AAC302</string><string>3985FDAA-EB34-40AD-A39702299DCF9D44</string><string>957D071B-5E26-4B59-B42DA18E2FCD6245</string><string>F7F3D918-8077-4C03-AC53CDA0251AA791</string><string>0988BDF7-22B2-41F5-A23DC30BBC009044</string><string>D93505F5-62D6-47B3-A7BF826A3D7C2F3C</string><string>5BB56DBC-3F2E-4907-9597660C5959E8D1</string><string>F64B731A-58DF-44BF-970864C0B1CAB4D8</string><string>941C0BDC-4086-444E-BB662D8CB382BF55</string><string>9333DCEA-22A4-49BA-B5ABB2AD3339A602</string><string>D5F59EB4-5BDE-47B4-9EEC1027F0B163F9</string><string>D5F59EB4-5BDE-47B4-9EEC1027F0B163F9</string><string>D5F59EB4-5BDE-47B4-9EEC1027F0B163F9</string><string>D5F59EB4-5BDE-47B4-9EEC1027F0B163F9</string><string>D5F59EB4-5BDE-47B4-9EEC1027F0B163F9</string><string>00000000000000000000000000000000001</string><string>00000000000000000000000000000000001</string><string>D5EAE325-6D54-401C-BB9E57A13BB218D3</string><string>64F518F6-D46F-45EE-861AA54BB72C0E4E</string><string>733E7A73-CA5D-4770-A37BBEEE62EFA6E4</string><string>13BEB953-AC81-4637-8002CB9AF34A5D89</string><string>41C02338-77A1-46ED-B9CBA96C18D4ACD5</string><string>CFDA566E-1B2D-4282-A18B5F059C1DF930</string><string>CFDA566E-1B2D-4282-A18B5F059C1DF930</string><string>CFDA566E-1B2D-4282-A18B5F059C1DF930</string><string>CFDA566E-1B2D-4282-A18B5F059C1DF930</string><string>C0A9DC30-F0E3-4ACE-A1D277C8250B00B6</string></field><field name='Name'><string>Site Map</string><string>Mailing List - Sign Up for Our Mailing List</string><string>User Tools</string><string>Mura Blog - Remote Feed</string><string>Standard Navigation</string><string>Accept Comments</string><string>Folder Navigation</string><string>Site Map</string><string>Standard Navigation</string><string>Standard Navigation</string><string>User Tools</string><string>User Favorites</string><string>Sequential Nav</string><string>Peer Navigation</string><string>Tag Group</string><string>Multi-Level Navigation</string><string>Master Mailing List Sign Up Form</string><string>Related Content</string><string>Upcoming Events - Local Index</string><string>Site Map</string><string>Standard Navigation</string><string>Accept Comments</string><string>Content Rater</string><string>Home  &gt; News - Archive Navigation</string><string>Home  &gt; News - Calendar Navigation</string><string>News - Category Summary</string><string>Mura Blog - Remote Feed</string><string>From Our Blog - Local Index</string><string>Event Reminder Form</string><string>Standard Navigation</string><string>Data Collector - Information Request</string><string>Content Rater</string><string>Dragable Feeds</string><string>Accept Comments</string><string>Home  &gt; Blog - Archive Navigation</string><string>Home  &gt; Blog - Calendar Navigation</string><string>Tag Group</string><string>Sub Navigation</string></field><field name='OrderNo'><number>1.0</number><number>1.0</number><number>1.0</number><number>1.0</number><number>1.0</number><number>1.0</number><number>1.0</number><number>1.0</number><number>1.0</number><number>1.0</number><number>2.0</number><number>1.0</number><number>1.0</number><number>1.0</number><number>1.0</number><number>1.0</number><number>1.0</number><number>1.0</number><number>1.0</number><number>1.0</number><number>1.0</number><number>1.0</number><number>1.0</number><number>2.0</number><number>1.0</number><number>2.0</number><number>2.0</number><number>1.0</number><number>1.0</number><number>1.0</number><number>1.0</number><number>1.0</number><number>1.0</number><number>1.0</number><number>2.0</number><number>1.0</number><number>3.0</number><number>1.0</number></field><field name='SiteID'><string>theme-mb3</string><string>theme-mb3</string><string>theme-mb3</string><string>theme-mb3</string><string>theme-mb3</string><string>theme-mb3</string><string>theme-mb3</string><string>theme-mb3</string><string>theme-mb3</string><string>theme-mb3</string><string>theme-mb3</string><string>theme-mb3</string><string>theme-mb3</string><string>theme-mb3</string><string>theme-mb3</string><string>theme-mb3</string><string>theme-mb3</string><string>theme-mb3</string><string>theme-mb3</string><string>theme-mb3</string><string>theme-mb3</string><string>theme-mb3</string><string>theme-mb3</string><string>theme-mb3</string><string>theme-mb3</string><string>theme-mb3</string><string>theme-mb3</string><string>theme-mb3</string><string>theme-mb3</string><string>theme-mb3</string><string>theme-mb3</string><string>theme-mb3</string><string>theme-mb3</string><string>theme-mb3</string><string>theme-mb3</string><string>theme-mb3</string><string>theme-mb3</string><string>theme-mb3</string></field><field name='ColumnID'><number>2.0</number><number>2.0</number><number>2.0</number><number>3.0</number><number>1.0</number><number>2.0</number><number>1.0</number><number>2.0</number><number>1.0</number><number>1.0</number><number>1.0</number><number>2.0</number><number>2.0</number><number>1.0</number><number>2.0</number><number>1.0</number><number>2.0</number><number>2.0</number><number>3.0</number><number>2.0</number><number>1.0</number><number>2.0</number><number>3.0</number><number>1.0</number><number>1.0</number><number>3.0</number><number>3.0</number><number>3.0</number><number>2.0</number><number>1.0</number><number>3.0</number><number>2.0</number><number>2.0</number><number>2.0</number><number>3.0</number><number>3.0</number><number>3.0</number><number>1.0</number></field><field name='Params'><string></string><string></string><string></string><string>{&quot;displaySummaries&quot;:&quot;1&quot;,&quot;viewalllink&quot;:&quot;&quot;,&quot;viewalllabel&quot;:&quot;&quot;}</string><string></string><string></string><string></string><string></string><string></string><string></string><string></string><string></string><string></string><string></string><string>{&quot;taggroup&quot;:&quot;&quot;}</string><string></string><string></string><string>{&quot;relatedContentSetName&quot;:&quot;&quot;,&quot;imageWidth&quot;:&quot;AUTO&quot;,&quot;imageHeight&quot;:&quot;AUTO&quot;,&quot;displayList&quot;:&quot;Title&quot;}</string><string>{&quot;imageSize&quot;:&quot;small&quot;,&quot;imageWidth&quot;:&quot;AUTO&quot;,&quot;imageHeight&quot;:&quot;AUTO&quot;,&quot;displayName&quot;:&quot;1&quot;,&quot;altName&quot;:&quot;&quot;,&quot;cssclass&quot;:&quot;&quot;,&quot;viewalllink&quot;:&quot;&quot;,&quot;viewalllabel&quot;:&quot;&quot;,&quot;maxItems&quot;:&quot;3&quot;,&quot;nextN&quot;:&quot;20&quot;,&quot;displayList&quot;:&quot;Date,Title,Image,Summary,Credits,Tags&quot;}</string><string></string><string></string><string></string><string></string><string></string><string></string><string>{&quot;displayRSS&quot;:&quot;0&quot;}</string><string>{&quot;displaySummaries&quot;:&quot;0&quot;,&quot;viewalllink&quot;:&quot;&quot;,&quot;viewalllabel&quot;:&quot;&quot;}</string><string>{&quot;imageSize&quot;:&quot;small&quot;,&quot;imageWidth&quot;:&quot;AUTO&quot;,&quot;imageHeight&quot;:&quot;AUTO&quot;,&quot;displayName&quot;:&quot;1&quot;,&quot;altName&quot;:&quot;From Our Blog&quot;,&quot;cssclass&quot;:&quot;&quot;,&quot;viewalllink&quot;:&quot;&quot;,&quot;viewalllabel&quot;:&quot;&quot;,&quot;maxItems&quot;:&quot;1&quot;,&quot;nextN&quot;:&quot;20&quot;,&quot;displayList&quot;:&quot;Date,Title,Summary,Credits&quot;}</string><string></string><string></string><string></string><string></string><string></string><string></string><string></string><string></string><string>{&quot;taggroup&quot;:&quot;Blog&quot;}</string><string></string></field></recordset></data></wddxPacket>
