<wddxPacket version='1.0'><header/><data><recordset rowCount='1' fieldNames='domain,siteid,theme,largeImageWidth,largeImageHeight,smallImageWidth,smallImageHeight,mediumImageWidth,mediumImageHeight,columnCount,columnNames,primaryColumn,baseID,customtaggroups' type='coldfusion.sql.QueryTable'><field name='domain'><string>bootstrap3.murathemes.com</string></field><field name='siteid'><string>bootstrap3</string></field><field name='theme'><string>MuraBootstrap3</string></field><field name='largeImageWidth'><string>600</string></field><field name='largeImageHeight'><string>AUTO</string></field><field name='smallImageWidth'><string>80</string></field><field name='smallImageHeight'><string>80</string></field><field name='mediumImageWidth'><string>180</string></field><field name='mediumImageHeight'><string>180</string></field><field name='columnCount'><number>3.0</number></field><field name='columnNames'><string>Left Column^Main Content^Right Column</string></field><field name='primaryColumn'><number>2.0</number></field><field name='baseID'><string>83F11148-3BA8-428C-ADC155092272A847</string></field><field name='customtaggroups'><string></string></field></recordset></data></wddxPacket>
