<wddxPacket version='1.0'><header/><data><recordset rowCount='0' fieldNames='siteID,actionType,parentID,chainID,actiontID,created,requestID,groupID,userID,comments' type='coldfusion.sql.QueryTable'><field name='siteID'></field><field name='actionType'></field><field name='parentID'></field><field name='chainID'></field><field name='actiontID'></field><field name='created'></field><field name='requestID'></field><field name='groupID'></field><field name='userID'></field><field name='comments'></field></recordset></data></wddxPacket>
