<wddxPacket version='1.0'><header/><data><recordset rowCount='0' fieldNames='siteID,remoteID,remoteURL,remotePubDate,metaID,credits,caption,remoteSource,altText,contenthistid,fileid,contentid,remoteSourceURL,exif' type='coldfusion.sql.QueryTable'><field name='siteID'></field><field name='remoteID'></field><field name='remoteURL'></field><field name='remotePubDate'></field><field name='metaID'></field><field name='credits'></field><field name='caption'></field><field name='remoteSource'></field><field name='altText'></field><field name='contenthistid'></field><field name='fileid'></field><field name='contentid'></field><field name='remoteSourceURL'></field><field name='exif'></field></recordset></data></wddxPacket>
