<wddxPacket version='1.0'><header/><data><recordset rowCount='6' fieldNames='contentHistID,relatedID,contentID,siteID,relatedContentSetID,orderNo,relatedContentID' type='coldfusion.sql.QueryTable'><field name='contentHistID'><string>BCEF1EE6-B981-4322-93F15593DEE97923</string><string>BCEF1EE6-B981-4322-93F15593DEE97923</string><string>BCEF1EE6-B981-4322-93F15593DEE97923</string><string>BCEF1EE6-B981-4322-93F15593DEE97923</string><string>E2BEDF7E-E9FC-464F-827B5E3450021BFC</string><string>60D2F0B2-25B3-4106-8FB56B6A535A4733</string></field><field name='relatedID'><string>EA3AE965-B06E-43F3-84E5AC82A4946EBA</string><string>C8577F8D-4080-48A4-AFD84738AC36132E</string><string>D0A50A72-F6D3-4760-8561FC3BE6B79E6C</string><string>DA5E457D-FCB8-4AE1-B576C926AC63BE61</string><string>00000000000000000000000000000000001</string><string>8C88124D-7EFA-4829-9A39FC8705DBA3F6</string></field><field name='contentID'><string>B79B2C5E-C04F-4480-80712C4625FA93AF</string><string>B79B2C5E-C04F-4480-80712C4625FA93AF</string><string>B79B2C5E-C04F-4480-80712C4625FA93AF</string><string>B79B2C5E-C04F-4480-80712C4625FA93AF</string><string>C2E75ECE-4298-4C1C-9019F9759CBF347A</string><string>18935054-150D-4B6B-8C0C415E9A400C89</string></field><field name='siteID'><string>bootstrap3</string><string>bootstrap3</string><string>bootstrap3</string><string>bootstrap3</string><string>bootstrap3</string><string>bootstrap3</string></field><field name='relatedContentSetID'><string>00000000000000000000000000000000000</string><string>00000000000000000000000000000000000</string><string>00000000000000000000000000000000000</string><string>00000000000000000000000000000000000</string><string>00000000000000000000000000000000000</string><string>00000000000000000000000000000000000</string></field><field name='orderNo'><number>1.0</number><number>3.0</number><number>4.0</number><number>5.0</number><number>1.0</number><number>1.0</number></field><field name='relatedContentID'><number>51.0</number><number>52.0</number><number>53.0</number><number>54.0</number><number>55.0</number><number>56.0</number></field></recordset></data></wddxPacket>
