<wddxPacket version='1.0'><header/><data><recordset rowCount='3' fieldNames='feedID,itemID,type' type='coldfusion.sql.QueryTable'><field name='feedID'><string>7CE6F8AA-4D7A-4646-8A2F55328B61E957</string><string>687B6327-674E-4A15-8C646EC5655F7C25</string><string>D60AAD68-7A7F-4C5D-AA2BF050C49E659D</string></field><field name='itemID'><string>FB6C296E-755B-4C13-B0272F17BE5E2F6D</string><string>439FA3B9-9055-4787-A8D34E4756ADDDAF</string><string>C75F64A5-7EB9-4AE6-9BA0E99BB69A1CB1</string></field><field name='type'><string>contentID</string><string>contentID</string><string>contentID</string></field></recordset></data></wddxPacket>
