<wddxPacket version='1.0'><header/><data><recordset rowCount='12' fieldNames='fileID,contentID,siteID,moduleID,filename,image,imageSmall,imageMedium,fileSize,contentType,contentSubType,fileExt,created,deleted,caption,credits,alttext,remoteID,remoteURL,remotePubDate,remoteSource,remoteSourceURL,exif' type='coldfusion.sql.QueryTable'><field name='fileID'><string>09C6B308-B900-410A-AA5D179BC8675589</string><string>35740B59-C9E8-4BF3-93B999452DA4FD75</string><string>528B1FA5-AE9C-4EFC-9860BD466EFAF6E4</string><string>57F625BE-0CD5-459B-AFD17A587C76E2C6</string><string>6741F621-C4D7-45DA-BCA6D75E45F899B3</string><string>812556B5-8F73-4930-902CF0F92C125784</string><string>8490970F-BF7A-4D84-94E057B59F9A33C7</string><string>ACC75EF8-F69B-4FBA-A205DA79833B88FB</string><string>B7AA3C8E-95F6-43BE-B2B53860AF592002</string><string>E579F8C9-572C-488E-BE0BB4CBFD798F4B</string><string>EA62126F-5676-4C95-82C6494B88B894CD</string><string>F9733021-DC8F-4A43-A457BE1E1C67E4D7</string></field><field name='contentID'><string>18935054-150D-4B6B-8C0C415E9A400C89</string><string>987BC5F7-E68A-4549-9B0A1679A118CD13</string><string>DE629EA3-748B-414F-A9C5D289C239F244</string><string>8C88124D-7EFA-4829-9A39FC8705DBA3F6</string><string>461EFE25-7871-4E1C-ABC4D60D20F0601F</string><string>0B3D183A-8B0E-4550-92FEAA77F2EA9EEC</string><string>D724FC51-2C68-4550-A6DC460E0E848A57</string><string>BFF86650-CE5E-4E40-A02C3B485692E74C</string><string>2E26ABAB-9996-42CF-A3A1210E128CD4D1</string><string>AF5A0322-9A00-404B-88BA8EDD1A5427BD</string><string>8C8C9CE8-E381-45FE-9BF0F432A729D747</string><string>CCFAD478-A7DE-4242-A12D7FD1A3112D4E</string></field><field name='siteID'><string>bootstrap3</string><string>bootstrap3</string><string>bootstrap3</string><string>bootstrap3</string><string>bootstrap3</string><string>bootstrap3</string><string>bootstrap3</string><string>bootstrap3</string><string>bootstrap3</string><string>bootstrap3</string><string>bootstrap3</string><string>bootstrap3</string></field><field name='moduleID'><string>00000000000000000000000000000000000</string><string>00000000000000000000000000000000000</string><string>00000000000000000000000000000000000</string><string>00000000000000000000000000000000000</string><string>00000000000000000000000000000000000</string><string>00000000000000000000000000000000000</string><string>00000000000000000000000000000000000</string><string>00000000000000000000000000000000000</string><string>00000000000000000000000000000000000</string><string>00000000000000000000000000000000000</string><string>00000000000000000000000000000000000</string><string>00000000000000000000000000000000000</string></field><field name='filename'><string>6FE5203B-DAB0-41B5-BE1E8E6E9F7ED965_source.jpeg</string><string>A311A76D-F2D9-463D-A26655599CF16982_source.jpg</string><string>3FD8FA3B-57C5-4202-B9F03C776E8DD778_source.jpg</string><string>28A5C6D3-A318-4A18-B80ED3277FD0439E_source.jpg</string><string>C97D5C19-7965-49DC-AA47DEF85C7BDF07_source.jpg</string><string>703E9D29-C979-4416-9E31D111AD5FED93_source.jpg</string><string>61DFDEB1-45D8-4645-938727BD03E382B0_source.jpg</string><string>62A8772C-9CE4-4128-84F5CB790A079761_source.jpg</string><string>30BA5898-1490-4C2E-99A7634A7A9DCDC2_source.jpg</string><string>5F93A4B4-7E64-440F-9604D2BAF365864B_source.jpg</string><string>955A12E0-9E5E-48BA-922600A519E7A314_source.jpg</string><string>sample-annual-report.pdf</string></field><field name='image'><string></string><string></string><string></string><string></string><string></string><string></string><string></string><string></string><string></string><string></string><string></string><string></string></field><field name='imageSmall'><string></string><string></string><string></string><string></string><string></string><string></string><string></string><string></string><string></string><string></string><string></string><string></string></field><field name='imageMedium'><string></string><string></string><string></string><string></string><string></string><string></string><string></string><string></string><string></string><string></string><string></string><string></string></field><field name='fileSize'><number>3604232.0</number><number>473493.0</number><number>456354.0</number><number>777056.0</number><number>506108.0</number><number>618361.0</number><number>4245010.0</number><number>4090658.0</number><number>3791376.0</number><number>4597525.0</number><number>1071255.0</number><number>20318.0</number></field><field name='contentType'><string>image</string><string>image</string><string>image</string><string>image</string><string>image</string><string>image</string><string>image</string><string>image</string><string>image</string><string>image</string><string>image</string><string>application</string></field><field name='contentSubType'><string>jpeg</string><string>jpeg</string><string>jpeg</string><string>jpeg</string><string>jpeg</string><string>jpeg</string><string>jpeg</string><string>jpeg</string><string>jpeg</string><string>jpeg</string><string>jpeg</string><string>pdf</string></field><field name='fileExt'><string>jpeg</string><string>jpg</string><string>jpg</string><string>jpg</string><string>jpg</string><string>jpg</string><string>jpg</string><string>jpg</string><string>jpg</string><string>jpg</string><string>jpg</string><string>pdf</string></field><field name='created'><dateTime>2013-9-25T23:42:25+0:0</dateTime><dateTime>2013-9-25T23:48:37+0:0</dateTime><dateTime>2013-9-25T23:49:16+0:0</dateTime><dateTime>2013-9-25T23:25:33+0:0</dateTime><dateTime>2013-9-25T23:26:34+0:0</dateTime><dateTime>2013-9-25T23:1:39+0:0</dateTime><dateTime>2013-9-25T22:51:50+0:0</dateTime><dateTime>2013-9-25T22:55:17+0:0</dateTime><dateTime>2013-9-25T22:54:5+0:0</dateTime><dateTime>2013-9-25T22:58:32+0:0</dateTime><dateTime>2013-9-25T23:44:28+0:0</dateTime><dateTime>2012-11-27T21:22:32+0:0</dateTime></field><field name='deleted'><string></string><string></string><string></string><string></string><string></string><string></string><string></string><string></string><string></string><string></string><string></string><string></string></field><field name='caption'><string>&lt;p&gt;Lorem ipsum dolor sit amet, consectetur adipiscing elit. Praesent suscipit iaculis libero sed tristique. Quisque mollis dolor non tellus placerat vitae sodales lectus porta. Curabitur ut suscipit tellus.&lt;/p&gt;</string><string>&lt;p&gt;Lorem ipsum dolor sit amet, consectetur adipiscing elit. Praesent suscipit iaculis libero sed tristique. Quisque mollis dolor non tellus placerat vitae sodales lectus porta. Curabitur ut suscipit tellus.&lt;/p&gt;</string><string>&lt;p&gt;Lorem ipsum dolor sit amet, consectetur adipiscing elit. Praesent suscipit iaculis libero sed tristique. Quisque mollis dolor non tellus placerat vitae sodales lectus porta. Curabitur ut suscipit tellus.&lt;/p&gt;</string><string>&lt;p&gt;Lorem ipsum dolor sit amet, consectetur adipiscing elit. Praesent suscipit iaculis libero sed tristique. Quisque mollis dolor non tellus placerat vitae sodales lectus porta. Curabitur ut suscipit tellus.&lt;/p&gt;</string><string>&lt;p&gt;Lorem ipsum dolor sit amet, consectetur adipiscing elit. Praesent suscipit iaculis libero sed tristique. Quisque mollis dolor non tellus placerat vitae sodales lectus porta. Curabitur ut suscipit tellus.&lt;/p&gt;</string><string>&lt;p&gt;Lorem ipsum dolor sit amet, consectetur adipiscing elit. Praesent suscipit iaculis libero sed tristique. Quisque mollis dolor non tellus placerat vitae sodales lectus porta. Curabitur ut suscipit tellus.&lt;/p&gt;</string><string></string><string></string><string></string><string></string><string>&lt;p&gt;Lorem ipsum dolor sit amet, consectetur adipiscing elit. Praesent suscipit iaculis libero sed tristique. Quisque mollis dolor non tellus placerat vitae sodales lectus porta. Curabitur ut suscipit tellus.&lt;/p&gt;</string><string></string></field><field name='credits'><string></string><string></string><string></string><string></string><string></string><string></string><string></string><string></string><string></string><string></string><string></string><string></string></field><field name='alttext'><string></string><string></string><string></string><string></string><string></string><string></string><string></string><string></string><string></string><string></string><string></string><string></string></field><field name='remoteID'><string></string><string></string><string></string><string></string><string></string><string></string><string></string><string></string><string></string><string></string><string></string><string></string></field><field name='remoteURL'><string></string><string></string><string></string><string></string><string></string><string></string><string></string><string></string><string></string><string></string><string></string><string></string></field><field name='remotePubDate'><dateTime>2013-9-25T23:42:41+0:0</dateTime><dateTime>2013-9-25T23:48:45+0:0</dateTime><dateTime>2013-9-25T23:49:23+0:0</dateTime><dateTime>2013-9-25T23:25:40+0:0</dateTime><dateTime>2013-9-25T23:26:42+0:0</dateTime><dateTime>2013-9-25T23:1:48+0:0</dateTime><dateTime>2013-9-25T22:52:4+0:0</dateTime><dateTime>2013-9-25T22:55:33+0:0</dateTime><dateTime>2013-9-25T22:54:17+0:0</dateTime><dateTime>2013-9-25T22:58:46+0:0</dateTime><dateTime>2013-9-25T23:44:35+0:0</dateTime><string></string></field><field name='remoteSource'><string></string><string></string><string></string><string></string><string></string><string></string><string></string><string></string><string></string><string></string><string></string><string></string></field><field name='remoteSourceURL'><string></string><string></string><string></string><string></string><string></string><string></string><string></string><string></string><string></string><string></string><string></string><string></string></field><field name='exif'><string></string><string></string><string></string><string></string><string></string><string></string><string></string><string></string><string></string><string></string><string></string><string></string></field></recordset></data></wddxPacket>
