<wddxPacket version='1.0'><header/><data><recordset rowCount='8' fieldNames='tagID,contentID,contentHistID,siteID,tag,taggroup' type='coldfusion.sql.QueryTable'><field name='tagID'><number>77.0</number><number>78.0</number><number>79.0</number><number>80.0</number><number>81.0</number><number>82.0</number><number>83.0</number><number>84.0</number></field><field name='contentID'><string>8C8C9CE8-E381-45FE-9BF0F432A729D747</string><string>8C8C9CE8-E381-45FE-9BF0F432A729D747</string><string>987BC5F7-E68A-4549-9B0A1679A118CD13</string><string>987BC5F7-E68A-4549-9B0A1679A118CD13</string><string>DE629EA3-748B-414F-A9C5D289C239F244</string><string>DE629EA3-748B-414F-A9C5D289C239F244</string><string>18935054-150D-4B6B-8C0C415E9A400C89</string><string>18935054-150D-4B6B-8C0C415E9A400C89</string></field><field name='contentHistID'><string>298B49ED-9C10-42FD-B046863596031A3E</string><string>298B49ED-9C10-42FD-B046863596031A3E</string><string>B516C4C0-5B08-49F4-A1352B2A27145989</string><string>B516C4C0-5B08-49F4-A1352B2A27145989</string><string>559368E3-53F6-4D30-B2BAFEF83A2BF21B</string><string>559368E3-53F6-4D30-B2BAFEF83A2BF21B</string><string>60D2F0B2-25B3-4106-8FB56B6A535A4733</string><string>60D2F0B2-25B3-4106-8FB56B6A535A4733</string></field><field name='siteID'><string>bootstrap3</string><string>bootstrap3</string><string>bootstrap3</string><string>bootstrap3</string><string>bootstrap3</string><string>bootstrap3</string><string>bootstrap3</string><string>bootstrap3</string></field><field name='tag'><string>home</string><string>music</string><string>music</string><string>home</string><string>running</string><string>sports</string><string>home</string><string>sports</string></field><field name='taggroup'><string></string><string></string><string></string><string></string><string></string><string></string><string></string><string></string></field></recordset></data></wddxPacket>
