<wddxPacket version='1.0'><header/><data><recordset rowCount='13' fieldNames='categoryID,siteID,parentID,dateCreated,lastUpdate,lastUpdateBy,name,notes,isInterestGroup,isActive,isOpen,sortBy,sortDirection,restrictGroups,path,remoteID,remoteSourceURL,remotePubDate,urltitle,filename,isfeatureable' type='coldfusion.sql.QueryTable'><field name='categoryID'><string>05DBFE8E-9C39-4B06-ACCC55180F293D60</string><string>0EC9AA24-39D7-4822-B8ED36A503051588</string><string>1B5EE308-7167-42B0-803512B630DC6224</string><string>2EF39AC6-45E6-436F-87BFBEFA55F8C3E3</string><string>7670826A-8F54-44AC-91A235B0C8CB755B</string><string>98285F62-9D53-4CA7-8ABF58C60C75D034</string><string>A7B1A1EC-A73D-4152-B31DE0188CFEF0A9</string><string>A8CD0CED-BC2D-4723-A6AFA9E75E99E7D3</string><string>BFE39698-2CC1-43C4-AB07B0433AB8738D</string><string>C6862FC2-A642-4FAB-83B1258B3DE357FF</string><string>CF02044B-6A96-425B-942BAC5B8AC522EA</string><string>DA071402-5E71-4E64-B5DA71A93901FA10</string><string>FDBEB139-9B5F-448A-A14F4F97BE301FB0</string></field><field name='siteID'><string>bootstrap3</string><string>bootstrap3</string><string>bootstrap3</string><string>bootstrap3</string><string>bootstrap3</string><string>bootstrap3</string><string>bootstrap3</string><string>bootstrap3</string><string>bootstrap3</string><string>bootstrap3</string><string>bootstrap3</string><string>bootstrap3</string><string>bootstrap3</string></field><field name='parentID'><string>0EC9AA24-39D7-4822-B8ED36A503051588</string><string></string><string>BFE39698-2CC1-43C4-AB07B0433AB8738D</string><string>0EC9AA24-39D7-4822-B8ED36A503051588</string><string>0EC9AA24-39D7-4822-B8ED36A503051588</string><string>0EC9AA24-39D7-4822-B8ED36A503051588</string><string>0EC9AA24-39D7-4822-B8ED36A503051588</string><string>0EC9AA24-39D7-4822-B8ED36A503051588</string><string></string><string>0EC9AA24-39D7-4822-B8ED36A503051588</string><string>0EC9AA24-39D7-4822-B8ED36A503051588</string><string>0EC9AA24-39D7-4822-B8ED36A503051588</string><string>BFE39698-2CC1-43C4-AB07B0433AB8738D</string></field><field name='dateCreated'><dateTime>2012-11-27T16:9:49+0:0</dateTime><dateTime>2012-11-27T16:9:32+0:0</dateTime><dateTime>2013-9-20T22:31:7+0:0</dateTime><dateTime>2012-11-27T19:36:20+0:0</dateTime><dateTime>2012-11-27T16:10:32+0:0</dateTime><dateTime>2012-11-27T16:12:39+0:0</dateTime><dateTime>2012-11-27T16:13:3+0:0</dateTime><dateTime>2013-9-20T23:39:24+0:0</dateTime><dateTime>2012-11-27T21:8:58+0:0</dateTime><dateTime>2012-11-27T16:10:19+0:0</dateTime><dateTime>2012-11-27T16:10:10+0:0</dateTime><dateTime>2012-11-27T16:11:0+0:0</dateTime><dateTime>2012-11-27T21:9:7+0:0</dateTime></field><field name='lastUpdate'><dateTime>2012-11-27T16:9:49+0:0</dateTime><dateTime>2012-11-27T16:9:32+0:0</dateTime><dateTime>2013-9-20T22:31:7+0:0</dateTime><dateTime>2012-11-27T19:36:20+0:0</dateTime><dateTime>2012-11-27T16:10:32+0:0</dateTime><dateTime>2012-11-27T16:12:39+0:0</dateTime><dateTime>2012-11-27T16:13:3+0:0</dateTime><dateTime>2013-9-20T23:39:24+0:0</dateTime><dateTime>2012-11-27T21:8:58+0:0</dateTime><dateTime>2012-11-27T16:10:19+0:0</dateTime><dateTime>2012-11-27T16:10:10+0:0</dateTime><dateTime>2012-11-27T16:11:0+0:0</dateTime><dateTime>2012-11-27T21:9:7+0:0</dateTime></field><field name='lastUpdateBy'><string>Steve Withington</string><string>Steve Withington</string><string>Steve Withington</string><string>Steve Withington</string><string>Steve Withington</string><string>Steve Withington</string><string>Steve Withington</string><string>Steve Withington</string><string>Steve Withington</string><string>Steve Withington</string><string>Steve Withington</string><string>Steve Withington</string><string>Steve Withington</string></field><field name='name'><string>Business</string><string>News Categories</string><string>MuraCon</string><string>Technology</string><string>World News</string><string>Opinion</string><string>Health &amp; Science</string><string>Weather</string><string>Event Categories</string><string>Local News</string><string>Politics</string><string>Arts &amp; Culture</string><string>Mura CMS Training</string></field><field name='notes'><string></string><string></string><string></string><string></string><string></string><string></string><string></string><string></string><string></string><string></string><string></string><string></string><string></string></field><field name='isInterestGroup'><number>1.0</number><number>0.0</number><number>1.0</number><number>1.0</number><number>1.0</number><number>1.0</number><number>1.0</number><number>1.0</number><number>0.0</number><number>1.0</number><number>1.0</number><number>1.0</number><number>1.0</number></field><field name='isActive'><number>1.0</number><number>1.0</number><number>1.0</number><number>1.0</number><number>1.0</number><number>1.0</number><number>1.0</number><number>1.0</number><number>1.0</number><number>1.0</number><number>1.0</number><number>1.0</number><number>1.0</number></field><field name='isOpen'><number>1.0</number><number>0.0</number><number>1.0</number><number>1.0</number><number>1.0</number><number>1.0</number><number>1.0</number><number>1.0</number><number>0.0</number><number>1.0</number><number>1.0</number><number>1.0</number><number>1.0</number></field><field name='sortBy'><string>orderno</string><string>orderno</string><string>orderno</string><string>orderno</string><string>orderno</string><string>orderno</string><string>orderno</string><string>orderno</string><string>orderno</string><string>orderno</string><string>orderno</string><string>orderno</string><string>orderno</string></field><field name='sortDirection'><string>asc</string><string>asc</string><string>asc</string><string>asc</string><string>asc</string><string>asc</string><string>asc</string><string>asc</string><string>asc</string><string>asc</string><string>asc</string><string>asc</string><string>asc</string></field><field name='restrictGroups'><string></string><string></string><string></string><string></string><string></string><string></string><string></string><string></string><string></string><string></string><string></string><string></string><string></string></field><field name='path'><string>0EC9AA24-39D7-4822-B8ED36A503051588,05DBFE8E-9C39-4B06-ACCC55180F293D60</string><string>0EC9AA24-39D7-4822-B8ED36A503051588</string><string>BFE39698-2CC1-43C4-AB07B0433AB8738D,1B5EE308-7167-42B0-803512B630DC6224</string><string>0EC9AA24-39D7-4822-B8ED36A503051588,2EF39AC6-45E6-436F-87BFBEFA55F8C3E3</string><string>0EC9AA24-39D7-4822-B8ED36A503051588,7670826A-8F54-44AC-91A235B0C8CB755B</string><string>0EC9AA24-39D7-4822-B8ED36A503051588,98285F62-9D53-4CA7-8ABF58C60C75D034</string><string>0EC9AA24-39D7-4822-B8ED36A503051588,A7B1A1EC-A73D-4152-B31DE0188CFEF0A9</string><string>0EC9AA24-39D7-4822-B8ED36A503051588,A8CD0CED-BC2D-4723-A6AFA9E75E99E7D3</string><string>BFE39698-2CC1-43C4-AB07B0433AB8738D</string><string>0EC9AA24-39D7-4822-B8ED36A503051588,C6862FC2-A642-4FAB-83B1258B3DE357FF</string><string>0EC9AA24-39D7-4822-B8ED36A503051588,CF02044B-6A96-425B-942BAC5B8AC522EA</string><string>0EC9AA24-39D7-4822-B8ED36A503051588,DA071402-5E71-4E64-B5DA71A93901FA10</string><string>BFE39698-2CC1-43C4-AB07B0433AB8738D,FDBEB139-9B5F-448A-A14F4F97BE301FB0</string></field><field name='remoteID'><string></string><string></string><string></string><string></string><string></string><string></string><string></string><string></string><string></string><string></string><string></string><string></string><string></string></field><field name='remoteSourceURL'><string></string><string></string><string></string><string></string><string></string><string></string><string></string><string></string><string></string><string></string><string></string><string></string><string></string></field><field name='remotePubDate'><string></string><string></string><string></string><string></string><string></string><string></string><string></string><string></string><string></string><string></string><string></string><string></string><string></string></field><field name='urltitle'><string>business</string><string>news-categories</string><string>muracon</string><string>technology</string><string>world-news</string><string>opinion</string><string>health-science</string><string>weather</string><string>event-categories</string><string>local-news</string><string>politics</string><string>arts-culture</string><string>mura-cms-training</string></field><field name='filename'><string>news-categories/business</string><string>news-categories</string><string>event-categories/muracon</string><string>news-categories/technology</string><string>news-categories/world-news</string><string>news-categories/opinion</string><string>news-categories/health-science</string><string>news-categories/weather</string><string>event-categories</string><string>news-categories/local-news</string><string>news-categories/politics</string><string>news-categories/arts-culture</string><string>event-categories/mura-cms-training</string></field><field name='isfeatureable'><number>0.0</number><number>0.0</number><number>1.0</number><number>0.0</number><number>0.0</number><number>0.0</number><number>0.0</number><number>1.0</number><number>0.0</number><number>0.0</number><number>0.0</number><number>0.0</number><number>0.0</number></field></recordset></data></wddxPacket>
