<wddxPacket version='1.0'><header/><data><recordset rowCount='4' fieldNames='feedID,siteID,parentID,name,isActive,isPublic,isDefault,isFeaturesOnly,description,maxItems,allowHTML,lang,lastUpdateBy,lastUpdate,dateCreated,restricted,restrictGroups,version,channelLink,Type,sortBy,sortDirection,nextN,displayName,displayRatings,displayComments,altname,remoteID,remoteSourceURL,remotePubDate,imageSize,imageHeight,imageWidth,displayList,showNavOnly,showExcludeSearch,viewalllink,viewalllabel,cssclass,autoimport,isLocked,useCategoryIntersect' type='coldfusion.sql.QueryTable'><field name='feedID'><string>12E35FCF-CF83-4386-914E7561C7C643DF</string><string>687B6327-674E-4A15-8C646EC5655F7C25</string><string>7CE6F8AA-4D7A-4646-8A2F55328B61E957</string><string>D60AAD68-7A7F-4C5D-AA2BF050C49E659D</string></field><field name='siteID'><string>bootstrap3</string><string>bootstrap3</string><string>bootstrap3</string><string>bootstrap3</string></field><field name='parentID'><string></string><string></string><string></string><string></string></field><field name='name'><string>Mura Blog</string><string>From Our Blog</string><string>Upcoming Events</string><string>Slideshow</string></field><field name='isActive'><number>1.0</number><number>1.0</number><number>1.0</number><number>1.0</number></field><field name='isPublic'><number>1.0</number><number>0.0</number><number>0.0</number><number>0.0</number></field><field name='isDefault'><number>0.0</number><number>0.0</number><number>0.0</number><number>0.0</number></field><field name='isFeaturesOnly'><number>0.0</number><number>0.0</number><number>0.0</number><number>0.0</number></field><field name='description'><string></string><string></string><string></string><string></string></field><field name='maxItems'><number>4.0</number><number>3.0</number><number>20.0</number><number>4.0</number></field><field name='allowHTML'><number>1.0</number><number>1.0</number><number>1.0</number><number>1.0</number></field><field name='lang'><string>en-us</string><string>en-us</string><string>en-us</string><string>en-us</string></field><field name='lastUpdateBy'><string>Steve Withington</string><string>Steve Withington</string><string>Steve Withington</string><string>Steve Withington</string></field><field name='lastUpdate'><dateTime>2010-12-14T3:49:29+0:0</dateTime><dateTime>2012-11-27T23:57:30+0:0</dateTime><dateTime>2012-11-27T21:14:8+0:0</dateTime><dateTime>2011-11-10T21:13:52+0:0</dateTime></field><field name='dateCreated'><dateTime>2010-12-14T3:49:29+0:0</dateTime><dateTime>2012-11-27T23:57:30+0:0</dateTime><dateTime>2012-11-27T21:14:8+0:0</dateTime><dateTime>2011-11-10T21:13:52+0:0</dateTime></field><field name='restricted'><number>0.0</number><number>0.0</number><number>0.0</number><number>0.0</number></field><field name='restrictGroups'><string></string><string></string><string></string><string></string></field><field name='version'><string>RSS 2.0</string><string>RSS 2.0</string><string>RSS 2.0</string><string>RSS 2.0</string></field><field name='channelLink'><string>http://www.getmura.com/tasks/feed/?feedID=AA4D3AF9-C9BA-D852-C5F762EF7FF3F2DF</string><string></string><string></string><string></string></field><field name='Type'><string>Remote</string><string>Local</string><string>Local</string><string>Local</string></field><field name='sortBy'><string>lastUpdate</string><string>releaseDate</string><string>displayStart</string><string>releaseDate</string></field><field name='sortDirection'><string>desc</string><string>desc</string><string>asc</string><string>desc</string></field><field name='nextN'><number>20.0</number><number>20.0</number><number>20.0</number><number>4.0</number></field><field name='displayName'><number>0.0</number><number>0.0</number><number>0.0</number><number>0.0</number></field><field name='displayRatings'><number>0.0</number><number>0.0</number><number>0.0</number><number>0.0</number></field><field name='displayComments'><number>0.0</number><number>0.0</number><number>0.0</number><number>0.0</number></field><field name='altname'><string></string><string></string><string></string><string></string></field><field name='remoteID'><string></string><string></string><string></string><string></string></field><field name='remoteSourceURL'><string></string><string></string><string></string><string></string></field><field name='remotePubDate'><string></string><string></string><string></string><string></string></field><field name='imageSize'><string>small</string><string>small</string><string>small</string><string>small</string></field><field name='imageHeight'><string>AUTO</string><string>AUTO</string><string>AUTO</string><string>AUTO</string></field><field name='imageWidth'><string>AUTO</string><string>AUTO</string><string>AUTO</string><string>AUTO</string></field><field name='displayList'><string>Date,Title,Image,Summary,Credits,Tags</string><string>Date,Title,Image,Summary,Tags</string><string>Date,Title,Image,Summary,Credits,Tags</string><string>Date,Title,Image,Summary,Credits,Tags</string></field><field name='showNavOnly'><number>0.0</number><number>1.0</number><number>1.0</number><number>1.0</number></field><field name='showExcludeSearch'><number>0.0</number><number>0.0</number><number>0.0</number><number>0.0</number></field><field name='viewalllink'><string></string><string></string><string></string><string></string></field><field name='viewalllabel'><string></string><string></string><string></string><string></string></field><field name='cssclass'><string></string><string></string><string></string><string></string></field><field name='autoimport'><number>0.0</number><number>0.0</number><number>0.0</number><number>0.0</number></field><field name='isLocked'><number>0.0</number><number>0.0</number><number>0.0</number><number>1.0</number></field><field name='useCategoryIntersect'><string></string><string></string><string></string><string></string></field></recordset></data></wddxPacket>
