<wddxPacket version='1.0'><header/><data><recordset rowCount='3' fieldNames='paramID,feedID,param,relationship,field,condition,criteria,dataType' type='coldfusion.sql.QueryTable'><field name='paramID'><string>86E4E539-3085-4ED1-B82846490F229729</string><string>9597CC15-74BB-4DC2-A8D719DAD46DD44D</string><string>D7092516-D781-4379-904C3B8DECF13B31</string></field><field name='feedID'><string>7CE6F8AA-4D7A-4646-8A2F55328B61E957</string><string>687B6327-674E-4A15-8C646EC5655F7C25</string><string>D60AAD68-7A7F-4C5D-AA2BF050C49E659D</string></field><field name='param'><number>1.0</number><number>1.0</number><number>1.0</number></field><field name='relationship'><string>and</string><string>and</string><string>and</string></field><field name='field'><string>tcontent.displayStart</string><string></string><string></string></field><field name='condition'><string>GTE</string><string>Equals</string><string>Equals</string></field><field name='criteria'><string>[mura]now()[/mura]</string><string></string><string></string></field><field name='dataType'><string>timestamp</string><string></string><string></string></field></recordset></data></wddxPacket>
