<wddxPacket version='1.0'><header/><data><recordset rowCount='39' fieldNames='ContentHistID,ObjectID,Object,ContentID,Name,OrderNo,SiteID,ColumnID,Params' type='coldfusion.sql.QueryTable'><field name='ContentHistID'><string>026BCF0A-E4AF-4BA5-A9D6443AE6CE4A85</string><string>059D736C-D506-4A16-B9C6614936A30930</string><string>14445019-EC0B-4128-802C45A2ADBD8D9C</string><string>23CDF744-A7C7-4675-A21085C0B1A269A1</string><string>24FA2EC9-AED1-45B8-89F995A6B4B69549</string><string>30AA00CB-C8E1-4990-8009719C2000F907</string><string>30AA00CB-C8E1-4990-8009719C2000F907</string><string>322698B9-47D9-4F9D-9CCFEE69B500BBCC</string><string>3376E1F5-480E-4DC8-897BD630D73540B3</string><string>49B39EE9-A87E-4F4A-9F5F3EB76A8B4AA9</string><string>49B39EE9-A87E-4F4A-9F5F3EB76A8B4AA9</string><string>4E4D48A5-E7AA-4346-B377807021B9AC0E</string><string>56281CAC-B73A-4B1C-81216722D0CC8713</string><string>5F4114F0-D0C8-4DE1-A5DBD1A4008E5102</string><string>6027A248-F933-4D79-A3145338D7D2272C</string><string>69ABE0BF-0468-4DC4-BEB58ED8B40CADDE</string><string>7755807D-5DF2-4321-B50F6D2669F8D992</string><string>7755807D-5DF2-4321-B50F6D2669F8D992</string><string>84ED2F71-CB45-4EF2-84EDB92415DC05CA</string><string>91D24258-2278-4391-B1596EB55F39AF91</string><string>9263B342-FDE2-4547-8C3A25DE514E6799</string><string>961B7C68-8A86-4B4E-B3CA1708A6492A09</string><string>9CB72887-8CF6-450C-BFBDF60C3596AA72</string><string>9CB72887-8CF6-450C-BFBDF60C3596AA72</string><string>9CB72887-8CF6-450C-BFBDF60C3596AA72</string><string>9CB72887-8CF6-450C-BFBDF60C3596AA72</string><string>BA22928F-9D14-490D-9C7D707809F30C7F</string><string>BCEF1EE6-B981-4322-93F15593DEE97923</string><string>D2CB163E-FCDA-47E5-8D0445211359DD48</string><string>D36342A2-BC07-4C2E-90CF546B966580BE</string><string>D6ED029A-F0D7-468A-94B1C9BCE5FB5A8F</string><string>E2BEDF7E-E9FC-464F-827B5E3450021BFC</string><string>E2BEDF7E-E9FC-464F-827B5E3450021BFC</string><string>EDF309EE-21F6-4148-B0743A81F981FEE3</string><string>EDF309EE-21F6-4148-B0743A81F981FEE3</string><string>EDF309EE-21F6-4148-B0743A81F981FEE3</string><string>EDF309EE-21F6-4148-B0743A81F981FEE3</string><string>EDF309EE-21F6-4148-B0743A81F981FEE3</string><string>F4353A8F-DE4B-4BC1-9A23C5628E74EF32</string></field><field name='ObjectID'><string>E3E4DA83-8C46-4CE7-98E1E1A4211DBA88</string><string>32289AD6-4991-4EBB-A47CCCDA18693616</string><string>D3E67230-ECD9-43F9-B82A4C78B5C955A9</string><string>E416B991-DAC5-4582-97C81F27963CA4AF</string><string>EDE55048-CBC4-4976-9F364002D080EB81</string><string>687B6327-674E-4A15-8C646EC5655F7C25</string><string>7CE6F8AA-4D7A-4646-8A2F55328B61E957</string><string>9F216C31-2EC9-4F02-8E876C3589BD0EF7</string><string>1D4D2C96-858E-4B85-A6FE7DC5AE00EB66</string><string>2D1B7EF5-A0A0-43BB-88FA4D90B236E801</string><string>9FCDDC23-1176-4237-899313C198E23C5F</string><string>4FCD45C3-E380-47A5-B6A43C6D9199B6CC</string><string>A3E67871-56B7-4DD2-8A4BF743610EF272</string><string>7CE6F8AA-4D7A-4646-8A2F55328B61E957</string><string>4130A46A-D61E-4728-9F19C57E33CB9241</string><string>5B34B60A-DEB3-4CBB-81DB87EA591E2811</string><string>C2E84855-AB34-4633-93E5491A2F9FF678</string><string>DB841D70-1CE7-48EE-976D318D5B3227B0</string><string>DD157E6A-AD74-426C-B835A5D8EB89F531</string><string>AC0FE4F6-2372-4B2C-B6E728A93E2AD341</string><string>4B93318D-40F3-4B50-B37CD9086E2BB810</string><string>41BD2BEA-96BE-42DB-BD9540D324FCD9E5</string><string>439FA3B9-9055-4787-A8D34E4756ADDDAF</string><string>439FA3B9-9055-4787-A8D34E4756ADDDAF</string><string>46F8CF60-790B-4889-9917CB35A06E4334</string><string>DF3CA95D-DC7E-4A3D-8BF385A4F3F0F39A</string><string>676E154B-03CF-4190-8CFE059A4A9BE9FE</string><string>AF4BDAE8-F315-470C-B89667F20E990366</string><string>DDE721FA-2700-4C81-BC216ACB7717C72D</string><string>89FCD753-95F6-4CCD-82852ABFCCCA6D10</string><string>20AA83D7-4E0D-4C3A-91BA265A1914E009</string><string>12E35FCF-CF83-4386-914E7561C7C643DF</string><string>CA215A47-2A1C-450F-91B92567BE05B941</string><string>46F8CF60-790B-4889-9917CB35A06E4334</string><string>91702819-871D-4C8A-A6F62342B3FFB236</string><string>C75F64A5-7EB9-4AE6-9BA0E99BB69A1CB1</string><string>C75F64A5-7EB9-4AE6-9BA0E99BB69A1CB1</string><string>C75F64A5-7EB9-4AE6-9BA0E99BB69A1CB1</string><string>966D760E-297D-493D-8A09B5DBC8D9A017</string></field><field name='Object'><string>site_map</string><string>dragable_feeds</string><string>event_reminder_form</string><string>standard_nav</string><string>mailing_list</string><string>feed</string><string>feed</string><string>rater</string><string>user_tools</string><string>Component</string><string>form</string><string>tag_cloud</string><string>site_map</string><string>feed</string><string>favorites</string><string>standard_nav</string><string>standard_nav</string><string>user_tools</string><string>folder_nav</string><string>mailing_list_master</string><string>seq_nav</string><string>standard_nav</string><string>archive_nav</string><string>calendar_nav</string><string>comments</string><string>tag_cloud</string><string>comments</string><string>related_content</string><string>site_map</string><string>peer_nav</string><string>sub_nav</string><string>feed</string><string>standard_nav</string><string>comments</string><string>rater</string><string>archive_nav</string><string>calendar_nav</string><string>category_summary</string><string>multilevel_nav</string></field><field name='ContentID'><string>1655FBCC-111F-4B60-90CA3C0AF276C1DB</string><string>5967F5C6-5997-42F9-A4994125544E93BA</string><string>7D16F43B-5287-4DE1-B9FD26EBBA2E2E41</string><string>F70BC36A-B5C8-4C25-86561B1F10F2110D</string><string>7081187E-B421-4FEB-98EC106EA1302E91</string><string>00000000000000000000000000000000001</string><string>00000000000000000000000000000000001</string><string>AFC76F3F-C15A-46B6-8EEB1C23DD7EE6B3</string><string>DA5E457D-FCB8-4AE1-B576C926AC63BE61</string><string>EFA16A19-767D-43F5-AA2AD00EBD138168</string><string>EFA16A19-767D-43F5-AA2AD00EBD138168</string><string>21FFE651-EB3B-4026-BFF02BD00E2C0557</string><string>69588645-41E5-446E-BC72878B5375993D</string><string>FB6C296E-755B-4C13-B0272F17BE5E2F6D</string><string>D0A50A72-F6D3-4760-8561FC3BE6B79E6C</string><string>C4332168-156B-4A05-8271B5C77DA1AB7F</string><string>19B861F2-0D1F-4A13-9DD2DCD3B06C20B3</string><string>19B861F2-0D1F-4A13-9DD2DCD3B06C20B3</string><string>F3CC94DD-9AF1-435A-9BAF17E88DDD73A2</string><string>3107D1F5-2EB1-4310-97E06EDFF5380548</string><string>99A21925-06F1-4119-975A482ACA7742AB</string><string>08DCAE65-F4F2-4EDE-B7713263B0BFD394</string><string>439FA3B9-9055-4787-A8D34E4756ADDDAF</string><string>439FA3B9-9055-4787-A8D34E4756ADDDAF</string><string>439FA3B9-9055-4787-A8D34E4756ADDDAF</string><string>439FA3B9-9055-4787-A8D34E4756ADDDAF</string><string>EA3AE965-B06E-43F3-84E5AC82A4946EBA</string><string>B79B2C5E-C04F-4480-80712C4625FA93AF</string><string>C8577F8D-4080-48A4-AFD84738AC36132E</string><string>139110CA-A3E2-4273-89711A5C7D71A0E6</string><string>8C766765-817F-412F-8972F2F78F25E1EF</string><string>C2E75ECE-4298-4C1C-9019F9759CBF347A</string><string>C2E75ECE-4298-4C1C-9019F9759CBF347A</string><string>C75F64A5-7EB9-4AE6-9BA0E99BB69A1CB1</string><string>C75F64A5-7EB9-4AE6-9BA0E99BB69A1CB1</string><string>C75F64A5-7EB9-4AE6-9BA0E99BB69A1CB1</string><string>C75F64A5-7EB9-4AE6-9BA0E99BB69A1CB1</string><string>C75F64A5-7EB9-4AE6-9BA0E99BB69A1CB1</string><string>F6CE8DED-09AD-43AC-B1FB0A951844329B</string></field><field name='Name'><string>Site Map</string><string>Dragable Feeds</string><string>Event Reminder Form</string><string>Standard Navigation</string><string>Mailing List - Sign Up for Our Mailing List</string><string>From Our Blog - Local Index</string><string>Upcoming Events - Local Index</string><string>Content Rater</string><string>User Tools</string><string>Component - Contact Details</string><string>Data Collector - Information Request Form</string><string>Tag Group</string><string>Site Map</string><string>Upcoming Events - Local Index</string><string>User Favorites</string><string>Standard Navigation</string><string>Standard Navigation</string><string>User Tools</string><string>Folder Navigation</string><string>Master Mailing List Sign Up Form</string><string>Sequential Nav</string><string>Standard Navigation</string><string>Home &gt; Blog  - Archive Navigation</string><string>Home  &gt;Blog - Calendar Navigation</string><string>Accept Comments</string><string>Tag Cloud</string><string>Accept Comments</string><string>Related Content</string><string>Site Map</string><string>Peer Navigation</string><string>Sub Navigation</string><string>Mura Blog - Remote Feed</string><string>Standard Navigation</string><string>Accept Comments</string><string>Content Rater</string><string>Home &gt; News  - Archive Navigation</string><string>Home  &gt;News - Calendar Navigation</string><string>News - Category Summary</string><string>Multi-Level Navigation</string></field><field name='OrderNo'><number>1.0</number><number>1.0</number><number>1.0</number><number>1.0</number><number>1.0</number><number>1.0</number><number>2.0</number><number>1.0</number><number>1.0</number><number>1.0</number><number>1.0</number><number>1.0</number><number>1.0</number><number>1.0</number><number>1.0</number><number>1.0</number><number>1.0</number><number>2.0</number><number>1.0</number><number>1.0</number><number>1.0</number><number>1.0</number><number>2.0</number><number>3.0</number><number>1.0</number><number>1.0</number><number>1.0</number><number>1.0</number><number>1.0</number><number>1.0</number><number>1.0</number><number>1.0</number><number>1.0</number><number>1.0</number><number>1.0</number><number>3.0</number><number>4.0</number><number>2.0</number><number>1.0</number></field><field name='SiteID'><string>bootstrap3</string><string>bootstrap3</string><string>bootstrap3</string><string>bootstrap3</string><string>bootstrap3</string><string>bootstrap3</string><string>bootstrap3</string><string>bootstrap3</string><string>bootstrap3</string><string>bootstrap3</string><string>bootstrap3</string><string>bootstrap3</string><string>bootstrap3</string><string>bootstrap3</string><string>bootstrap3</string><string>bootstrap3</string><string>bootstrap3</string><string>bootstrap3</string><string>bootstrap3</string><string>bootstrap3</string><string>bootstrap3</string><string>bootstrap3</string><string>bootstrap3</string><string>bootstrap3</string><string>bootstrap3</string><string>bootstrap3</string><string>bootstrap3</string><string>bootstrap3</string><string>bootstrap3</string><string>bootstrap3</string><string>bootstrap3</string><string>bootstrap3</string><string>bootstrap3</string><string>bootstrap3</string><string>bootstrap3</string><string>bootstrap3</string><string>bootstrap3</string><string>bootstrap3</string><string>bootstrap3</string></field><field name='ColumnID'><number>2.0</number><number>2.0</number><number>2.0</number><number>1.0</number><number>2.0</number><number>3.0</number><number>3.0</number><number>2.0</number><number>2.0</number><number>3.0</number><number>2.0</number><number>2.0</number><number>2.0</number><number>3.0</number><number>2.0</number><number>1.0</number><number>1.0</number><number>1.0</number><number>1.0</number><number>2.0</number><number>2.0</number><number>1.0</number><number>3.0</number><number>3.0</number><number>2.0</number><number>3.0</number><number>2.0</number><number>2.0</number><number>2.0</number><number>1.0</number><number>1.0</number><number>3.0</number><number>1.0</number><number>2.0</number><number>3.0</number><number>3.0</number><number>3.0</number><number>3.0</number><number>1.0</number></field><field name='Params'><string></string><string></string><string></string><string></string><string></string><string>{&quot;imageSize&quot;:&quot;small&quot;,&quot;imageWidth&quot;:&quot;AUTO&quot;,&quot;imageHeight&quot;:&quot;AUTO&quot;,&quot;displayName&quot;:&quot;1&quot;,&quot;altName&quot;:&quot;&quot;,&quot;cssclass&quot;:&quot;&quot;,&quot;viewalllink&quot;:&quot;&quot;,&quot;viewalllabel&quot;:&quot;&quot;,&quot;maxItems&quot;:&quot;1&quot;,&quot;nextN&quot;:&quot;1&quot;,&quot;displayList&quot;:&quot;Title,Date,Summary,Credits&quot;}</string><string>{&quot;imageSize&quot;:&quot;small&quot;,&quot;imageWidth&quot;:&quot;AUTO&quot;,&quot;imageHeight&quot;:&quot;AUTO&quot;,&quot;displayName&quot;:&quot;1&quot;,&quot;altName&quot;:&quot;&quot;,&quot;cssclass&quot;:&quot;&quot;,&quot;viewalllink&quot;:&quot;&quot;,&quot;viewalllabel&quot;:&quot;&quot;,&quot;maxItems&quot;:&quot;2&quot;,&quot;nextN&quot;:&quot;20&quot;,&quot;displayList&quot;:&quot;Date,Title,Summary&quot;}</string><string></string><string></string><string></string><string></string><string>{&quot;taggroup&quot;:&quot;&quot;}</string><string></string><string>{&quot;imageSize&quot;:&quot;small&quot;,&quot;imageWidth&quot;:&quot;AUTO&quot;,&quot;imageHeight&quot;:&quot;AUTO&quot;,&quot;displayName&quot;:&quot;1&quot;,&quot;altName&quot;:&quot;&quot;,&quot;cssclass&quot;:&quot;&quot;,&quot;viewalllink&quot;:&quot;&quot;,&quot;viewalllabel&quot;:&quot;&quot;,&quot;maxItems&quot;:&quot;3&quot;,&quot;nextN&quot;:&quot;20&quot;,&quot;displayList&quot;:&quot;Date,Title,Image,Summary,Credits,Tags&quot;}</string><string></string><string></string><string></string><string></string><string></string><string></string><string></string><string></string><string></string><string></string><string></string><string></string><string></string><string>{&quot;relatedContentSetName&quot;:&quot;&quot;,&quot;imageWidth&quot;:&quot;AUTO&quot;,&quot;imageHeight&quot;:&quot;AUTO&quot;,&quot;displayList&quot;:&quot;Title&quot;}</string><string></string><string></string><string></string><string>{&quot;displaySummaries&quot;:&quot;0&quot;,&quot;viewalllink&quot;:&quot;&quot;,&quot;viewalllabel&quot;:&quot;&quot;}</string><string></string><string></string><string></string><string></string><string></string><string>{&quot;displayRSS&quot;:&quot;0&quot;}</string><string></string></field></recordset></data></wddxPacket>
