<wddxPacket version='1.0'><header/><data><recordset rowCount='7' fieldNames='contentHistID,categoryID,contentID,isFeature,orderno,siteID,featureStart,featureStop' type='coldfusion.sql.QueryTable'><field name='contentHistID'><string>20BEABB1-C5A5-467C-8B15E16F37120C7E</string><string>20BEABB1-C5A5-467C-8B15E16F37120C7E</string><string>30316360-3528-4B60-B8326EE904854231</string><string>30316360-3528-4B60-B8326EE904854231</string><string>D1FBCA11-3EC0-43FB-AAB49428442BF109</string><string>E00F1D8B-B1CD-455C-BDB56C45DFBD842C</string><string>EB3BCDD5-9DC5-4960-8AA69CA279CF3A81</string></field><field name='categoryID'><string>A8CD0CED-BC2D-4723-A6AFA9E75E99E7D3</string><string>C6862FC2-A642-4FAB-83B1258B3DE357FF</string><string>C6862FC2-A642-4FAB-83B1258B3DE357FF</string><string>DA071402-5E71-4E64-B5DA71A93901FA10</string><string>FDBEB139-9B5F-448A-A14F4F97BE301FB0</string><string>1B5EE308-7167-42B0-803512B630DC6224</string><string>C6862FC2-A642-4FAB-83B1258B3DE357FF</string></field><field name='contentID'><string>0B3D183A-8B0E-4550-92FEAA77F2EA9EEC</string><string>0B3D183A-8B0E-4550-92FEAA77F2EA9EEC</string><string>8C88124D-7EFA-4829-9A39FC8705DBA3F6</string><string>8C88124D-7EFA-4829-9A39FC8705DBA3F6</string><string>804D29B8-CC22-48DE-A7780418E1A4352C</string><string>E00B1A7E-8668-4A72-B382A071FB042389</string><string>461EFE25-7871-4E1C-ABC4D60D20F0601F</string></field><field name='isFeature'><number>0.0</number><number>0.0</number><number>0.0</number><number>0.0</number><number>0.0</number><number>0.0</number><number>0.0</number></field><field name='orderno'><number>0.0</number><number>0.0</number><number>0.0</number><number>0.0</number><number>0.0</number><number>0.0</number><number>0.0</number></field><field name='siteID'><string>bootstrap3</string><string>bootstrap3</string><string>bootstrap3</string><string>bootstrap3</string><string>bootstrap3</string><string>bootstrap3</string><string>bootstrap3</string></field><field name='featureStart'><string></string><string></string><string></string><string></string><string></string><string></string><string></string></field><field name='featureStop'><string></string><string></string><string></string><string></string><string></string><string></string><string></string></field></recordset></data></wddxPacket>
