<wddxPacket version='1.0'><header/><data><recordset rowCount='1' fieldNames='CREATED,LASTUPDATEBYID,LASTUPDATE,CHAINID,NAME,LASTUPDATEBY,SITEID,DESCRIPTION' type='coldfusion.sql.QueryTable'><field name='CREATED'><dateTime>2017-1-17T20:19:51+0:0</dateTime></field><field name='LASTUPDATEBYID'><string>20AED707-0754-409B-98663283C4E69380</string></field><field name='LASTUPDATE'><dateTime>2017-1-17T20:20:49+0:0</dateTime></field><field name='CHAINID'><string>466FBF5B-1885-4689-B1E3A6B9549ECB48</string></field><field name='NAME'><string>Default Approval Chain</string></field><field name='LASTUPDATEBY'><string>Admin User</string></field><field name='SITEID'><string>default</string></field><field name='DESCRIPTION'><string></string></field></recordset></data></wddxPacket>
