<wddxPacket version='1.0'><header/><data><recordset rowCount='10' fieldNames='USERID,GROUPNAME,FNAME,LNAME,USERNAME,PASSWORD,PASSWORDCREATED,EMAIL,COMPANY,JOBTITLE,MOBILEPHONE,WEBSITE,TYPE,SUBTYPE,EXT,CONTACTFORM,ADMIN,S2,LASTLOGIN,LASTUPDATE,LASTUPDATEBY,LASTUPDATEBYID,PERM,INACTIVE,ISPUBLIC,SITEID,SUBSCRIBE,NOTES,DESCRIPTION,INTERESTS,KEEPPRIVATE,PHOTOFILEID,IMNAME,IMSERVICE,CREATED,REMOTEID,TAGS,TABLIST' type='coldfusion.sql.QueryTable'><field name='USERID'><string>877FCB75-A858-4E01-A5675D5A85D41EAC</string><string>4F68D89F-A9F0-4B1B-B0E288FDC880A70E</string><string>223DAACF-0BB1-428B-928629A2877793AA</string><string>AE8814E0-9F17-4466-8D60627317D33CAE</string><string>F4C9CD4C-DC7B-40CE-92D2C3B516482FFA</string><string>AA213A77-2CA8-4599-B60A8C2EAB71540B</string><string>52C12A69-B4BD-4597-808678E2B28BC8AA</string><string>4814A876-99A6-4F83-AE7DDB1CA580E8DA</string><string>6823FD59-9485-4B1F-B2FD7EC5B449C96E</string><string>20AED707-0754-409B-98663283C4E69380</string></field><field name='GROUPNAME'><string>Admin</string><string>Human Resources</string><string>Marketing</string><string>Special Admins</string><string>Compliance</string><string></string><string></string><string></string><string></string><string></string></field><field name='FNAME'><string></string><string></string><string></string><string></string><string></string><string>Harry</string><string>Connie</string><string>Alice</string><string>Mary</string><string>Admin</string></field><field name='LNAME'><string></string><string></string><string></string><string></string><string></string><string>Human</string><string>Compliance</string><string>Admin</string><string>Marketing</string><string>User</string></field><field name='USERNAME'><string></string><string></string><string></string><string></string><string></string><string>harry</string><string>connie</string><string>alice</string><string>mary</string><string>admin</string></field><field name='PASSWORD'><string></string><string>$2a$10$nlkL9DqcqtqD.OdnpEIq1.wx6vqWfXC/b9C3lm5z4bIb72kM.QRyS</string><string>$2a$10$nlkL9DqcqtqD.OdnpEIq1.gH75Qt.b02vEYogmdRVsxyjNJRCs3k6</string><string>$2a$10$nlkL9DqcqtqD.OdnpEIq1.VepDXSa9hl/G8UA1GWacK0eS6EytI3C</string><string>$2a$10$nlkL9DqcqtqD.OdnpEIq1..YW.y.oHhqrC9iLq5Zkz8Zb0t.HkA9S</string><string>$2a$10$nlkL9DqcqtqD.OdnpEIq1.EXqTj4Nq49hT4RhSXwihs46QMvSL8ou</string><string>$2a$10$nlkL9DqcqtqD.OdnpEIq1.EXqTj4Nq49hT4RhSXwihs46QMvSL8ou</string><string>$2a$10$nlkL9DqcqtqD.OdnpEIq1.EXqTj4Nq49hT4RhSXwihs46QMvSL8ou</string><string>$2a$10$nlkL9DqcqtqD.OdnpEIq1.EXqTj4Nq49hT4RhSXwihs46QMvSL8ou</string><string>$2a$10$x0vPg6v0U44j/FFRvxpsT.QnsEL/prgM.n4MWubmKmZn.YFPWwMEm</string></field><field name='PASSWORDCREATED'><string></string><dateTime>2017-1-17T20:14:18+0:0</dateTime><dateTime>2017-1-17T20:14:30+0:0</dateTime><dateTime>2017-1-17T20:16:30+0:0</dateTime><dateTime>2017-1-17T20:20:10+0:0</dateTime><dateTime>2017-1-17T20:17:17+0:0</dateTime><dateTime>2017-1-17T20:20:35+0:0</dateTime><dateTime>2017-1-17T20:17:49+0:0</dateTime><dateTime>2017-1-17T20:18:13+0:0</dateTime><dateTime>2016-10-31T18:39:19+0:0</dateTime></field><field name='EMAIL'><string></string><string></string><string></string><string></string><string></string><string>harry@domain.com</string><string>connie@domain.com</string><string>alice@domain.com</string><string>mary@domain.com</string><string>info@blueriver.com</string></field><field name='COMPANY'><string></string><string></string><string></string><string></string><string></string><string></string><string></string><string></string><string></string><string></string></field><field name='JOBTITLE'><string></string><string></string><string></string><string></string><string></string><string></string><string></string><string></string><string></string><string></string></field><field name='MOBILEPHONE'><string></string><string></string><string></string><string></string><string></string><string></string><string></string><string></string><string></string><string></string></field><field name='WEBSITE'><string></string><string></string><string></string><string></string><string></string><string></string><string></string><string></string><string></string><string></string></field><field name='TYPE'><number>1.0</number><number>1.0</number><number>1.0</number><number>1.0</number><number>1.0</number><number>2.0</number><number>2.0</number><number>2.0</number><number>2.0</number><number>2.0</number></field><field name='SUBTYPE'><string>Default</string><string>Default</string><string>Default</string><string>Default</string><string>Default</string><string>Default</string><string>Default</string><string>Default</string><string>Default</string><string>Default</string></field><field name='EXT'><string></string><string></string><string></string><string></string><string></string><string></string><string></string><string></string><string></string><string></string></field><field name='CONTACTFORM'><string></string><string>0</string><string>0</string><string>0</string><string>0</string><string></string><string></string><string></string><string></string><string></string></field><field name='ADMIN'><string></string><string></string><string></string><string></string><string></string><string></string><string></string><string></string><string></string><string></string></field><field name='S2'><number>0.0</number><number>0.0</number><number>0.0</number><number>0.0</number><number>0.0</number><number>0.0</number><number>0.0</number><number>0.0</number><number>0.0</number><number>1.0</number></field><field name='LASTLOGIN'><string></string><string></string><string></string><string></string><string></string><dateTime>2017-1-17T20:22:15+0:0</dateTime><dateTime>2017-1-17T20:41:8+0:0</dateTime><dateTime>2017-1-17T20:42:28+0:0</dateTime><dateTime>2017-1-17T20:43:11+0:0</dateTime><dateTime>2017-1-18T17:5:5+0:0</dateTime></field><field name='LASTUPDATE'><dateTime>2016-10-31T18:37:32+0:0</dateTime><dateTime>2017-1-17T20:14:18+0:0</dateTime><dateTime>2017-1-17T20:14:30+0:0</dateTime><dateTime>2017-1-17T20:16:30+0:0</dateTime><dateTime>2017-1-17T20:20:10+0:0</dateTime><dateTime>2017-1-17T20:17:17+0:0</dateTime><dateTime>2017-1-17T20:20:35+0:0</dateTime><dateTime>2017-1-17T20:17:49+0:0</dateTime><dateTime>2017-1-17T20:18:13+0:0</dateTime><dateTime>2017-1-17T19:21:43+0:0</dateTime></field><field name='LASTUPDATEBY'><string>System</string><string>Admin User</string><string>Admin User</string><string>Admin User</string><string>Admin User</string><string>Admin User</string><string>Admin User</string><string>Admin User</string><string>Admin User</string><string>Admin User</string></field><field name='LASTUPDATEBYID'><string></string><string>20AED707-0754-409B-98663283C4E69380</string><string>20AED707-0754-409B-98663283C4E69380</string><string>20AED707-0754-409B-98663283C4E69380</string><string>20AED707-0754-409B-98663283C4E69380</string><string>20AED707-0754-409B-98663283C4E69380</string><string>20AED707-0754-409B-98663283C4E69380</string><string>20AED707-0754-409B-98663283C4E69380</string><string>20AED707-0754-409B-98663283C4E69380</string><string>20AED707-0754-409B-98663283C4E69380</string></field><field name='PERM'><number>1.0</number><number>0.0</number><number>0.0</number><number>0.0</number><number>0.0</number><number>0.0</number><number>0.0</number><number>0.0</number><number>0.0</number><number>0.0</number></field><field name='INACTIVE'><number>0.0</number><number>0.0</number><number>0.0</number><number>0.0</number><number>0.0</number><number>0.0</number><number>0.0</number><number>0.0</number><number>0.0</number><number>0.0</number></field><field name='ISPUBLIC'><number>0.0</number><number>0.0</number><number>0.0</number><number>0.0</number><number>0.0</number><number>0.0</number><number>0.0</number><number>0.0</number><number>0.0</number><number>0.0</number></field><field name='SITEID'><string>default</string><string>default</string><string>default</string><string>default</string><string>default</string><string>default</string><string>default</string><string>default</string><string>default</string><string>default</string></field><field name='SUBSCRIBE'><number>0.0</number><number>1.0</number><number>1.0</number><number>1.0</number><number>1.0</number><number>1.0</number><number>1.0</number><number>1.0</number><number>1.0</number><number>0.0</number></field><field name='NOTES'><string></string><string></string><string></string><string></string><string></string><string></string><string></string><string></string><string></string><string></string></field><field name='DESCRIPTION'><string></string><string></string><string></string><string></string><string></string><string></string><string></string><string></string><string></string><string></string></field><field name='INTERESTS'><string></string><string></string><string></string><string></string><string></string><string></string><string></string><string></string><string></string><string></string></field><field name='KEEPPRIVATE'><number>0.0</number><number>0.0</number><number>0.0</number><number>0.0</number><number>0.0</number><number>0.0</number><number>0.0</number><number>0.0</number><number>0.0</number><number>0.0</number></field><field name='PHOTOFILEID'><string></string><string></string><string></string><string></string><string></string><string></string><string></string><string></string><string></string><string></string></field><field name='IMNAME'><string></string><string></string><string></string><string></string><string></string><string></string><string></string><string></string><string></string><string></string></field><field name='IMSERVICE'><string></string><string></string><string></string><string></string><string></string><string></string><string></string><string></string><string></string><string></string></field><field name='CREATED'><dateTime>2016-10-31T18:37:32+0:0</dateTime><dateTime>2017-1-17T20:14:18+0:0</dateTime><dateTime>2017-1-17T20:14:30+0:0</dateTime><dateTime>2017-1-17T20:16:30+0:0</dateTime><dateTime>2017-1-17T20:20:10+0:0</dateTime><dateTime>2017-1-17T20:17:17+0:0</dateTime><dateTime>2017-1-17T20:20:35+0:0</dateTime><dateTime>2017-1-17T20:17:49+0:0</dateTime><dateTime>2017-1-17T20:18:13+0:0</dateTime><dateTime>2016-10-31T18:37:32+0:0</dateTime></field><field name='REMOTEID'><string></string><string></string><string></string><string></string><string></string><string></string><string></string><string></string><string></string><string></string></field><field name='TAGS'><string></string><string></string><string></string><string></string><string></string><string></string><string></string><string></string><string></string><string></string></field><field name='TABLIST'><string></string><string></string><string></string><string></string><string></string><string></string><string></string><string></string><string></string><string></string></field></recordset></data></wddxPacket>
