<wddxPacket version='1.0'><header/><data><recordset rowCount='3' fieldNames='FEEDID,SITEID,PARENTID,NAME,ISACTIVE,ISPUBLIC,ISDEFAULT,ISFEATURESONLY,DESCRIPTION,MAXITEMS,ALLOWHTML,LANG,LASTUPDATEBY,LASTUPDATE,DATECREATED,RESTRICTED,RESTRICTGROUPS,VERSION,CHANNELLINK,TYPE,SORTBY,SORTDIRECTION,NEXTN,DISPLAYNAME,DISPLAYRATINGS,DISPLAYCOMMENTS,ALTNAME,REMOTEID,REMOTESOURCEURL,REMOTEPUBDATE,IMAGESIZE,IMAGEHEIGHT,IMAGEWIDTH,DISPLAYLIST,SHOWNAVONLY,SHOWEXCLUDESEARCH,VIEWALLLINK,VIEWALLLABEL,CSSCLASS,AUTOIMPORT,ISLOCKED,CONTENTPOOLID,USECATEGORYINTERSECT,AUTHTYPE' type='coldfusion.sql.QueryTable'><field name='FEEDID'><string>C0F17481-8D8D-4293-A26D6AB5350B3E30</string><string>BDCF7433-9842-43EB-9FC6E8BD47D025CC</string><string>DA121466-2EB5-4522-83C1077442418B8B</string></field><field name='SITEID'><string>default</string><string>default</string><string>default</string></field><field name='PARENTID'><string></string><string></string><string></string></field><field name='NAME'><string>Mura Blog</string><string>Slideshow</string><string>From Our Blog</string></field><field name='ISACTIVE'><number>1.0</number><number>1.0</number><number>1.0</number></field><field name='ISPUBLIC'><number>1.0</number><number>0.0</number><number>0.0</number></field><field name='ISDEFAULT'><number>0.0</number><number>0.0</number><number>0.0</number></field><field name='ISFEATURESONLY'><number>0.0</number><number>0.0</number><number>0.0</number></field><field name='DESCRIPTION'><string></string><string></string><string></string></field><field name='MAXITEMS'><number>2.0</number><number>10.0</number><number>3.0</number></field><field name='ALLOWHTML'><number>1.0</number><number>1.0</number><number>1.0</number></field><field name='LANG'><string>en-us</string><string>en-us</string><string>en-us</string></field><field name='LASTUPDATEBY'><string>Steve Withington</string><string>Steve Withington</string><string>Steve Withington</string></field><field name='LASTUPDATE'><dateTime>2010-12-14T3:49:29+0:0</dateTime><dateTime>2015-3-7T7:53:26+0:0</dateTime><dateTime>2012-11-27T23:57:30+0:0</dateTime></field><field name='DATECREATED'><dateTime>2010-12-14T3:49:29+0:0</dateTime><dateTime>2015-3-7T7:53:26+0:0</dateTime><dateTime>2012-11-27T23:57:30+0:0</dateTime></field><field name='RESTRICTED'><number>0.0</number><number>0.0</number><number>0.0</number></field><field name='RESTRICTGROUPS'><string></string><string></string><string></string></field><field name='VERSION'><string>RSS 2.0</string><string>RSS 2.0</string><string>RSS 2.0</string></field><field name='CHANNELLINK'><string>http://www.getmura.com/index.cfm/tasks/feed/?feedID=91B4E7A5-37AC-466A-ACDF6ABFD95ACCBD</string><string></string><string></string></field><field name='TYPE'><string>Remote</string><string>Local</string><string>Local</string></field><field name='SORTBY'><string>lastUpdate</string><string>releaseDate</string><string>releaseDate</string></field><field name='SORTDIRECTION'><string>desc</string><string>desc</string><string>desc</string></field><field name='NEXTN'><number>20.0</number><number>20.0</number><number>20.0</number></field><field name='DISPLAYNAME'><number>0.0</number><number>0.0</number><number>0.0</number></field><field name='DISPLAYRATINGS'><number>0.0</number><number>0.0</number><number>0.0</number></field><field name='DISPLAYCOMMENTS'><number>0.0</number><number>0.0</number><number>0.0</number></field><field name='ALTNAME'><string></string><string></string><string></string></field><field name='REMOTEID'><string></string><string></string><string></string></field><field name='REMOTESOURCEURL'><string></string><string></string><string></string></field><field name='REMOTEPUBDATE'><string></string><string></string><string></string></field><field name='IMAGESIZE'><string>small</string><string>small</string><string>small</string></field><field name='IMAGEHEIGHT'><string>AUTO</string><string>AUTO</string><string>AUTO</string></field><field name='IMAGEWIDTH'><string>AUTO</string><string>AUTO</string><string>AUTO</string></field><field name='DISPLAYLIST'><string>Date,Title,Image,Summary,Credits,Tags</string><string>Date,Title,Image,Summary,Credits,Tags</string><string>Date,Title,Image,Summary,Tags</string></field><field name='SHOWNAVONLY'><number>0.0</number><number>1.0</number><number>1.0</number></field><field name='SHOWEXCLUDESEARCH'><number>0.0</number><number>0.0</number><number>0.0</number></field><field name='VIEWALLLINK'><string></string><string></string><string></string></field><field name='VIEWALLLABEL'><string></string><string></string><string></string></field><field name='CSSCLASS'><string></string><string></string><string></string></field><field name='AUTOIMPORT'><number>0.0</number><number>0.0</number><number>0.0</number></field><field name='ISLOCKED'><number>0.0</number><number>0.0</number><number>0.0</number></field><field name='CONTENTPOOLID'><string></string><string></string><string></string></field><field name='USECATEGORYINTERSECT'><string></string><string></string><string></string></field><field name='AUTHTYPE'><string></string><string></string><string></string></field></recordset></data></wddxPacket>
