<wddxPacket version='1.0'><header/><data><recordset rowCount='2' fieldNames='FEEDID,ITEMID,TYPE' type='coldfusion.sql.QueryTable'><field name='FEEDID'><string>BDCF7433-9842-43EB-9FC6E8BD47D025CC</string><string>DA121466-2EB5-4522-83C1077442418B8B</string></field><field name='ITEMID'><string>6E97FB34-EA55-4D1A-A73A54677CA9C6AC</string><string>419D393C-B1CB-4935-933981237E910018</string></field><field name='TYPE'><string>contentID</string><string>contentID</string></field></recordset></data></wddxPacket>
