<wddxPacket version='1.0'><header/><data><recordset rowCount='2' fieldNames='PARAMID,FEEDID,PARAM,RELATIONSHIP,FIELD,CONDITION,CRITERIA,DATATYPE' type='coldfusion.sql.QueryTable'><field name='PARAMID'><string>84265A58-FB8A-42DB-85AAD7C0762687A8</string><string>EA4F832B-AB82-4D4F-8E3563CB317972D6</string></field><field name='FEEDID'><string>DA121466-2EB5-4522-83C1077442418B8B</string><string>BDCF7433-9842-43EB-9FC6E8BD47D025CC</string></field><field name='PARAM'><number>1.0</number><number>1.0</number></field><field name='RELATIONSHIP'><string>and</string><string>and</string></field><field name='FIELD'><string></string><string></string></field><field name='CONDITION'><string>Equals</string><string>Equals</string></field><field name='CRITERIA'><string></string><string></string></field><field name='DATATYPE'><string>varchar</string><string>varchar</string></field></recordset></data></wddxPacket>
