<wddxPacket version='1.0'><header/><data><recordset rowCount='4' fieldNames='USERID,GROUPID' type='coldfusion.sql.QueryTable'><field name='USERID'><string>AA213A77-2CA8-4599-B60A8C2EAB71540B</string><string>52C12A69-B4BD-4597-808678E2B28BC8AA</string><string>4814A876-99A6-4F83-AE7DDB1CA580E8DA</string><string>6823FD59-9485-4B1F-B2FD7EC5B449C96E</string></field><field name='GROUPID'><string>4F68D89F-A9F0-4B1B-B0E288FDC880A70E</string><string>F4C9CD4C-DC7B-40CE-92D2C3B516482FFA</string><string>AE8814E0-9F17-4466-8D60627317D33CAE</string><string>223DAACF-0BB1-428B-928629A2877793AA</string></field></recordset></data></wddxPacket>
