<wddxPacket version='1.0'><header/><data><recordset rowCount='10' fieldNames='CATEGORYID,SITEID,PARENTID,DATECREATED,LASTUPDATE,LASTUPDATEBY,NAME,NOTES,ISINTERESTGROUP,ISACTIVE,ISOPEN,SORTBY,SORTDIRECTION,RESTRICTGROUPS,PATH,REMOTEID,REMOTESOURCEURL,REMOTEPUBDATE,URLTITLE,FILENAME,ISFEATUREABLE' type='coldfusion.sql.QueryTable'><field name='CATEGORYID'><string>DDA9F03E-A668-4079-BAAF710C149EDC6C</string><string>9BC9B9DF-DC85-468B-9893C2EE8832F741</string><string>F1F7094F-FE37-4378-9ED1C623077B5A67</string><string>7D436291-83A5-405B-98AD353D6358E8A2</string><string>4C2FC3F9-30EA-4A6E-B0FA5AE8C23CB85A</string><string>0F36D167-C962-4061-826C6A72A37AB9ED</string><string>271672EB-E5E6-46C3-8CF7258DD52E472A</string><string>7899B4B1-807B-47CE-AE3684983ABCBDB8</string><string>01BF0A85-573D-4829-BC634B3556E24CBB</string><string>0BBA9024-AEA5-4AC2-841FE1EDBB863F4F</string></field><field name='SITEID'><string>default</string><string>default</string><string>default</string><string>default</string><string>default</string><string>default</string><string>default</string><string>default</string><string>default</string><string>default</string></field><field name='PARENTID'><string></string><string>DDA9F03E-A668-4079-BAAF710C149EDC6C</string><string>DDA9F03E-A668-4079-BAAF710C149EDC6C</string><string>DDA9F03E-A668-4079-BAAF710C149EDC6C</string><string>DDA9F03E-A668-4079-BAAF710C149EDC6C</string><string>DDA9F03E-A668-4079-BAAF710C149EDC6C</string><string>DDA9F03E-A668-4079-BAAF710C149EDC6C</string><string>DDA9F03E-A668-4079-BAAF710C149EDC6C</string><string>DDA9F03E-A668-4079-BAAF710C149EDC6C</string><string>DDA9F03E-A668-4079-BAAF710C149EDC6C</string></field><field name='DATECREATED'><dateTime>2012-11-27T16:9:32+0:0</dateTime><dateTime>2012-11-27T16:11:0+0:0</dateTime><dateTime>2013-9-21T0:39:24+0:0</dateTime><dateTime>2012-11-27T16:12:39+0:0</dateTime><dateTime>2012-11-27T16:10:32+0:0</dateTime><dateTime>2012-11-27T19:36:20+0:0</dateTime><dateTime>2012-11-27T16:9:49+0:0</dateTime><dateTime>2012-11-27T16:13:3+0:0</dateTime><dateTime>2012-11-27T16:10:19+0:0</dateTime><dateTime>2012-11-27T16:10:10+0:0</dateTime></field><field name='LASTUPDATE'><dateTime>2012-11-27T16:9:32+0:0</dateTime><dateTime>2012-11-27T16:11:0+0:0</dateTime><dateTime>2013-9-21T0:39:24+0:0</dateTime><dateTime>2012-11-27T16:12:39+0:0</dateTime><dateTime>2012-11-27T16:10:32+0:0</dateTime><dateTime>2012-11-27T19:36:20+0:0</dateTime><dateTime>2012-11-27T16:9:49+0:0</dateTime><dateTime>2012-11-27T16:13:3+0:0</dateTime><dateTime>2012-11-27T16:10:19+0:0</dateTime><dateTime>2012-11-27T16:10:10+0:0</dateTime></field><field name='LASTUPDATEBY'><string>Steve Withington</string><string>Steve Withington</string><string>Steve Withington</string><string>Steve Withington</string><string>Steve Withington</string><string>Steve Withington</string><string>Steve Withington</string><string>Steve Withington</string><string>Steve Withington</string><string>Steve Withington</string></field><field name='NAME'><string>News Categories</string><string>Arts &amp; Culture</string><string>Weather</string><string>Opinion</string><string>World News</string><string>Technology</string><string>Business</string><string>Health &amp; Science</string><string>Local News</string><string>Politics</string></field><field name='NOTES'><string></string><string></string><string></string><string></string><string></string><string></string><string></string><string></string><string></string><string></string></field><field name='ISINTERESTGROUP'><number>0.0</number><number>1.0</number><number>1.0</number><number>1.0</number><number>1.0</number><number>1.0</number><number>1.0</number><number>1.0</number><number>1.0</number><number>1.0</number></field><field name='ISACTIVE'><number>1.0</number><number>1.0</number><number>1.0</number><number>1.0</number><number>1.0</number><number>1.0</number><number>1.0</number><number>1.0</number><number>1.0</number><number>1.0</number></field><field name='ISOPEN'><number>0.0</number><number>1.0</number><number>1.0</number><number>1.0</number><number>1.0</number><number>1.0</number><number>1.0</number><number>1.0</number><number>1.0</number><number>1.0</number></field><field name='SORTBY'><string>orderno</string><string>orderno</string><string>orderno</string><string>orderno</string><string>orderno</string><string>orderno</string><string>orderno</string><string>orderno</string><string>orderno</string><string>orderno</string></field><field name='SORTDIRECTION'><string>asc</string><string>asc</string><string>asc</string><string>asc</string><string>asc</string><string>asc</string><string>asc</string><string>asc</string><string>asc</string><string>asc</string></field><field name='RESTRICTGROUPS'><string></string><string></string><string></string><string></string><string></string><string></string><string></string><string></string><string></string><string></string></field><field name='PATH'><string>DDA9F03E-A668-4079-BAAF710C149EDC6C</string><string>DDA9F03E-A668-4079-BAAF710C149EDC6C,9BC9B9DF-DC85-468B-9893C2EE8832F741</string><string>DDA9F03E-A668-4079-BAAF710C149EDC6C,F1F7094F-FE37-4378-9ED1C623077B5A67</string><string>DDA9F03E-A668-4079-BAAF710C149EDC6C,7D436291-83A5-405B-98AD353D6358E8A2</string><string>DDA9F03E-A668-4079-BAAF710C149EDC6C,4C2FC3F9-30EA-4A6E-B0FA5AE8C23CB85A</string><string>DDA9F03E-A668-4079-BAAF710C149EDC6C,0F36D167-C962-4061-826C6A72A37AB9ED</string><string>DDA9F03E-A668-4079-BAAF710C149EDC6C,271672EB-E5E6-46C3-8CF7258DD52E472A</string><string>DDA9F03E-A668-4079-BAAF710C149EDC6C,7899B4B1-807B-47CE-AE3684983ABCBDB8</string><string>DDA9F03E-A668-4079-BAAF710C149EDC6C,01BF0A85-573D-4829-BC634B3556E24CBB</string><string>DDA9F03E-A668-4079-BAAF710C149EDC6C,0BBA9024-AEA5-4AC2-841FE1EDBB863F4F</string></field><field name='REMOTEID'><string></string><string></string><string></string><string></string><string></string><string></string><string></string><string></string><string></string><string></string></field><field name='REMOTESOURCEURL'><string></string><string></string><string></string><string></string><string></string><string></string><string></string><string></string><string></string><string></string></field><field name='REMOTEPUBDATE'><string></string><string></string><string></string><string></string><string></string><string></string><string></string><string></string><string></string><string></string></field><field name='URLTITLE'><string>news-categories</string><string>arts-culture</string><string>weather</string><string>opinion</string><string>world-news</string><string>technology</string><string>business</string><string>health-science</string><string>local-news</string><string>politics</string></field><field name='FILENAME'><string>news-categories</string><string>news-categories/arts-culture</string><string>news-categories/weather</string><string>news-categories/opinion</string><string>news-categories/world-news</string><string>news-categories/technology</string><string>news-categories/business</string><string>news-categories/health-science</string><string>news-categories/local-news</string><string>news-categories/politics</string></field><field name='ISFEATUREABLE'><number>0.0</number><number>1.0</number><number>1.0</number><number>1.0</number><number>1.0</number><number>1.0</number><number>1.0</number><number>1.0</number><number>1.0</number><number>1.0</number></field></recordset></data></wddxPacket>
