<wddxPacket version='1.0'><header/><data><recordset rowCount='2' fieldNames='FEEDID,ITEMID,TYPE' type='coldfusion.sql.QueryTable'><field name='FEEDID'><string>324AE1B8-C0A4-1E00-4666E9EFF58B9F52</string><string>324ADAA6-A5F2-0389-BEF34009952FD4A8</string></field><field name='ITEMID'><string>324AC98D-09CC-7B8F-1A82A2DB769C7696</string><string>324AC7D8-B2AC-E469-3513864F6904764B</string></field><field name='TYPE'><string>contentID</string><string>contentID</string></field></recordset></data></wddxPacket>
