<wddxPacket version='1.0'><header/><data><recordset rowCount='2' fieldNames='MEMBERSHIPID,CREATED,ORDERNO,CHAINID,SITEID,GROUPID' type='coldfusion.sql.QueryTable'><field name='MEMBERSHIPID'><string>93C60C63-6FA1-4A8F-85A4706B3E8017C4</string><string>E38EE10A-8D54-4D31-8D4B479078AC0BA0</string></field><field name='CREATED'><dateTime>2017-1-17T20:20:49+0:0</dateTime><dateTime>2017-1-17T20:19:51+0:0</dateTime></field><field name='ORDERNO'><number>1.0</number><number>2.0</number></field><field name='CHAINID'><string>466FBF5B-1885-4689-B1E3A6B9549ECB48</string><string>466FBF5B-1885-4689-B1E3A6B9549ECB48</string></field><field name='SITEID'><string>default</string><string>default</string></field><field name='GROUPID'><string>F4C9CD4C-DC7B-40CE-92D2C3B516482FFA</string><string>223DAACF-0BB1-428B-928629A2877793AA</string></field></recordset></data></wddxPacket>
