<wddxPacket version='1.0'><header/><data><recordset rowCount='2' fieldNames='MLID,SITEID,NAME,DESCRIPTION,LASTUPDATE,ISPURGE,ISPUBLIC' type='coldfusion.sql.QueryTable'><field name='MLID'><string>D623BC19-61BA-4C4B-9B79323E8C917BF0</string><string>A4B72AD4-67FA-4123-AADB643A084DD11F</string></field><field name='SITEID'><string>default</string><string>default</string></field><field name='NAME'><string>Master Do Not Email List</string><string>Sign Up for Our Mailing List</string></field><field name='DESCRIPTION'><string></string><string></string></field><field name='LASTUPDATE'><dateTime>2010-12-10T18:55:48+0:0</dateTime><dateTime>2013-9-27T6:54:7+0:0</dateTime></field><field name='ISPURGE'><number>1.0</number><number>0.0</number></field><field name='ISPUBLIC'><number>1.0</number><number>1.0</number></field></recordset></data></wddxPacket>
