<wddxPacket version='1.0'><header/><data><recordset rowCount='0' fieldNames='FAVORITEID,USERID,FAVORITENAME,FAVORITE,TYPE,SITEID,DATECREATED,COLUMNNUMBER,ROWNUMBER,MAXRSSITEMS' type='coldfusion.sql.QueryTable'><field name='FAVORITEID'></field><field name='USERID'></field><field name='FAVORITENAME'></field><field name='FAVORITE'></field><field name='TYPE'></field><field name='SITEID'></field><field name='DATECREATED'></field><field name='COLUMNNUMBER'></field><field name='ROWNUMBER'></field><field name='MAXRSSITEMS'></field></recordset></data></wddxPacket>
