<wddxPacket version='1.0'><header/><data><recordset rowCount='8' fieldNames='CONTENTHISTID,RELATEDID,CONTENTID,SITEID,RELATEDCONTENTSETID,ORDERNO,RELATEDCONTENTID' type='coldfusion.sql.QueryTable'><field name='CONTENTHISTID'><string>D10B551C-F7DC-4BCC-9E1404042657CA33</string><string>91CF9B53-1A78-4FC4-92FDCC6D74940458</string><string>D10B551C-F7DC-4BCC-9E1404042657CA33</string><string>91CF9B53-1A78-4FC4-92FDCC6D74940458</string><string>D10B551C-F7DC-4BCC-9E1404042657CA33</string><string>5B2FB3F8-9CB2-4E9F-B00A3DEE6F3C04EA</string><string>A769123F-6D07-4991-83237B465A741D36</string><string>D10B551C-F7DC-4BCC-9E1404042657CA33</string></field><field name='RELATEDID'><string>EC1FEDA1-003F-418F-8E4A929F96BC175B</string><string>E7937AAE-F1E2-4F71-B9806C6E68493158</string><string>3BFD2470-8EEB-48AF-B90BDE4FD85EC5DA</string><string>2042F9D2-0049-448F-94C8BD9830A54038</string><string>D09FADEA-540F-4742-B775EE8D1B6DE671</string><string>E439977F-FCA3-41E2-BEEFA708970C1121</string><string>E439977F-FCA3-41E2-BEEFA708970C1121</string><string>14FA30F1-7178-4364-9AC4ACE5B93C9D2B</string></field><field name='CONTENTID'><string>21BAF10B-2DC2-47A8-A7B1F2C93D65AC0E</string><string>E439977F-FCA3-41E2-BEEFA708970C1121</string><string>21BAF10B-2DC2-47A8-A7B1F2C93D65AC0E</string><string>E439977F-FCA3-41E2-BEEFA708970C1121</string><string>21BAF10B-2DC2-47A8-A7B1F2C93D65AC0E</string><string>CD83000E-95A1-42A6-87D86DCEFB2F13CF</string><string>509937FC-1ADF-4A11-A15D333B8929779E</string><string>21BAF10B-2DC2-47A8-A7B1F2C93D65AC0E</string></field><field name='SITEID'><string>default</string><string>default</string><string>default</string><string>default</string><string>default</string><string>default</string><string>default</string><string>default</string></field><field name='RELATEDCONTENTSETID'><string>00000000000000000000000000000000000</string><string>00000000000000000000000000000000000</string><string>00000000000000000000000000000000000</string><string>00000000000000000000000000000000000</string><string>00000000000000000000000000000000000</string><string>00000000000000000000000000000000000</string><string>00000000000000000000000000000000000</string><string>00000000000000000000000000000000000</string></field><field name='ORDERNO'><number>1.0</number><number>1.0</number><number>5.0</number><number>2.0</number><number>4.0</number><number>1.0</number><number>1.0</number><number>3.0</number></field><field name='RELATEDCONTENTID'><number>1.0</number><number>19.0</number><number>4.0</number><number>20.0</number><number>3.0</number><number>5.0</number><number>6.0</number><number>2.0</number></field></recordset></data></wddxPacket>
