<wddxPacket version='1.0'><header/><data><recordset rowCount='2' fieldNames='MLID,SITEID,NAME,DESCRIPTION,LASTUPDATE,ISPURGE,ISPUBLIC' type='coldfusion.sql.QueryTable'><field name='MLID'><string>324AE29D-952C-5418-FFCDE32893BA6B76</string><string>324AE2AC-AAEF-B38E-667F67E224AB0BAA</string></field><field name='SITEID'><string>default</string><string>default</string></field><field name='NAME'><string>Master Do Not Email List</string><string>Sign Up for Our Mailing List</string></field><field name='DESCRIPTION'><null/><null/></field><field name='LASTUPDATE'><dateTime>2010-12-10T18:55:48+00:00</dateTime><dateTime>2013-09-27T06:54:07+00:00</dateTime></field><field name='ISPURGE'><number>1.0</number><number>0.0</number></field><field name='ISPUBLIC'><number>1.0</number><number>1.0</number></field></recordset></data></wddxPacket>
