<wddxPacket version='1.0'><header/><data><recordset rowCount='15' fieldNames='TAGID,CONTENTHISTID,CONTENTID,SITEID,TAG,TAGGROUP' type='coldfusion.sql.QueryTable'><field name='TAGID'><number>141.0</number><number>142.0</number><number>143.0</number><number>144.0</number><number>145.0</number><number>146.0</number><number>147.0</number><number>148.0</number><number>149.0</number><number>150.0</number><number>151.0</number><number>152.0</number><number>153.0</number><number>154.0</number><number>155.0</number></field><field name='CONTENTHISTID'><string>324AC7C7-0156-8B4F-C247D65BC2FEE9B2</string><string>324AC7C7-0156-8B4F-C247D65BC2FEE9B2</string><string>324AC8A3-EA2D-B1AD-7C9D85111F76B13B</string><string>324AC8A3-EA2D-B1AD-7C9D85111F76B13B</string><string>324AC976-A5CC-4AB8-0CADA1A3841BE909</string><string>324AC976-A5CC-4AB8-0CADA1A3841BE909</string><string>324AC976-A5CC-4AB8-0CADA1A3841BE909</string><string>324ACB8A-DC74-0A74-3DF480143750CB65</string><string>324ACB8A-DC74-0A74-3DF480143750CB65</string><string>324ACD2F-EFBF-C3C8-D56A3D85C563FE06</string><string>324ACD2F-EFBF-C3C8-D56A3D85C563FE06</string><string>324AD524-CFB9-DA56-1D7560CBC5F10BC9</string><string>324AD524-CFB9-DA56-1D7560CBC5F10BC9</string><string>324AD62E-96A1-F656-111ABD8E636CF2B2</string><string>324AD62E-96A1-F656-111ABD8E636CF2B2</string></field><field name='CONTENTID'><string>324AC7CC-BBD1-35F9-5E9276464A92D86C</string><string>324AC7CC-BBD1-35F9-5E9276464A92D86C</string><string>324AC8A4-C4C5-4AE5-D7ED4E691AEC7240</string><string>324AC8A4-C4C5-4AE5-D7ED4E691AEC7240</string><string>324AC977-0BE8-CE72-490AD9929871B8C5</string><string>324AC977-0BE8-CE72-490AD9929871B8C5</string><string>324AC977-0BE8-CE72-490AD9929871B8C5</string><string>324ACB8C-DD95-38D9-5549DDBBD45C156B</string><string>324ACB8C-DD95-38D9-5549DDBBD45C156B</string><string>324ACD31-9F7D-8A75-2653B8827368333A</string><string>324ACD31-9F7D-8A75-2653B8827368333A</string><string>324AD526-C8C7-ED3A-6D404CBF8B5426F9</string><string>324AD526-C8C7-ED3A-6D404CBF8B5426F9</string><string>324AD62F-D805-6CA3-B7545FF68BC494F6</string><string>324AD62F-D805-6CA3-B7545FF68BC494F6</string></field><field name='SITEID'><string>default                  </string><string>default                  </string><string>default                  </string><string>default                  </string><string>default                  </string><string>default                  </string><string>default                  </string><string>default                  </string><string>default                  </string><string>default                  </string><string>default                  </string><string>default                  </string><string>default                  </string><string>default                  </string><string>default                  </string></field><field name='TAG'><string>school</string><string>kids</string><string>fun</string><string>kids</string><string>california</string><string>wine</string><string>running</string><string>travel</string><string>fun</string><string>fun</string><string>travel</string><string>california</string><string>developer</string><string>california</string><string>birds</string></field><field name='TAGGROUP'><null/><null/><null/><null/><string>News</string><string>News</string><string>News</string><null/><null/><null/><null/><string>News</string><string>News</string><string>News</string><string>News</string></field></recordset></data></wddxPacket>
