<wddxPacket version='1.0'><header/><data><recordset rowCount='2' fieldNames='PARAMID,FEEDID,PARAM,RELATIONSHIP,FIELD,CONDITION,CRITERIA,DATATYPE' type='coldfusion.sql.QueryTable'><field name='PARAMID'><string>324AE257-06AE-EB66-C6051A55C883782B</string><string>324AE26A-CC19-862E-27236532CE6A6C82</string></field><field name='FEEDID'><string>324ADAA6-A5F2-0389-BEF34009952FD4A8</string><string>324AE1B8-C0A4-1E00-4666E9EFF58B9F52</string></field><field name='PARAM'><number>1.0</number><number>1.0</number></field><field name='RELATIONSHIP'><string>and</string><string>and</string></field><field name='FIELD'><null/><null/></field><field name='CONDITION'><string>Equals</string><string>Equals</string></field><field name='CRITERIA'><null/><null/></field><field name='DATATYPE'><string>varchar</string><string>varchar</string></field></recordset></data></wddxPacket>
