<wddxPacket version='1.0'><header/><data><recordset rowCount='0' fieldNames='DATAID,BASEID,ATTRIBUTEID,SITEID,ATTRIBUTEVALUE,REMOTEID,DATETIMEVALUE,NUMERICVALUE,STRINGVALUE' type='coldfusion.sql.QueryTable'><field name='DATAID'></field><field name='BASEID'></field><field name='ATTRIBUTEID'></field><field name='SITEID'></field><field name='ATTRIBUTEVALUE'></field><field name='REMOTEID'></field><field name='DATETIMEVALUE'></field><field name='NUMERICVALUE'></field><field name='STRINGVALUE'></field></recordset></data></wddxPacket>
