<wddxPacket version='1.0'><header/><data><recordset rowCount='15' fieldNames='TAGID,CONTENTID,CONTENTHISTID,SITEID,TAG,TAGGROUP' type='coldfusion.sql.QueryTable'><field name='TAGID'><number>3.0</number><number>4.0</number><number>5.0</number><number>6.0</number><number>13.0</number><number>14.0</number><number>15.0</number><number>7.0</number><number>8.0</number><number>1.0</number><number>2.0</number><number>9.0</number><number>10.0</number><number>11.0</number><number>12.0</number></field><field name='CONTENTID'><string>13AD206F-5150-4CCA-AB87FCA8E22D5278</string><string>13AD206F-5150-4CCA-AB87FCA8E22D5278</string><string>2042F9D2-0049-448F-94C8BD9830A54038</string><string>2042F9D2-0049-448F-94C8BD9830A54038</string><string>22975520-5E41-411B-850B35452FD99FE0</string><string>22975520-5E41-411B-850B35452FD99FE0</string><string>22975520-5E41-411B-850B35452FD99FE0</string><string>3E384B14-C505-47D7-B44232E625EF339D</string><string>3E384B14-C505-47D7-B44232E625EF339D</string><string>505752C2-10BD-4117-862FC498D9FB2E6A</string><string>505752C2-10BD-4117-862FC498D9FB2E6A</string><string>E7937AAE-F1E2-4F71-B9806C6E68493158</string><string>E7937AAE-F1E2-4F71-B9806C6E68493158</string><string>EDDE4936-CDC4-4208-A0885E6F910B0B6D</string><string>EDDE4936-CDC4-4208-A0885E6F910B0B6D</string></field><field name='CONTENTHISTID'><string>5FC99050-8738-4EA8-851B19ADB8393EF1</string><string>5FC99050-8738-4EA8-851B19ADB8393EF1</string><string>5725C74D-1A40-4F1F-8051208D3F43E40D</string><string>5725C74D-1A40-4F1F-8051208D3F43E40D</string><string>1C5FF909-C667-4E6F-8519517D5549AD63</string><string>1C5FF909-C667-4E6F-8519517D5549AD63</string><string>1C5FF909-C667-4E6F-8519517D5549AD63</string><string>1EF16AEB-FF0A-4B8B-98279305617BFAE0</string><string>1EF16AEB-FF0A-4B8B-98279305617BFAE0</string><string>1B2E98B1-C93C-4314-9AD91380E9B9AD30</string><string>1B2E98B1-C93C-4314-9AD91380E9B9AD30</string><string>6C13DAF1-6FFC-44A0-B65959BF4EDF2E61</string><string>6C13DAF1-6FFC-44A0-B65959BF4EDF2E61</string><string>B7B0574D-994C-4945-91D8F126ED844E09</string><string>B7B0574D-994C-4945-91D8F126ED844E09</string></field><field name='SITEID'><string>default</string><string>default</string><string>default</string><string>default</string><string>default</string><string>default</string><string>default</string><string>default</string><string>default</string><string>default</string><string>default</string><string>default</string><string>default</string><string>default</string><string>default</string></field><field name='TAG'><string>school</string><string>kids</string><string>fun</string><string>kids</string><string>california</string><string>wine</string><string>running</string><string>travel</string><string>fun</string><string>fun</string><string>travel</string><string>california</string><string>developer</string><string>california</string><string>birds</string></field><field name='TAGGROUP'><string></string><string></string><string></string><string></string><string>News</string><string>News</string><string>News</string><string></string><string></string><string></string><string></string><string>News</string><string>News</string><string>News</string><string>News</string></field></recordset></data></wddxPacket>
