<wddxPacket version='1.0'><header/><data><recordset rowCount='34' fieldNames='CONTENTHISTID,OBJECTID,OBJECT,CONTENTID,NAME,ORDERNO,SITEID,COLUMNID,PARAMS' type='coldfusion.sql.QueryTable'><field name='CONTENTHISTID'><string>ABA65E1F-1A07-4120-B28BE2EE17E3AAD0</string><string>A769123F-6D07-4991-83237B465A741D36</string><string>BF3C41DA-BF68-48DD-BB24346C6C837016</string><string>B9071ED9-EF3E-4FEA-96A44001EE3D245F</string><string>5FB3C394-ED01-4EA3-9EB35F558D57B2AA</string><string>9588C02F-6BA4-423A-82A6527BAC61BA1A</string><string>B5F709A9-87B0-441D-9A48BB69AF2C6A45</string><string>B5F709A9-87B0-441D-9A48BB69AF2C6A45</string><string>B5F709A9-87B0-441D-9A48BB69AF2C6A45</string><string>B5F709A9-87B0-441D-9A48BB69AF2C6A45</string><string>B5F709A9-87B0-441D-9A48BB69AF2C6A45</string><string>B5F709A9-87B0-441D-9A48BB69AF2C6A45</string><string>4BAAC57A-589E-4F86-9434DB9BAF85B84B</string><string>4BAAC57A-589E-4F86-9434DB9BAF85B84B</string><string>4BAAC57A-589E-4F86-9434DB9BAF85B84B</string><string>D513B323-D8EC-4E64-A28AF923CE93B472</string><string>179BC5B4-F934-4B5A-B31FDBDA147A2646</string><string>1C4C8A14-1993-4BFE-8AA6B5BAED772966</string><string>D59E06DA-926A-48F7-9549BB0C1F52097A</string><string>C8E67EF0-32D1-4A2E-B97A05EE1AE1E2B7</string><string>C8E67EF0-32D1-4A2E-B97A05EE1AE1E2B7</string><string>55E049E9-E84C-40BA-BFC1C87C127B982F</string><string>8BE43DF1-79F6-494C-A7073BE1DE59E86C</string><string>4A19C61D-AA9C-40C5-985ECFB835823BBC</string><string>4A19C61D-AA9C-40C5-985ECFB835823BBC</string><string>4A19C61D-AA9C-40C5-985ECFB835823BBC</string><string>4A19C61D-AA9C-40C5-985ECFB835823BBC</string><string>15B954EF-3753-486B-AB8697C828C0F0C4</string><string>37764320-BAEA-47B0-97348863B8202125</string><string>95FE0D32-6A72-4F39-8639F5ADF47A0FE6</string><string>D10B551C-F7DC-4BCC-9E1404042657CA33</string><string>0731CAD6-A2C8-4532-8AD9E576C428B044</string><string>91CF9B53-1A78-4FC4-92FDCC6D74940458</string><string>91CF9B53-1A78-4FC4-92FDCC6D74940458</string></field><field name='OBJECTID'><string>D96A1B76-AFCF-4B5A-9AB5BD599F2A7650</string><string>25ADD304-008C-4B1F-9C4C026101837324</string><string>6C42C6AB-D53A-42CC-8A5CEF10D67F803F</string><string>E61B4A48-E0F4-4B93-A7B0B73D14F10D2C</string><string>B49F162C-761E-4CAC-9098F7B3446B6F30</string><string>DF4BC854-9161-4F09-8B77B3921F2D3284</string><string>F89386D8-4DC7-4FB4-821A5FCC880D2491</string><string>A993E425-043C-42C0-AC9863E64287E264</string><string>6E97FB34-EA55-4D1A-A73A54677CA9C6AC</string><string>6E97FB34-EA55-4D1A-A73A54677CA9C6AC</string><string>6E97FB34-EA55-4D1A-A73A54677CA9C6AC</string><string>6E97FB34-EA55-4D1A-A73A54677CA9C6AC</string><string>659F1B56-2C33-4A29-9F11EEDCB210C2C7</string><string>C0F17481-8D8D-4293-A26D6AB5350B3E30</string><string>DA121466-2EB5-4522-83C1077442418B8B</string><string>B54C045A-7CD0-4B44-A6E69868A33DB0DC</string><string>F7153533-1252-4B05-9D475590D4B7AA8D</string><string>F3AA18CB-D174-420B-8A948ACB3043AD3B</string><string>8D541C60-D6DF-42A4-9CEABEF885208927</string><string>DBFB3EAF-E80F-4F0E-BF75FD4831BDC039</string><string>DF852F2B-527D-4B2B-97A75B746B1F9498</string><string>D012A4E2-9460-4A3F-AB15A36A16E16D6E</string><string>50818436-FC8F-4DE7-A1DBDD6A9C5F057A</string><string>419D393C-B1CB-4935-933981237E910018</string><string>419D393C-B1CB-4935-933981237E910018</string><string>419D393C-B1CB-4935-933981237E910018</string><string>80C693C5-6BCA-4F4E-83129C2EAE79123D</string><string>72E5BCB7-62FC-4E07-829C4359D30C9B92</string><string>F721DED7-F256-4960-9A0603490290F777</string><string>8FF34C99-B440-46B2-82E5184C2DFE83EF</string><string>8383A60F-DDCF-4AF1-B42FACE033DFE322</string><string>D80B4AFD-53DF-42F6-886EAB658DCE20E4</string><string>E439977F-FCA3-41E2-BEEFA708970C1121</string><string>AFABE547-178D-44B1-A1FF41038C14C586</string></field><field name='OBJECT'><string>folder_nav</string><string>feed</string><string>standard_nav</string><string>tag_cloud</string><string>user_tools</string><string>dragable_feeds</string><string>category_summary</string><string>comments</string><string>archive_nav</string><string>calendar_nav</string><string>category_summary</string><string>tag_cloud</string><string>collection</string><string>feed</string><string>feed</string><string>event_reminder_form</string><string>multilevel_nav</string><string>seq_nav</string><string>sub_nav</string><string>standard_nav</string><string>user_tools</string><string>site_map</string><string>folder_nav</string><string>archive_nav</string><string>calendar_nav</string><string>tag_cloud</string><string>comments</string><string>peer_nav</string><string>comments</string><string>form</string><string>collection</string><string>sub_nav</string><string>standard_nav</string><string>collection</string></field><field name='CONTENTID'><string>D96A1B76-AFCF-4B5A-9AB5BD599F2A7650</string><string>509937FC-1ADF-4A11-A15D333B8929779E</string><string>BF17E075-804D-441C-9114B8E116783D71</string><string>E1C01873-805F-40E8-8D3095748C41B68C</string><string>3BFD2470-8EEB-48AF-B90BDE4FD85EC5DA</string><string>AC40AF6B-E67C-42DD-867D09DAAE3B436A</string><string>6E97FB34-EA55-4D1A-A73A54677CA9C6AC</string><string>6E97FB34-EA55-4D1A-A73A54677CA9C6AC</string><string>6E97FB34-EA55-4D1A-A73A54677CA9C6AC</string><string>6E97FB34-EA55-4D1A-A73A54677CA9C6AC</string><string>6E97FB34-EA55-4D1A-A73A54677CA9C6AC</string><string>6E97FB34-EA55-4D1A-A73A54677CA9C6AC</string><string>00000000000000000000000000000000001</string><string>00000000000000000000000000000000001</string><string>00000000000000000000000000000000001</string><string>ED71BCF7-BF21-45C0-BC01ECFDEA1235E4</string><string>44DF430C-7CD8-4724-BBA7CE3A7196C06D</string><string>41543FD9-AD9D-4853-8257100AB8CFF37D</string><string>2077CDFB-F00E-4C7B-B82926DFE0B4912D</string><string>20F64E56-84C7-4E03-8B9CADBA12FCDAFC</string><string>20F64E56-84C7-4E03-8B9CADBA12FCDAFC</string><string>6B7E584E-9793-4CBE-BE339E396024CD87</string><string>C17F498F-86FC-4E9D-BD78DB2981229069</string><string>419D393C-B1CB-4935-933981237E910018</string><string>419D393C-B1CB-4935-933981237E910018</string><string>419D393C-B1CB-4935-933981237E910018</string><string>419D393C-B1CB-4935-933981237E910018</string><string>6CBB0089-F34D-4F93-B00E38E927CDE42C</string><string>EC1FEDA1-003F-418F-8E4A929F96BC175B</string><string>BBD0DBEB-3B30-421C-87D23DD6E53342A3</string><string>21BAF10B-2DC2-47A8-A7B1F2C93D65AC0E</string><string>D80B4AFD-53DF-42F6-886EAB658DCE20E4</string><string>E439977F-FCA3-41E2-BEEFA708970C1121</string><string>E439977F-FCA3-41E2-BEEFA708970C1121</string></field><field name='NAME'><string>&lt;i class=&quot;mi-align-justify&quot;&gt;&lt;/i&gt; Navigation</string><string>Upcoming Events - Local Index</string><string>Standard Navigation</string><string>Tag Group</string><string>&lt;i class=&quot;mi-cog&quot;&gt;&lt;/i&gt; System</string><string>Dragable Feeds</string><string>Category Summary</string><string>Comments</string><string>&lt;i class=&quot;mi-align-justify&quot;&gt;&lt;/i&gt; Navigation</string><string>&lt;i class=&quot;mi-align-justify&quot;&gt;&lt;/i&gt; Navigation</string><string>Navigation</string><string>Navigation</string><string>&lt;i class=&quot;mi-th-list&quot;&gt;&lt;/i&gt; Collection</string><string>Mura Blog - Remote Feed</string><string>From Our Blog - Local Index</string><string>Event Reminder Form</string><string>Multi-Level Navigation</string><string>Sequential Nav</string><string>Sub Navigation</string><string>Standard Navigation</string><string>User Tools</string><string>Site Map</string><string>Folder Navigation</string><string>&lt;i class=&quot;mi-align-justify&quot;&gt;&lt;/i&gt; Navigation</string><string>&lt;i class=&quot;mi-align-justify&quot;&gt;&lt;/i&gt; Navigation</string><string>&lt;i class=&quot;mi-align-justify&quot;&gt;&lt;/i&gt; Navigation</string><string>Comments</string><string>Peer Navigation</string><string>&lt;i class=&quot;mi-cog&quot;&gt;&lt;/i&gt; System</string><string>&lt;i class=&quot;mi-toggle-on&quot;&gt;&lt;/i&gt; Form</string><string>&lt;i class=&quot;mi-th-list&quot;&gt;&lt;/i&gt; Collection</string><string>&lt;i class=&quot;mi-align-justify&quot;&gt;&lt;/i&gt; Navigation</string><string>Navigation</string><string>Collection</string></field><field name='ORDERNO'><number>1.0</number><number>1.0</number><number>1.0</number><number>1.0</number><number>1.0</number><number>1.0</number><number>1.0</number><number>1.0</number><number>2.0</number><number>1.0</number><number>2.0</number><number>3.0</number><number>1.0</number><number>2.0</number><number>1.0</number><number>1.0</number><number>1.0</number><number>1.0</number><number>1.0</number><number>1.0</number><number>2.0</number><number>1.0</number><number>1.0</number><number>2.0</number><number>1.0</number><number>3.0</number><number>1.0</number><number>1.0</number><number>1.0</number><number>1.0</number><number>1.0</number><number>1.0</number><number>1.0</number><number>1.0</number></field><field name='SITEID'><string>default</string><string>default</string><string>default</string><string>default</string><string>default</string><string>default</string><string>default</string><string>default</string><string>default</string><string>default</string><string>default</string><string>default</string><string>default</string><string>default</string><string>default</string><string>default</string><string>default</string><string>default</string><string>default</string><string>default</string><string>default</string><string>default</string><string>default</string><string>default</string><string>default</string><string>default</string><string>default</string><string>default</string><string>default</string><string>default</string><string>default</string><string>default</string><string>default</string><string>default</string></field><field name='COLUMNID'><number>1.0</number><number>3.0</number><number>1.0</number><number>2.0</number><number>2.0</number><number>2.0</number><number>3.0</number><number>2.0</number><number>1.0</number><number>1.0</number><number>3.0</number><number>3.0</number><number>2.0</number><number>3.0</number><number>3.0</number><number>2.0</number><number>1.0</number><number>2.0</number><number>1.0</number><number>1.0</number><number>1.0</number><number>2.0</number><number>1.0</number><number>3.0</number><number>3.0</number><number>3.0</number><number>2.0</number><number>1.0</number><number>2.0</number><number>3.0</number><number>2.0</number><number>1.0</number><number>1.0</number><number>3.0</number></field><field name='PARAMS'><string>{&quot;object&quot;:&quot;folder_nav&quot;,&quot;objectname&quot;:&quot;&lt;i class=\&quot;mi-align-justify\&quot;&gt;&lt;/i&gt; Navigation&quot;,&quot;inited&quot;:true,&quot;taggroup&quot;:&quot;&quot;,&quot;cssclass&quot;:&quot;&quot;,&quot;class&quot;:&quot;&quot;}</string><string>{&quot;imageSize&quot;:&quot;small&quot;,&quot;imageWidth&quot;:&quot;AUTO&quot;,&quot;imageHeight&quot;:&quot;AUTO&quot;,&quot;displayName&quot;:&quot;1&quot;,&quot;altName&quot;:&quot;&quot;,&quot;cssclass&quot;:&quot;&quot;,&quot;viewalllink&quot;:&quot;&quot;,&quot;viewalllabel&quot;:&quot;&quot;,&quot;maxItems&quot;:&quot;3&quot;,&quot;nextN&quot;:&quot;20&quot;,&quot;displayList&quot;:&quot;Date,Title,Image,Summary,Credits,Tags&quot;}</string><string></string><string>{&quot;taggroup&quot;:&quot;&quot;}</string><string>{&quot;object&quot;:&quot;user_tools&quot;,&quot;objectname&quot;:&quot;&lt;i class=\&quot;mi-cog\&quot;&gt;&lt;/i&gt; System&quot;,&quot;inited&quot;:true,&quot;cssclass&quot;:&quot;&quot;,&quot;class&quot;:&quot;&quot;}</string><string></string><string>{&quot;object&quot;:&quot;category_summary&quot;,&quot;objectname&quot;:&quot;Category Summary&quot;,&quot;inited&quot;:true,&quot;taggroup&quot;:&quot;&quot;,&quot;css&quot;:&quot;&quot;,&quot;render&quot;:&quot;server&quot;,&quot;displayrss&quot;:false,&quot;objecticonclass&quot;:&quot;mi-cog&quot;}</string><string>{&quot;object&quot;:&quot;comments&quot;,&quot;objectname&quot;:&quot;Comments&quot;,&quot;inited&quot;:true,&quot;css&quot;:&quot;&quot;,&quot;render&quot;:&quot;server&quot;,&quot;objecticonclass&quot;:&quot;mi-cog&quot;}</string><string>{&quot;object&quot;:&quot;archive_nav&quot;,&quot;render&quot;:&quot;server&quot;,&quot;objecticonclass&quot;:&quot;mi-cog&quot;,&quot;objectname&quot;:&quot;&lt;i class=\&quot;mi-align-justify\&quot;&gt;&lt;/i&gt; Navigation&quot;}</string><string>{&quot;object&quot;:&quot;calendar_nav&quot;,&quot;render&quot;:&quot;server&quot;,&quot;objectname&quot;:&quot;&lt;i class=\&quot;mi-align-justify\&quot;&gt;&lt;/i&gt; Navigation&quot;,&quot;objecticonclass&quot;:&quot;mi-cog&quot;}</string><string>{&quot;object&quot;:&quot;category_summary&quot;,&quot;objectname&quot;:&quot;Navigation&quot;,&quot;objecticonclass&quot;:&quot;mi-align-justify&quot;,&quot;inited&quot;:true,&quot;taggroup&quot;:&quot;&quot;,&quot;cssclass&quot;:&quot;&quot;,&quot;class&quot;:&quot;&quot;}</string><string>{&quot;object&quot;:&quot;tag_cloud&quot;,&quot;objectname&quot;:&quot;Navigation&quot;,&quot;objecticonclass&quot;:&quot;mi-align-justify&quot;,&quot;inited&quot;:true,&quot;taggroup&quot;:&quot;News&quot;,&quot;cssclass&quot;:&quot;&quot;,&quot;class&quot;:&quot;&quot;}</string><string>{&quot;object&quot;:&quot;collection&quot;,&quot;objectname&quot;:&quot;&lt;i class=\&quot;mi-th-list\&quot;&gt;&lt;/i&gt; Collection&quot;,&quot;inited&quot;:true,&quot;sourcetype&quot;:&quot;localindex&quot;,&quot;label&quot;:&quot;From Our Blog&quot;,&quot;css&quot;:&quot;&quot;,&quot;&quot;:&quot;&quot;,&quot;source&quot;:&quot;DA121466-2EB5-4522-83C1077442418B8B&quot;,&quot;layout&quot;:&quot;grid&quot;,&quot;imagesize&quot;:&quot;carouselimage&quot;,&quot;imageheight&quot;:&quot;AUTO&quot;,&quot;imagewidth&quot;:&quot;AUTO&quot;,&quot;displaylist&quot;:&quot;Image,Date,Title,Summary,Credits&quot;,&quot;modalimages&quot;:false,&quot;maxitems&quot;:3,&quot;nextn&quot;:20,&quot;gridstyle&quot;:&quot;mura-grid-three&quot;,&quot;render&quot;:&quot;server&quot;,&quot;items&quot;:&quot;&quot;,&quot;viewalllink&quot;:&quot;&quot;,&quot;viewalllabel&quot;:&quot;&quot;,&quot;sourceid&quot;:&quot;DA121466-2EB5-4522-83C1077442418B8B&quot;,&quot;cssclass&quot;:&quot;home-news&quot;,&quot;class&quot;:&quot;home-news&quot;}</string><string>{&quot;displaySummaries&quot;:&quot;0&quot;,&quot;viewalllink&quot;:&quot;&quot;,&quot;viewalllabel&quot;:&quot;&quot;}</string><string>{&quot;imageSize&quot;:&quot;small&quot;,&quot;imageWidth&quot;:&quot;AUTO&quot;,&quot;imageHeight&quot;:&quot;AUTO&quot;,&quot;displayName&quot;:&quot;1&quot;,&quot;altName&quot;:&quot;From Our Blog&quot;,&quot;cssclass&quot;:&quot;&quot;,&quot;viewalllink&quot;:&quot;&quot;,&quot;viewalllabel&quot;:&quot;&quot;,&quot;maxItems&quot;:&quot;1&quot;,&quot;nextN&quot;:&quot;20&quot;,&quot;displayList&quot;:&quot;Date,Title,Summary,Credits&quot;}</string><string></string><string></string><string></string><string></string><string></string><string></string><string></string><string></string><string>{&quot;object&quot;:&quot;archive_nav&quot;,&quot;render&quot;:&quot;server&quot;,&quot;objecticonclass&quot;:&quot;mi-cog&quot;,&quot;objectname&quot;:&quot;&lt;i class=\&quot;mi-align-justify\&quot;&gt;&lt;/i&gt; Navigation&quot;}</string><string>{&quot;object&quot;:&quot;calendar_nav&quot;,&quot;render&quot;:&quot;server&quot;,&quot;objectname&quot;:&quot;&lt;i class=\&quot;mi-align-justify\&quot;&gt;&lt;/i&gt; Navigation&quot;,&quot;objecticonclass&quot;:&quot;mi-cog&quot;}</string><string>{&quot;object&quot;:&quot;tag_cloud&quot;,&quot;objectname&quot;:&quot;&lt;i class=\&quot;mi-align-justify\&quot;&gt;&lt;/i&gt; Navigation&quot;,&quot;inited&quot;:true,&quot;taggroup&quot;:&quot;&quot;,&quot;css&quot;:&quot;&quot;,&quot;objecticonclass&quot;:&quot;mi-cog&quot;}</string><string>{&quot;object&quot;:&quot;comments&quot;,&quot;render&quot;:&quot;server&quot;,&quot;css&quot;:&quot;&quot;,&quot;inited&quot;:true,&quot;objectname&quot;:&quot;Comments&quot;,&quot;objecticonclass&quot;:&quot;mi-cog&quot;}</string><string></string><string>{&quot;object&quot;:&quot;comments&quot;,&quot;objectname&quot;:&quot;&lt;i class=\&quot;mi-cog\&quot;&gt;&lt;/i&gt; System&quot;,&quot;inited&quot;:true,&quot;cssclass&quot;:&quot;&quot;,&quot;class&quot;:&quot;&quot;}</string><string>{&quot;object&quot;:&quot;form&quot;,&quot;objectname&quot;:&quot;&lt;i class=\&quot;mi-toggle-on\&quot;&gt;&lt;/i&gt; Form&quot;,&quot;inited&quot;:true,&quot;view&quot;:&quot;form&quot;,&quot;render&quot;:&quot;client&quot;,&quot;label&quot;:&quot;Contact Us&quot;,&quot;cssclass&quot;:&quot;&quot;,&quot;class&quot;:&quot;&quot;,&quot;name&quot;:&quot;Information Request&quot;}</string><string>{&quot;object&quot;:&quot;collection&quot;,&quot;objectname&quot;:&quot;&lt;i class=\&quot;mi-th-list\&quot;&gt;&lt;/i&gt; Collection&quot;,&quot;inited&quot;:true,&quot;sourcetype&quot;:&quot;relatedcontent&quot;,&quot;label&quot;:&quot;&quot;,&quot;cssclass&quot;:&quot;&quot;,&quot;class&quot;:&quot;&quot;,&quot;source&quot;:&quot;00000000000000000000000000000000000&quot;,&quot;layout&quot;:&quot;default&quot;,&quot;imagesize&quot;:&quot;small&quot;,&quot;imageheight&quot;:&quot;AUTO&quot;,&quot;imagewidth&quot;:&quot;AUTO&quot;,&quot;displaylist&quot;:&quot;Date,Title,Summary,Credits,Tags&quot;,&quot;modalimages&quot;:false,&quot;viewalllink&quot;:&quot;&quot;,&quot;viewalllabel&quot;:&quot;&quot;,&quot;maxitems&quot;:4,&quot;nextn&quot;:20}</string><string>{&quot;object&quot;:&quot;sub_nav&quot;,&quot;objectname&quot;:&quot;&lt;i class=\&quot;mi-align-justify\&quot;&gt;&lt;/i&gt; Navigation&quot;,&quot;inited&quot;:true,&quot;taggroup&quot;:&quot;&quot;,&quot;cssclass&quot;:&quot;&quot;,&quot;class&quot;:&quot;&quot;}</string><string>{&quot;object&quot;:&quot;standard_nav&quot;,&quot;inited&quot;:&quot;YES&quot;,&quot;css&quot;:&quot;&quot;,&quot;objecticonclass&quot;:&quot;mi-align-justify&quot;,&quot;objectname&quot;:&quot;Navigation&quot;,&quot;render&quot;:&quot;server&quot;,&quot;taggroup&quot;:&quot;&quot;}</string><string>{&quot;object&quot;:&quot;collection&quot;,&quot;css&quot;:&quot;&quot;,&quot;viewalllink&quot;:&quot;&quot;,&quot;objecticonclass&quot;:&quot;mi-th-list&quot;,&quot;objectname&quot;:&quot;Collection&quot;,&quot;layout&quot;:&quot;default&quot;,&quot;render&quot;:&quot;server&quot;,&quot;items&quot;:&quot;&quot;,&quot;sourcetype&quot;:&quot;remotefeed&quot;,&quot;displaylist&quot;:&quot;Image,Date,Title,Summary,Credits,Tags&quot;,&quot;viewalllabel&quot;:&quot;&quot;,&quot;inited&quot;:&quot;YES&quot;,&quot;nextn&quot;:20,&quot;modalimages&quot;:&quot;NO&quot;,&quot;imagesize&quot;:&quot;small&quot;,&quot;imagewidth&quot;:&quot;AUTO&quot;,&quot;displaysummaries&quot;:1,&quot;sortby&quot;:&quot;&quot;,&quot;source&quot;:&quot;C0F17481-8D8D-4293-A26D6AB5350B3E30&quot;,&quot;label&quot;:&quot;&quot;,&quot;imageheight&quot;:&quot;AUTO&quot;,&quot;maxitems&quot;:2}</string></field></recordset></data></wddxPacket>
