<wddxPacket version='1.0'><header/><data><recordset rowCount='10' fieldNames='CONTENTID,GROUPID,SITEID,TYPE' type='coldfusion.sql.QueryTable'><field name='CONTENTID'><string>00000000000000000000000000000000000</string><string>00000000000000000000000000000000000</string><string>00000000000000000000000000000000000</string><string>00000000000000000000000000000000001</string><string>00000000000000000000000000000000001</string><string>00000000000000000000000000000000001</string><string>00000000000000000000000000000000003</string><string>00000000000000000000000000000000003</string><string>00000000000000000000000000000000003</string><string>00000000000000000000000000000000004</string></field><field name='GROUPID'><string>F4C9CD4C-DC7B-40CE-92D2C3B516482FFA</string><string>223DAACF-0BB1-428B-928629A2877793AA</string><string>AE8814E0-9F17-4466-8D60627317D33CAE</string><string>223DAACF-0BB1-428B-928629A2877793AA</string><string>AE8814E0-9F17-4466-8D60627317D33CAE</string><string>F4C9CD4C-DC7B-40CE-92D2C3B516482FFA</string><string>223DAACF-0BB1-428B-928629A2877793AA</string><string>AE8814E0-9F17-4466-8D60627317D33CAE</string><string>F4C9CD4C-DC7B-40CE-92D2C3B516482FFA</string><string>AE8814E0-9F17-4466-8D60627317D33CAE</string></field><field name='SITEID'><string>default</string><string>default</string><string>default</string><string>default</string><string>default</string><string>default</string><string>default</string><string>default</string><string>default</string><string>default</string></field><field name='TYPE'><string>module</string><string>module</string><string>module</string><string>editor</string><string>editor</string><string>author</string><string>editor</string><string>editor</string><string>author</string><string>editor</string></field></recordset></data></wddxPacket>
