<wddxPacket version='1.0'><header/><data><recordset rowCount='184' fieldNames='SITEID,ARCHIVEID,CONTENTID,FILENAME' type='coldfusion.sql.QueryTable'><field name='SITEID'><string>default</string><string>default</string><string>default</string><string>default</string><string>default</string><string>default</string><string>default</string><string>default</string><string>default</string><string>default</string><string>default</string><string>default</string><string>default</string><string>default</string><string>default</string><string>default</string><string>default</string><string>default</string><string>default</string><string>default</string><string>default</string><string>default</string><string>default</string><string>default</string><string>default</string><string>default</string><string>default</string><string>default</string><string>default</string><string>default</string><string>default</string><string>default</string><string>default</string><string>default</string><string>default</string><string>default</string><string>default</string><string>default</string><string>default</string><string>default</string><string>default</string><string>default</string><string>default</string><string>default</string><string>default</string><string>default</string><string>default</string><string>default</string><string>default</string><string>default</string><string>default</string><string>default</string><string>default</string><string>default</string><string>default</string><string>default</string><string>default</string><string>default</string><string>default</string><string>default</string><string>default</string><string>default</string><string>default</string><string>default</string><string>default</string><string>default</string><string>default</string><string>default</string><string>default</string><string>default</string><string>default</string><string>default</string><string>default</string><string>default</string><string>default</string><string>default</string><string>default</string><string>default</string><string>default</string><string>default</string><string>default</string><string>default</string><string>default</string><string>default</string><string>default</string><string>default</string><string>default</string><string>default</string><string>default</string><string>default</string><string>default</string><string>default</string><string>default</string><string>default</string><string>default</string><string>default</string><string>default</string><string>default</string><string>default</string><string>default</string><string>default</string><string>default</string><string>default</string><string>default</string><string>default</string><string>default</string><string>default</string><string>default</string><string>default</string><string>default</string><string>default</string><string>default</string><string>default</string><string>default</string><string>default</string><string>default</string><string>default</string><string>default</string><string>default</string><string>default</string><string>default</string><string>default</string><string>default</string><string>default</string><string>default</string><string>default</string><string>default</string><string>default</string><string>default</string><string>default</string><string>default</string><string>default</string><string>default</string><string>default</string><string>default</string><string>default</string><string>default</string><string>default</string><string>default</string><string>default</string><string>default</string><string>default</string><string>default</string><string>default</string><string>default</string><string>default</string><string>default</string><string>default</string><string>default</string><string>default</string><string>default</string><string>default</string><string>default</string><string>default</string><string>default</string><string>default</string><string>default</string><string>default</string><string>default</string><string>default</string><string>default</string><string>default</string><string>default</string><string>default</string><string>default</string><string>default</string><string>default</string><string>default</string><string>default</string><string>default</string><string>default</string><string>default</string><string>default</string><string>default</string><string>default</string><string>default</string><string>default</string><string>default</string><string>default</string><string>default</string><string>default</string><string>default</string><string>default</string><string>default</string></field><field name='ARCHIVEID'><string>32497A3F-9844-51C1-6D8FFD64651203D6</string><string>32497D05-0343-69AD-6A43537FD3594C45</string><string>32497E61-CE37-A1C8-AEF70F126BA1FB34</string><string>32497FB2-F9C2-0349-F84304C60C7DE64A</string><string>32498108-EE72-AB30-296C107694452A04</string><string>3249825B-918B-9815-F86EC77541328A91</string><string>324983B0-D526-3428-44259DD7D3E62FEE</string><string>32498501-C3EF-4B8D-933F657B8A2A8A1B</string><string>32498663-F727-0BF1-F1288B7D5F34B144</string><string>324987C1-DFED-F281-BA54925E838EFFF1</string><string>32498914-BBEE-6A96-E84E6B43059EC5B6</string><string>32498A68-A5FD-779B-D9A236694F26A670</string><string>32498BB5-D459-F219-DED027B37D6B5C87</string><string>32498D18-A09D-8EF6-F4B552B3986499B7</string><string>32498EEF-9D07-D189-5822DA147B375B64</string><string>3249908C-DCAE-E701-88F9CE3BC537B523</string><string>3249921A-F768-B9CD-E278AC4BA0E90112</string><string>324993AE-B0B4-CCD9-0D94905018942704</string><string>32499540-0B60-7F33-C451B2043C74D5E3</string><string>324996D2-0B16-0DFD-7DBB98D95574C5A6</string><string>32499876-AF75-88D4-E0896C50563FFCE6</string><string>32499A13-FEEC-594D-342D059EBFF10EEC</string><string>32499BB2-C7C0-F74C-0F2F11D2DA43A420</string><string>32499D55-B673-B253-73FD3847FFDFB694</string><string>32499F40-EF63-794A-2E7FEACA13AADBD8</string><string>3249A0E1-F929-9EBE-E876647DFF39DE02</string><string>3249A28B-BC3F-D2CC-8DE24743BD84E339</string><string>3249A435-9537-AB25-F9D83EE63248610D</string><string>3249A5CF-EFCC-C544-12D8ED7989A4E5EC</string><string>3249ABE5-AEC6-1B95-CE00D268E3B1A026</string><string>3249AD89-CBC9-5C2E-980A2E3E7BA87A0C</string><string>3249AF32-E3A1-DB9A-D0FBBEB027B00034</string><string>3249B0C1-FBFC-AA23-D75047CCE6934FAD</string><string>3249B279-EB81-BDC6-93DF51522EE3B88A</string><string>3249B42D-DBE1-EC2A-728968D5D78645ED</string><string>3249B5EB-915A-89EE-F78ECA303F06D6C2</string><string>3249B7D4-9FBF-9E9C-DBDB48088A6142B6</string><string>3249B9A3-FE9D-4E59-D12CDF61D1B78426</string><string>3249BB4E-B1E8-8A0C-313AFE1A046BBD63</string><string>3249BCFE-E7F6-9B2A-713D63988778DB55</string><string>3249BEA1-FB29-F275-AE851EEC5A602809</string><string>3249C053-A28D-72C7-1DA8D146BF1D0766</string><string>3249C1FF-D9F1-9B4E-9CF5FF728F8E3889</string><string>3249C3A2-EED1-71CE-B8B7A4738F14A744</string><string>3249C55B-F937-F6D9-29F966C570B00BBC</string><string>3249C70A-A1F4-4A55-6F16392D8CD83532</string><string>3249C8C3-AC40-0CDC-94B0C614ED89A0B4</string><string>3249CA7E-F8B7-B86B-87EE14BF8A4F8FC9</string><string>3249CC25-D417-505D-3A617A6AD972E774</string><string>3249CDE3-B6EF-AF97-199ED96D56CA1FB2</string><string>3249CF99-C707-8214-D5D0AF6C94A061C8</string><string>3249D141-BF29-6622-6987CE95BF77DA78</string><string>3249D2E7-C18A-1AD0-4D1A0AB515F06A60</string><string>3249D488-A6FE-83A3-53F3F21AE13B62CF</string><string>3249D632-D19E-8EAE-D04722DF6155F3E9</string><string>3249D7E4-07B2-9228-B055B5BD4D88F0FA</string><string>3249D996-C84F-8A70-A4C558862D690E7B</string><string>3249DB4F-9D7A-E305-FE3E0C62E1382930</string><string>3249DD10-9735-B5B2-B69295D8771B46D5</string><string>3249DF1C-ED2B-3DAA-252D8E20E7AD2DAB</string><string>3249E13F-C327-23E6-E36EC69D94F4B6A2</string><string>3249E2F8-0299-837E-0548EFE0E6D7493A</string><string>3249E49E-E13D-BD9A-6F5A7F05077ECB77</string><string>3249E63C-9884-9516-5055753C4B747E61</string><string>3249E7F9-A0B9-5F6F-AF447FCAAB9564B4</string><string>3249E9A2-B1FE-D323-1B54E4FC05CC969D</string><string>3249EB49-DCAE-33DB-5D32229E5A4DB6B1</string><string>3249ECFE-FF4E-F468-9F6EE87EE6ADF8A4</string><string>3249EF10-AD90-CE9C-9C5823AFEF587F53</string><string>3249F0C7-0530-45CA-08C52752E4A73830</string><string>3249F287-98BB-5063-C62E144141ABE367</string><string>3249F45B-EB19-103A-7B2954EC04F2042F</string><string>3249F620-02A3-4D78-4A59442FA5BAB6E4</string><string>3249F7D5-BEB1-BAB6-526D08DDA82B8957</string><string>3249F993-06AC-AB2C-D269C2789AD2858D</string><string>3249FB37-FB07-ED48-D2744DC3FFA33CCA</string><string>3249FCD0-F814-5619-3222857856FDCB31</string><string>3249FE85-D61F-1F85-9FD8E881515AD43A</string><string>324A0033-E5DA-77EC-6411912FF0515ABA</string><string>324A01ED-DC45-3A1D-340DB2C49F8DB1E2</string><string>324A039C-EFF7-A10D-CA3A6DDD5CFA2815</string><string>324A054F-E65B-1005-BB2EF1B64A0E1840</string><string>324A06FA-C392-F1C2-FCED401819A13D17</string><string>324A089A-B5E3-E0FC-E083C9DEAD549127</string><string>324A0A53-FE54-873C-500C0BB4533BF9B9</string><string>324A0BFA-C3C6-814C-D95970D6EA70F555</string><string>324A0D9F-AD54-E910-C04101090D55F34F</string><string>324A0F47-E86E-64D1-ED6B371353B98CD0</string><string>324A1110-9045-AA11-BF5A652A837B27F7</string><string>324A12C1-0186-1267-0F128021CAE6D09A</string><string>324A1476-CB7E-EF69-932E704ABEBBF54E</string><string>324A1664-070E-A825-D4E5281B2222FB61</string><string>324A188C-D0F0-EC71-6B9022FC3B8CF602</string><string>324A1A76-C0CF-8474-EE84808FFDC5E022</string><string>324A1C84-0B49-AFA7-5074A0F6ADDB73D1</string><string>324A1E7D-E8EE-9079-C8DE540923BA9B1F</string><string>324A2089-98B5-C515-69EC478296E4EABD</string><string>324A2250-A8B1-2BEE-AA1582E846063B18</string><string>324A23F5-BD47-58C1-036ADA16FF6DB78E</string><string>324A25E2-079B-8E27-94D80CCE456ED285</string><string>324A27B5-AACA-6C6E-5E368F2CB5C778F5</string><string>324A2A3A-AA6C-6EBC-657A5F3C2E54CF25</string><string>324A2BE5-0BCE-927C-8288511AAB9C5816</string><string>324A2D9F-9E04-A241-272A20F3B244F746</string><string>324A2F47-077C-A5A3-3A723C22C18A745A</string><string>324A30F3-D990-715C-08C5C32BB0F1C504</string><string>324A331E-FC84-7189-057C7CCA0D645FF9</string><string>324A34C0-D1BC-7069-1C429DBA73675AF1</string><string>324A364C-9681-2344-0629E0317BE78DC4</string><string>324A37E8-FCDF-1342-2D90ED7BD587046D</string><string>324A3979-FF11-4C15-959CD6FE0D73C276</string><string>324A3B17-D73A-EF2C-04EDE229DB2868AF</string><string>324A3CAB-C970-45D2-26A94F5C477C5465</string><string>324A3E51-9491-53FB-A4401EC437A54A54</string><string>324A3FEC-05D7-94FD-F45D36DC5791E172</string><string>324A4192-E559-5D6B-E5B818136CF6C1C2</string><string>324A4328-0450-D817-A703905F055A83E8</string><string>324A44DB-0B81-404E-318CDFFE82ACCF3C</string><string>324A467E-F18E-0F1B-3E1F32B59BEF47FC</string><string>324A481D-9121-5E60-95380B8CA971B69E</string><string>324A49A2-BBDA-DE2C-E41BACE24C3C759F</string><string>324A4B38-AD3B-7BE2-43B80943862AA78A</string><string>324A4CDF-F762-32A5-DC36AFE44BCC8660</string><string>324A4EC4-C379-F5B2-7F4676857483B67F</string><string>324A509A-C6E4-FF46-8469F151B922E666</string><string>324A523E-D379-3E6D-75ABD029752FA6B8</string><string>324A53CA-EF53-2759-2705548B8E9E1B8C</string><string>324A555E-F8E9-01BD-7796077387493C8D</string><string>324A5705-EAE2-172B-DEF293DAF3E46673</string><string>324A5899-C815-6A1C-64494EE82DE469D7</string><string>324A5A2A-08BD-BBA3-D3F36647C573BA34</string><string>324A5BC7-D919-9050-A73E0B190AD393B0</string><string>324A5D52-E2F3-F053-72B71C18AD037B73</string><string>324A5F63-CF6F-3180-C9A648322CA22030</string><string>324A6128-E6F3-5F42-8EC95FBE506C57B6</string><string>324A62E7-D596-2878-B2C3091273DB937E</string><string>324A64F6-00E4-B4D5-CD8A67363D09479D</string><string>324A66B0-9738-8215-40410B2B96682CC8</string><string>324A68A2-A0CA-BC13-29DB81F6A5967520</string><string>324A6AB7-BCCC-B33B-BF1A50966B3C2BCF</string><string>324A6CA7-06A3-BD8A-13CAD4DD62A15C6F</string><string>324A6E6B-CBD7-E879-0DF2E351AFCEF50A</string><string>324A703D-C1F7-EBDC-23EE32B99946B85A</string><string>324A72A0-D4B0-D4E0-9A42ECC203CF2000</string><string>324A748C-A87C-8614-0171DF7AEB228B03</string><string>324A7651-CCCB-86BF-F9D59C6B5073E040</string><string>324A77E7-C000-0AB4-D99FD48FC5F0C0DC</string><string>324A7989-DAB7-F175-BA76CEB329B65E19</string><string>324A7B19-FF82-9784-3FF614AE30D99ACE</string><string>324A7CA7-90E1-0D59-BB8FE061F92092DC</string><string>324A7E47-0534-9759-C50B7E4C664BBF32</string><string>324A7FD8-B0AF-57E1-C1C5DDDCE04E427F</string><string>324A816B-F419-C2D6-A7DEAC3A2C7BBB4D</string><string>324A82FB-C1CD-BC15-1927EA72C19BA1EA</string><string>324A848A-C47A-BE8B-80F111A15C5E33AE</string><string>324A8628-D4D1-6581-20F3C4427184BD1B</string><string>324A87B8-00A1-6A75-4B00069279EC0C26</string><string>324A8988-B304-BE67-1F6EEDFFB1EE6FA0</string><string>324A8B6D-05DE-31F6-B8D2B7CA9C92614F</string><string>324A8D66-B630-AAF6-901954AB225C4A44</string><string>324A8F4C-BB95-88C6-72B17AF3117B6DB8</string><string>324A9132-D546-135E-6868009E203E51A7</string><string>324A9311-A356-583E-40848C3ED69432AA</string><string>324A9513-A956-15C0-97E7681C22E79915</string><string>324A96D2-EF3E-3661-D23AA3F9862F2AF2</string><string>324A988A-F378-CE77-80C092BD15B21A3F</string><string>324A9A63-A2DF-04A6-44DD930B2EAD7878</string><string>324A9C5B-DEC5-D063-D0131E6F981C5D74</string><string>324A9E67-C7B6-E693-89B6C336D7C2451D</string><string>324AA09D-D7AD-A260-E200BB81187496B3</string><string>324AA285-9E98-2F09-324CB45B63AF4042</string><string>324AA5C8-F464-452D-316ED28FA494BDBA</string><string>324AA86E-B5A1-C68C-6731CF3A71EFF2C8</string><string>324AAACF-BC9A-E39D-24003320DEB83863</string><string>324AAD2F-D529-FB48-4DF53442C0520426</string><string>324AAF30-B72A-3EFA-767AEAE9EED82474</string><string>33835F32-C9A4-CC60-F2008284B1AF519D</string><string>346903AB-0F69-43CD-6CFD1B25960942CC</string><string>346924A1-E03E-C78C-0CBC84AB8ADC827F</string><string>346ABDB2-9CBE-B738-DB4D52F6F4870057</string><string>346AF29C-9ADE-5AB3-E345769CA965110B</string><string>346C2B26-0526-EB91-3CDAFE72E1F30DB8</string><string>3480EAF0-914E-49B9-F245D41D437BD5D3</string><string>C1F45E00-D329-A427-83FC370A1C8A9D86</string></field><field name='CONTENTID'><string>41E94BBD-6800-4ACC-A9E2957DE61DEF83</string><string>1AA35F0F-EBF4-4E8C-BE8E3A76A7DDA251</string><string>04E65463-FEFD-0AEC-4D617D1FC6D3C45B</string><string>324AB8E3-CDA1-D205-4AE718C7CD3EE151</string><string>9CA921CC-1A0F-4C85-BA34D57A0DDD9183</string><string>05EB3364-F8FF-16F0-3542DFE5A3FA8EC3</string><string>F22BA073-21B1-4D6E-867DB149021103EE</string><string>9F968102-C375-49B0-9F41B7C44F21ED90</string><string>00000000000000000000000000000000001</string><string>33183BB1-96F4-4D35-9848934600E1AF1B</string><string>44E47D56-48BE-4D64-A99F706289761C6A</string><string>B3DE7390-30BB-49AA-A251BA73DA335572</string><string>827AD0D2-8C30-4BCC-89E56D616A07C8E0</string><string>467F4409-7A17-44DE-86C7F9D6AB4966AD</string><string>00000000000000000000000000000000001</string><string>00000000000000000000000000000000001</string><string>00000000000000000000000000000000001</string><string>00000000000000000000000000000000001</string><string>6A4A226C-A1E9-443F-A10ADF06DD796192</string><string>B7BEE588-B37A-4854-8070BD42357FB352</string><string>AC592CA4-32CC-4EA3-BE0571431014E5F1</string><string>1D2B7AD0-494A-46B5-89AB78A77A5C7E76</string><string>8AFFCCD6-BC03-40BD-A1F9818B740BCDAE</string><string>4DA3580E-03B3-459C-B9968C77A92FA26C</string><string>0401984D-7096-43F0-B226AE69CFF0CA5F</string><string>61AC837C-EFA4-434F-9C66358C6ED85260</string><string>5103A46B-45BA-410B-9A30FB076C07C68E</string><string>1FCD3187-C5CF-4128-AB8DADDCD8F016C6</string><string>3956DBDD-9E86-4F20-87D3A8BF7D5DA5CA</string><string>16032F5D-1720-4717-9C1E7906F30941D5</string><string>5ACFF443-FF02-4826-86603CE7D305FECD</string><string>0E9A8BF7-55A1-4ABA-A09473039D8B50C9</string><string>00000000000000000000000000000000001</string><string>00000000000000000000000000000000001</string><string>F7D16769-7EEA-4C40-86377B0E76891072</string><string>E5B86450-9F3D-4AE8-84D8AF8D42148F68</string><string>00000000000000000000000000000000001</string><string>EB01B463-6729-477D-AB6C1EA15C68A21B</string><string>5FE1136A-1F9E-4001-BC8BE941D2C43A3A</string><string>00000000000000000000000000000000001</string><string>1192DEF7-FCB0-4D35-8FDA34A5B429536C</string><string>9F0C5400-65C0-4BD9-857C740145E5BEA3</string><string>941C0BDC-4086-444E-BB662D8CB382BF55</string><string>424C4471-075D-44EC-83BF71F49AE54F8B</string><string>4227534A-F4C5-488A-9B2D8F913983AECB</string><string>00000000000000000000000000000000001</string><string>0E9A8BF7-55A1-4ABA-A09473039D8B50C9</string><string>74B87D9F-79B9-40FD-B14AFDE328FAD1C5</string><string>EE5686A3-39EE-468C-A556ABB796EE79AE</string><string>89E37306-2980-4E1E-809194E8A8D0B420</string><string>B381E063-C5D3-4934-A0DE907EB58F1527</string><string>00000000000000000000000000000000001</string><string>00000000000000000000000000000000001</string><string>00000000000000000000000000000000001</string><string>F64B731A-58DF-44BF-970864C0B1CAB4D8</string><string>C49322BC-8345-4801-A4E8C7A5B5E01003</string><string>C4B2EDAE-4367-481A-84FA3AC8EE778401</string><string>3956DBDD-9E86-4F20-87D3A8BF7D5DA5CA</string><string>00000000000000000000000000000000001</string><string>B3DE7390-30BB-49AA-A251BA73DA335572</string><string>D1BF7CC5-DE5D-4523-84CA71C71615A007</string><string>C0722150-2E93-484F-BAE2EC531E49568A</string><string>324AD1FD-E170-A1DC-BBD709834CC437BB</string><string>1D40C08F-2654-411A-A4784275CC903080</string><string>00000000000000000000000000000000001</string><string>FB8B530A-6BF0-4BF6-8BDC43A1D6812CC7</string><string>00000000000000000000000000000000001</string><string>2EDADEDD-DA7C-4F8C-8EB1AA10EC446011</string><string>BE7343F4-7D97-4FBD-B79AB68F4653D1F5</string><string>604E7C73-5C66-4891-A1C8A5394B35AE2D</string><string>355E4C26-106D-4F34-8B0D72F00149C6F4</string><string>677F5109-031E-443F-8DCEDA916A0E1416</string><string>00000000000000000000000000000000001</string><string>00000000000000000000000000000000001</string><string>64FE3DB9-8723-4248-BF21AB0C3DE9E9F0</string><string>947065F7-6E37-41CB-8148D5F7EDF70C08</string><string>0D0AFA9D-AD66-4D45-B95DE1FAAE201367</string><string>88F1EFB2-D25E-4200-B8CB5E31A4F4589D</string><string>8CFF27E4-099A-4379-BE8031C1A06F1991</string><string>29C0E16A-A913-42F5-8C7F8BED410D4310</string><string>79DCF605-7F32-452A-997C1BE377F7EB66</string><string>9CECDBE4-E72C-4A07-9DB3CF73FCC01858</string><string>F43ADF4E-7E6B-41DD-9478A35BEDD3D3D3</string><string>00000000000000000000000000000000001</string><string>00000000000000000000000000000000001</string><string>FFA2F6A8-B272-43C4-B9CF4FBBFA034C5F</string><string>CEB5F07A-2FB3-4847-BCD2EA1766489991</string><string>1F9704A8-7D00-4599-BFDE22891E1F0F08</string><string>8B6F83C4-2FDA-4CC1-9C058169261564AA</string><string>ED2F1A11-E321-4FA3-93E2CB890D4C0169</string><string>0E9A8BF7-55A1-4ABA-A09473039D8B50C9</string><string>BABBF2D5-8210-4176-8C1DD1AC62A3F83F</string><string>BADFDB13-BB8A-435B-9E21C3C59529ADA7</string><string>ECC442B5-6F52-4409-B915017EAD175B6F</string><string>163A6908-12EB-48DC-94C22E1F6D7B9428</string><string>324AB7E9-ED2C-D946-CF149E3464246A73</string><string>872E43E6-583E-4C2E-A60C23D284B1358A</string><string>733E7A73-CA5D-4770-A37BBEEE62EFA6E4</string><string>EC67DCFA-DAC3-4010-9109E8895B503F93</string><string>848E1C24-0300-4683-9B0B756AE7C0349F</string><string>101FE6B2-881A-4BB7-99A15E02C28E0376</string><string>74B87D9F-79B9-40FD-B14AFDE328FAD1C5</string><string>00000000000000000000000000000000001</string><string>5BFD109E-982D-4447-88BB43DEDAB2DC73</string><string>ABD52B5F-D98B-4A96-879BD6F2BFA7A007</string><string>D9D78952-E5AB-42A7-A93BE1FA19C52787</string><string>9A506C59-BB34-43FF-BE636E6FF284D7CA</string><string>7AD496B0-AF37-461D-9F3652DF5BFA06E2</string><string>4DA3580E-03B3-459C-B9968C77A92FA26C</string><string>1AFB14D1-719E-48BE-95BB15299A7C89A1</string><string>E8C43899-09F5-469E-A92F7B0E86E4A148</string><string>20F81DF7-5D0B-4F58-A64D529FF2EF7808</string><string>E81C1782-ABF8-4321-8070C67CBC321D1B</string><string>859EAD10-ED86-47B0-AF90060199EBA0EC</string><string>43C34CAE-3839-45B5-B9E67268B9DC30C3</string><string>42BC1CD0-98C7-44F3-98D2008E18962B57</string><string>4246D8DC-6249-4453-B14822E2B20F98A0</string><string>91035C5C-29C6-4FB3-84F475E1E6A28977</string><string>B7EF4D89-4D5D-492D-A9E4432C1C257147</string><string>75439A8F-283C-423C-B4655440D570527A</string><string>00000000000000000000000000000000001</string><string>F8545C37-CB53-46C7-B08D643AB53AA7EE</string><string>8CFF27E4-099A-4379-BE8031C1A06F1991</string><string>3EE06FA2-F802-4A99-AB8233CC1B866BAC</string><string>324AC82A-98DE-2F1D-1899A4CFDD72B0EF</string><string>00000000000000000000000000000000001</string><string>225DADEF-3BA8-4E62-B59C0BB249B2ED5F</string><string>5B14402D-FBEE-4810-8DFB1B16FD0D53A7</string><string>F4C11176-E2C3-4618-9F3C2B7BA26BDEC6</string><string>A0E1553E-2DE9-4D6D-957A924C9047C715</string><string>B0776C71-DBB0-49C8-843EAF45F7111196</string><string>787ECA2D-82FE-4DC0-83C06AB486DB58FE</string><string>DDB76121-8927-4415-8FA62B1AE6AC847D</string><string>7423E076-B6D3-4316-81003EE4C9D7CB89</string><string>89E37306-2980-4E1E-809194E8A8D0B420</string><string>735D4949-0C24-403C-8E17CFE65C51E80B</string><string>FF32D135-7585-4CF9-B18B97202EC1CDB4</string><string>7F14F707-2852-4D72-8B22299DF48B0DAD</string><string>8479BAD8-D431-4A21-A5DA92C4DE9450B9</string><string>E6C60DD4-8C71-44D9-B16134A03E1A5ADE</string><string>00000000000000000000000000000000001</string><string>00000000000000000000000000000000001</string><string>0F7547B3-BE0E-485E-AE6EF462E070BDAC</string><string>41C02338-77A1-46ED-B9CBA96C18D4ACD5</string><string>06885ACD-691F-431A-BCC24E2490FE5D4C</string><string>74B87D9F-79B9-40FD-B14AFDE328FAD1C5</string><string>5DFDC0F2-B8D7-486A-AAD9AB496EE966AD</string><string>00000000000000000000000000000000001</string><string>101FE6B2-881A-4BB7-99A15E02C28E0376</string><string>8CFF27E4-099A-4379-BE8031C1A06F1991</string><string>C751FB7A-2355-4229-A6C005A7A3229044</string><string>2EF562BA-C51F-4374-A42423CA936AB54A</string><string>C6BAA0E6-8001-4322-8CA01CF6CE9BEF37</string><string>CFDA566E-1B2D-4282-A18B5F059C1DF930</string><string>73580986-3F5B-4A64-9A653BE8B48C39C4</string><string>2753AC9F-F333-49B7-826139B08A60C777</string><string>C38C3512-F003-4BAC-B1C48F13DF93214E</string><string>58E0EB62-3342-4D7B-8C8CAAC42DAF076B</string><string>C8000739-32B3-48C7-B0391BB687AE93D3</string><string>E8450B17-B31F-4338-B748634AC6554679</string><string>00000000000000000000000000000000001</string><string>38F7B8EC-8ECC-46A9-B8CCFF521CB6F951</string><string>89E37306-2980-4E1E-809194E8A8D0B420</string><string>DE0C0A42-93E9-4F8A-A2779466BBC38D21</string><string>00000000000000000000000000000000001</string><string>79918F5F-BDAD-45E0-B22F35EA1BBC1597</string><string>00000000000000000000000000000000001</string><string>5EA856A2-ABAD-461E-A10DF99D55B13084</string><string>1DABD588-AAD0-47AA-ABC32D5300C08053</string><string>00000000000000000000000000000000001</string><string>9C089316-3DF4-48FD-BB2C16EB6411594C</string><string>D80B4AFD-53DF-42F6-886EAB658DCE20E4</string><string>324AC909-F4F5-7700-0D69E4BA512969E6</string><string>E439977F-FCA3-41E2-BEEFA708970C1121</string><string>E439977F-FCA3-41E2-BEEFA708970C1121</string><string>E439977F-FCA3-41E2-BEEFA708970C1121</string><string>33666EAC-CD32-8184-33E6C966DA25B09C</string><string>3468DEA6-EE01-94D0-21FE3C90CE5516E2</string><string>34690669-A14F-624E-FF1525FB952FEA90</string><string>346AB468-C9AC-29E3-DDE493D3692A2A5E</string><string>346AE4E5-0673-436A-B3A837BD238C66FB</string><string>346C2458-CC9E-F8F7-839E60FB2C9CC210</string><string>347C3B3B-9CF2-D388-BA7243667CBAA722</string><string>C1F2AEDC-0C65-F452-8F211984B0B44E2D</string></field><field name='FILENAME'><string>mura-objects/system-display-objects/site-map</string><string>about-us</string><string>spanish-about</string><string>site-map</string><string>about-us/board-of-directors/john-doe</string><string>spanish-about/about</string><string>about/annual-reports/2016-annual-report</string><string>mura-objects/system-display-objects/related-content</string><null/><string>about/photo-gallery/photo-1415628630193-e0372232b489-jpeg</string><string>bootstrap</string><string>events/first-day-of-summer-2015</string><string>events</string><string>temp-news/altitude-training-does-it-work</string><null/><null/><null/><null/><string>news/the-numbers-are-in</string><string>mura-objects/system-display-objects/user-tools</string><string>news/sleeping-outside-on-hot-summer-nights</string><string>photo-gallery/istock-unfinished-business-3-jpg</string><string>temp-news/sleeping-outside-on-hot-summer-nights</string><string>events/first-day-of-fall-2016</string><string>photo-gallery/istock-unfinished-business-5-jpg</string><string>about-us/board-of-directors</string><string>events/first-day-of-winter-2016</string><string>photo-gallery/istock-unfinished-business-7-jpg</string><string>about/annual-reports/2013-annual-report</string><string>about/annual-reports/2015-annual-report</string><string>events/first-day-of-summer-2016</string><string>news/woman-discovered-running-nowhere-in-particular</string><null/><null/><string>blog/my-first-time-surfing-i-didn-t-surf</string><string>mura-objects/system-display-objects/accept-comments</string><null/><string>mura-objects</string><string>home</string><null/><string>blog/i-wear-a-necklace-cause-i-wanna-know-when-i-m-upside-down</string><string>news</string><string>site-map</string><string>news/altitude-training-does-it-work</string><string>blog/why-i-no-longer-let-my-kids-play-with-bubbles</string><null/><string>news/housing-market-finally-taking-a-turn-for-the-better</string><string>news/woman-looks-forward-to-getting-lost-in-the-woods</string><string>photo-gallery</string><string>news/developer-discovered-writing-code-from-scratch</string><string>about/test-link</string><null/><null/><null/><string>events</string><string>news</string><string>contact-us</string><string>about/annual-reports/2013-annual-report1</string><null/><string>events/first-day-of-summer</string><string>where-do-i-start/siteid</string><string>about/protected-area</string><string>contact</string><string>section-test/test-page</string><null/><string>blog/why-you-should-go-ballooning</string><null/><string>about/protected-area/test</string><string>blog/i-met-my-wife-in-san-francisco-or-did-i</string><string>blog</string><string>temp-news/small-town-carnival-almost-ready</string><string>test-section</string><null/><null/><string>photo-gallery/istock-unfinished-business-hed-2015-jpg</string><string>news/small-town-carnival-almost-ready</string><string>about/photo-gallery/photo-1418290368169-1c94e6683532-jpeg</string><string>mura-objects/system-display-objects</string><string>blog/this-is-how-i-became-a-vampire</string><string>mura-objects/calendar</string><string>blog/my-wife-hates-my-ride</string><string>news/sleeping-outside-on-hot-summer-nights</string><string>about-us/our-history</string><null/><null/><string>events/mura-cms-u-s-training</string><string>overview</string><string>photo-gallery/istock-unfinished-business-11-jpg</string><string>photo-gallery/istock-unfinished-business-9-jpg</string><string>about/protected-area/test/temp</string><string>news/woman-discovered-running-nowhere-in-general</string><string>about/photo-gallery/1d8ef901-jpeg</string><string>about/photo-gallery/photo-1415860407914-fe42e09b4f77-jpeg</string><string>events/first-day-of-fall</string><string>blog/confessions-of-a-travel-addict</string><string>404</string><string>events/new-years-day</string><string>contact</string><string>photo-gallery/istock-unfinished-business-4-jpg</string><string>news/altitude-training-does-it-work</string><string>events/first-day-of-winter-2015</string><string>news/people-getting-lost-in-the-woods-on-purpose</string><null/><string>404</string><string>test-section/test-page</string><string>section-test</string><string>about/annual-reports</string><string>temp-news/life-as-a-lifeguard-not-so-good</string><string>events/first-day-of-fall-2015</string><string>news/snow-machines-run-as-winter-winds-down</string><string>about/annual-reports/2014-annual-report</string><string>events/launch-mura-7</string><string>photo-gallery/istock-unfinished-business-10-jpg</string><string>temp-news</string><string>mura-objects/syntax-highlighting</string><string>font-awesome</string><string>about/photo-gallery/photo-1417434743061-9873e0beaed6-jpeg</string><string>photo-gallery/istock-unfinished-business-6-jpg</string><string>photo-gallery/istock-unfinished-business-12-jpg</string><string>where-do-i-start/themes-directory</string><null/><string>blog/requirements-estimating-keep-your-projects-in-the-black</string><string>blog/why-i-only-sleep-for-three-hours-per-day-and-stay-up-all-night</string><string>blog/should-schools-to-tear-down-playgrounds-since-kids-no-longer-know-how-to-play-on-them</string><string>about/photo-gallery</string><null/><string>about/photo-gallery/photo-1417026846249-f31f7e43fc35-jpeg</string><string>about/test-page</string><string>about/mura-cms-support</string><string>test</string><string>temp-news/snow-machines-run-as-winter-winds-down</string><string>board-of-directors/matt</string><string>about/photo-gallery/photo-1417436183232-5748bd9f144e-jpeg</string><string>events/first-day-of-spring-2017</string><string>news/surfing-to-be-restricted-during-weekend-hours</string><string>test-page</string><string>mura-objects</string><string>mura-objects/calendar/mura-cms-u-k-training</string><string>events/mura-cms-u-s-training1</string><string>about/photo-gallery/photo-1417026792760-4002c893cfa0-jpeg</string><null/><null/><string>photo-gallery/istock-unfinished-business-8-jpg</string><string>about/protected-area/sample-page</string><string>blog/i-wear-a-necklace-cause-i-wanna-know-when-i-m-upside-down</string><string>news/birds-apparently-know-much-more-than-we-imagined</string><string>events/mura-cms-u-k-training</string><null/><string>events/first-day-of-winter</string><string>blog/top-20-reasons-i-make-fun-of-my-kid</string><string>mura-objects/calendar/mura-cms-u-s-training</string><string>board-of-directors</string><string>news/not-all-wine-comes-from-california-after-all</string><string>blog</string><string>news/life-as-a-lifeguard-not-so-good</string><string>bootstrap</string><string>photo-gallery/istock-unfinished-business-1-jpg</string><string>font-awesome</string><string>where-do-i-start</string><string>news</string><null/><string>news/build-a-winning-team</string><string>news/surfboarding-to-be-restricted-during-weekend-hours</string><string>mura-objects/system-display-objects/user-favorites</string><null/><string>about/photo-gallery/photo-1415938631621-bc6316bd55f1-jpeg</string><null/><string>about/photo-gallery/photo-1418290446909-26cf5877e5e8-jpeg</string><string>events/first-day-of-spring-2015</string><null/><string>mura-objects/navigation-examples</string><string>mura-objects</string><string>about</string><string>about</string><string>about</string><string>about</string><string>about/my-photo-gallery</string><string>about/my-photo-gallery/city-run</string><string>about/my-photo-gallery/trail-run</string><string>about/my-photo-gallery/kid-run</string><string>about/my-photo-gallery/track</string><string>about/my-photo-gallery/mountain-run</string><string>about/my-photo-gallery/marathon</string><string>about/test</string></field></recordset></data></wddxPacket>
