<wddxPacket version='1.0'><header/><data><recordset rowCount='4' fieldNames='CONTENTHISTID,CATEGORYID,CONTENTID,ISFEATURE,ORDERNO,SITEID,FEATURESTART,FEATURESTOP' type='coldfusion.sql.QueryTable'><field name='CONTENTHISTID'><string>1C5FF909-C667-4E6F-8519517D5549AD63</string><string>5B2FB3F8-9CB2-4E9F-B00A3DEE6F3C04EA</string><string>6C13DAF1-6FFC-44A0-B65959BF4EDF2E61</string><string>B7B0574D-994C-4945-91D8F126ED844E09</string></field><field name='CATEGORYID'><string>7899B4B1-807B-47CE-AE3684983ABCBDB8</string><string>9BC9B9DF-DC85-468B-9893C2EE8832F741</string><string>0F36D167-C962-4061-826C6A72A37AB9ED</string><string>7899B4B1-807B-47CE-AE3684983ABCBDB8</string></field><field name='CONTENTID'><string>22975520-5E41-411B-850B35452FD99FE0</string><string>CD83000E-95A1-42A6-87D86DCEFB2F13CF</string><string>E7937AAE-F1E2-4F71-B9806C6E68493158</string><string>EDDE4936-CDC4-4208-A0885E6F910B0B6D</string></field><field name='ISFEATURE'><number>1.0</number><number>0.0</number><number>0.0</number><number>0.0</number></field><field name='ORDERNO'><number>0.0</number><number>0.0</number><number>0.0</number><number>0.0</number></field><field name='SITEID'><string>default</string><string>default</string><string>default</string><string>default</string></field><field name='FEATURESTART'><string></string><string></string><string></string><string></string></field><field name='FEATURESTOP'><string></string><string></string><string></string><string></string></field></recordset></data></wddxPacket>
