<wddxPacket version='1.0'><header/><data><recordset rowCount='8' fieldNames='ADDRESSID,USERID,SITEID,ADDRESSNAME,ADDRESS1,ADDRESS2,CITY,STATE,ZIP,COUNTRY,PHONE,FAX,ISPRIMARY,ADDRESSNOTES,ADDRESSURL,LONGITUDE,LATITUDE,ADDRESSEMAIL,HOURS' type='coldfusion.sql.QueryTable'><field name='ADDRESSID'><string>4EB6BE7C-8214-4472-92C1AEBAD8AB6DEC</string><string>83640735-9560-4B2E-B6C1CE191EE3CD1E</string><string>61D8FFEA-DD13-4D3E-800E156AFC717D10</string><string>64B76C33-BC4A-49BA-BCFE26866BA9CB10</string><string>9D20C41C-1D68-4680-AE4EA8284395097C</string><string>E58B194A-8E56-45B0-90ECE65E18BB5A78</string><string>58A1801C-EF99-40FA-A380D0B929C384FB</string><string>7FF94E56-8374-40F4-9796EA2187B5C718</string></field><field name='USERID'><string>4F68D89F-A9F0-4B1B-B0E288FDC880A70E</string><string>223DAACF-0BB1-428B-928629A2877793AA</string><string>AE8814E0-9F17-4466-8D60627317D33CAE</string><string>F4C9CD4C-DC7B-40CE-92D2C3B516482FFA</string><string>AA213A77-2CA8-4599-B60A8C2EAB71540B</string><string>52C12A69-B4BD-4597-808678E2B28BC8AA</string><string>4814A876-99A6-4F83-AE7DDB1CA580E8DA</string><string>6823FD59-9485-4B1F-B2FD7EC5B449C96E</string></field><field name='SITEID'><string>default</string><string>default</string><string>default</string><string>default</string><string>default</string><string>default</string><string>default</string><string>default</string></field><field name='ADDRESSNAME'><string>Primary</string><string>Primary</string><string>Primary</string><string>Primary</string><string>Primary</string><string>Primary</string><string>Primary</string><string>Primary</string></field><field name='ADDRESS1'><string></string><string></string><string></string><string></string><string></string><string></string><string></string><string></string></field><field name='ADDRESS2'><string></string><string></string><string></string><string></string><string></string><string></string><string></string><string></string></field><field name='CITY'><string></string><string></string><string></string><string></string><string></string><string></string><string></string><string></string></field><field name='STATE'><string></string><string></string><string></string><string></string><string></string><string></string><string></string><string></string></field><field name='ZIP'><string></string><string></string><string></string><string></string><string></string><string></string><string></string><string></string></field><field name='COUNTRY'><string></string><string></string><string></string><string></string><string></string><string></string><string></string><string></string></field><field name='PHONE'><string></string><string></string><string></string><string></string><string></string><string></string><string></string><string></string></field><field name='FAX'><string></string><string></string><string></string><string></string><string></string><string></string><string></string><string></string></field><field name='ISPRIMARY'><number>1.0</number><number>1.0</number><number>1.0</number><number>1.0</number><number>1.0</number><number>1.0</number><number>1.0</number><number>1.0</number></field><field name='ADDRESSNOTES'><string></string><string></string><string></string><string></string><string></string><string></string><string></string><string></string></field><field name='ADDRESSURL'><string></string><string></string><string></string><string></string><string></string><string></string><string></string><string></string></field><field name='LONGITUDE'><number>0.0</number><number>0.0</number><number>0.0</number><number>0.0</number><number>0.0</number><number>0.0</number><number>0.0</number><number>0.0</number></field><field name='LATITUDE'><number>0.0</number><number>0.0</number><number>0.0</number><number>0.0</number><number>0.0</number><number>0.0</number><number>0.0</number><number>0.0</number></field><field name='ADDRESSEMAIL'><string></string><string></string><string></string><string></string><string></string><string></string><string></string><string></string></field><field name='HOURS'><string></string><string></string><string></string><string></string><string></string><string></string><string></string><string></string></field></recordset></data></wddxPacket>
