<wddxPacket version='1.0'><header/><data><recordset rowCount='16' fieldNames='REMOTEID,COMMENTERID,EMAIL,NAME' type='coldfusion.sql.QueryTable'><field name='REMOTEID'><string>321B4EF4-972F-BB56-77A7053705B52AE1</string><string>324AB1ED-D9F7-B9D7-49230DD6F5438FC1</string><string>FC2B2868-031A-5AAA-7CDF70596B6A5903</string><string>stoberov@gmail.com</string><string>steve@blueriver.com</string><string>FC2B3BFB-E87C-D3FB-7A34A459AF3479B8</string><string>crystal.storm@blueriver.com</string><string>FC2B42DE-AA6E-7732-E5773318DB656B56</string><string>FC2B465D-FE3A-D7FC-B06B0C6114910722</string><string>steve@blueriver.com</string><string>rawknee@gmail.com</string><string>FC2B5349-0B20-0B79-C1B1852F3718698C</string><string>stephenwithington@gmail.com</string><string>stephenwithington@gmail.com</string><string>stephenwithington@gmail.com</string><string>steve@blueriver.com</string></field><field name='COMMENTERID'><string>321B4EF6-E045-F8F2-0C4797DC489EF9B9</string><string>324AB1EF-D0D4-BCBA-40524DF6297ADCEA</string><string>FC2B286B-FF9A-2B13-0BD67BCCD733F7F2</string><string>FC2B3546-B7D0-53FB-432C6543FFF3555A</string><string>FC2B3881-952A-4297-6A76E7362F6D9E0D</string><string>FC2B3C00-0640-7E6B-BEAD96EE6FB668B9</string><string>FC2B3FF2-063A-CDC9-198BAFBA45429656</string><string>FC2B42F1-E6ED-5F92-6CB2F24A2C65ECB5</string><string>FC2B4662-9F9A-9E42-7EB917E288347022</string><string>FC2B4B27-A582-08C6-616E812997CB8710</string><string>FC2B4FA2-F94A-179E-EB7F22702409F1FA</string><string>FC2B5355-A387-71DB-1D7FB146629B1586</string><string>FC2B56A0-A4A3-0D0F-38543D2B82CC3858</string><string>FC2B5AE5-DB9D-E1D1-7F9DB0459AB956DD</string><string>FC2B5EAF-DC2C-300A-47B79FBF964D1220</string><string>FC2B61F6-9D35-855F-3B97A9577EC4B515</string></field><field name='EMAIL'><string>stephenwithington@gmail.com</string><string>stephenwithington@gmail.com</string><string>steve@blueriver.com</string><string>stoberov@gmail.com</string><string>steve@blueriver.com</string><string>crystal.storm@blueriver.com</string><string>crystal.storm@blueriver.com</string><string>steve@blueriver.com</string><string>steve@blueriver.com</string><string>steve@blueriver.com</string><string>rawknee@gmail.com</string><string>steve@blueriver.com</string><string>stephenwithington@gmail.com</string><string>stephenwithington@gmail.com</string><string>stephenwithington@gmail.com</string><string>steve@blueriver.com</string></field><field name='NAME'><string>Steve Withington</string><string>Steve Withington</string><string>Steve Withington</string><string>yhrr</string><string>Steve Withington</string><string>Crystal</string><string>Crystal</string><string>Steve Withington</string><string>Steve Withington</string><string>Steve Withington</string><string>Ronnie</string><string>Steve Withington</string><string>Steve Withington</string><string>Steve Withington</string><string>Steve Withington</string><string>Steve Withington</string></field></recordset></data></wddxPacket>
