<wddxPacket version='1.0'><header/><data><recordset rowCount='3' fieldNames='CONTENTID,ASSIGNMENTID,EXEMPTID,CHAINID,SITEID' type='coldfusion.sql.QueryTable'><field name='CONTENTID'><string>00000000000000000000000000000000001</string><string>00000000000000000000000000000000003</string><string>00000000000000000000000000000000004</string></field><field name='ASSIGNMENTID'><string>C70318CB-0C4A-4896-BF6BBAD7582F1799</string><string>F1619BA5-D0CD-49A6-9B751B3E5B911C16</string><string>9FA86E2E-36D2-40DF-AD616FF17B3CFF1F</string></field><field name='EXEMPTID'><string>AE8814E0-9F17-4466-8D60627317D33CAE</string><string>AE8814E0-9F17-4466-8D60627317D33CAE</string><string>AE8814E0-9F17-4466-8D60627317D33CAE</string></field><field name='CHAINID'><string>466FBF5B-1885-4689-B1E3A6B9549ECB48</string><string>466FBF5B-1885-4689-B1E3A6B9549ECB48</string><string>466FBF5B-1885-4689-B1E3A6B9549ECB48</string></field><field name='SITEID'><string>default</string><string>default</string><string>default</string></field></recordset></data></wddxPacket>
