<wddxPacket version='1.0'><header/><data><recordset rowCount='1' fieldNames='CONTENTHISTID,CREATED,STATUS,REQUESTID,CHAINID,SITEID,USERID,GROUPID' type='coldfusion.sql.QueryTable'><field name='CONTENTHISTID'><string>FEDB0EB3-B276-4251-B5AADE4BE37043C5</string></field><field name='CREATED'><dateTime>2017-1-17T20:40:54+0:0</dateTime></field><field name='STATUS'><string>Approved</string></field><field name='REQUESTID'><string>52F7B52F-4149-4D5F-9753830E4E394D79</string></field><field name='CHAINID'><string>466FBF5B-1885-4689-B1E3A6B9549ECB48</string></field><field name='SITEID'><string>default</string></field><field name='USERID'><string>6823FD59-9485-4B1F-B2FD7EC5B449C96E</string></field><field name='GROUPID'><string>223DAACF-0BB1-428B-928629A2877793AA</string></field></recordset></data></wddxPacket>
