<wddxPacket version='1.0'><header/><data><recordset rowCount='10' fieldNames='CATEGORYID,SITEID,PARENTID,DATECREATED,LASTUPDATE,LASTUPDATEBY,NAME,NOTES,ISINTERESTGROUP,ISACTIVE,ISOPEN,SORTBY,SORTDIRECTION,RESTRICTGROUPS,PATH,REMOTEID,REMOTESOURCEURL,REMOTEPUBDATE,URLTITLE,FILENAME,ISFEATUREABLE' type='coldfusion.sql.QueryTable'><field name='CATEGORYID'><string>324ADE72-968E-2E23-DFBC578113063D13</string><string>324ADE92-E1AE-0B4B-6CBB06745B7C3949</string><string>324ADEAF-C854-3085-29DD59C606752C55</string><string>324ADFF9-9BB6-42CE-E71551D159490B9C</string><string>324AE01C-A376-6BE9-5770F91516E2A3CD</string><string>324AE02C-C985-6B19-1F256643CC5B5EAF</string><string>324AE03A-065E-554A-4F246BDF71627335</string><string>324AE05E-E6EE-382C-989A2CDABC6945CE</string><string>324AE082-F576-163F-C68F05F28BAD8F5D</string><string>324AE095-B18A-C204-6D43783CE5E8E017</string></field><field name='SITEID'><string>default</string><string>default</string><string>default</string><string>default</string><string>default</string><string>default</string><string>default</string><string>default</string><string>default</string><string>default</string></field><field name='PARENTID'><string>324ADFF9-9BB6-42CE-E71551D159490B9C</string><string>324ADFF9-9BB6-42CE-E71551D159490B9C</string><string>324ADFF9-9BB6-42CE-E71551D159490B9C</string><null/><string>324ADFF9-9BB6-42CE-E71551D159490B9C</string><string>324ADFF9-9BB6-42CE-E71551D159490B9C</string><string>324ADFF9-9BB6-42CE-E71551D159490B9C</string><string>324ADFF9-9BB6-42CE-E71551D159490B9C</string><string>324ADFF9-9BB6-42CE-E71551D159490B9C</string><string>324ADFF9-9BB6-42CE-E71551D159490B9C</string></field><field name='DATECREATED'><dateTime>2012-11-27T16:13:03+00:00</dateTime><dateTime>2012-11-27T16:11:00+00:00</dateTime><dateTime>2012-11-27T19:36:20+00:00</dateTime><dateTime>2012-11-27T16:09:32+00:00</dateTime><dateTime>2013-09-21T00:39:24+00:00</dateTime><dateTime>2012-11-27T16:12:39+00:00</dateTime><dateTime>2012-11-27T16:10:32+00:00</dateTime><dateTime>2012-11-27T16:09:49+00:00</dateTime><dateTime>2012-11-27T16:10:19+00:00</dateTime><dateTime>2012-11-27T16:10:10+00:00</dateTime></field><field name='LASTUPDATE'><dateTime>2012-11-27T16:13:03+00:00</dateTime><dateTime>2012-11-27T16:11:00+00:00</dateTime><dateTime>2012-11-27T19:36:20+00:00</dateTime><dateTime>2012-11-27T16:09:32+00:00</dateTime><dateTime>2013-09-21T00:39:24+00:00</dateTime><dateTime>2012-11-27T16:12:39+00:00</dateTime><dateTime>2012-11-27T16:10:32+00:00</dateTime><dateTime>2012-11-27T16:09:49+00:00</dateTime><dateTime>2012-11-27T16:10:19+00:00</dateTime><dateTime>2012-11-27T16:10:10+00:00</dateTime></field><field name='LASTUPDATEBY'><string>Steve Withington</string><string>Steve Withington</string><string>Steve Withington</string><string>Steve Withington</string><string>Steve Withington</string><string>Steve Withington</string><string>Steve Withington</string><string>Steve Withington</string><string>Steve Withington</string><string>Steve Withington</string></field><field name='NAME'><string>Health &amp; Science</string><string>Arts &amp; Culture</string><string>Technology</string><string>News Categories</string><string>Weather</string><string>Opinion</string><string>World News</string><string>Business</string><string>Local News</string><string>Politics</string></field><field name='NOTES'><null/><null/><null/><null/><null/><null/><null/><null/><null/><null/></field><field name='ISINTERESTGROUP'><number>1.0</number><number>1.0</number><number>1.0</number><number>0.0</number><number>1.0</number><number>1.0</number><number>1.0</number><number>1.0</number><number>1.0</number><number>1.0</number></field><field name='ISACTIVE'><number>1.0</number><number>1.0</number><number>1.0</number><number>1.0</number><number>1.0</number><number>1.0</number><number>1.0</number><number>1.0</number><number>1.0</number><number>1.0</number></field><field name='ISOPEN'><number>1.0</number><number>1.0</number><number>1.0</number><number>0.0</number><number>1.0</number><number>1.0</number><number>1.0</number><number>1.0</number><number>1.0</number><number>1.0</number></field><field name='SORTBY'><string>orderno</string><string>orderno</string><string>orderno</string><string>orderno</string><string>orderno</string><string>orderno</string><string>orderno</string><string>orderno</string><string>orderno</string><string>orderno</string></field><field name='SORTDIRECTION'><string>asc</string><string>asc</string><string>asc</string><string>asc</string><string>asc</string><string>asc</string><string>asc</string><string>asc</string><string>asc</string><string>asc</string></field><field name='RESTRICTGROUPS'><null/><null/><null/><null/><null/><null/><null/><null/><null/><null/></field><field name='PATH'><string>324ADFF9-9BB6-42CE-E71551D159490B9C,324ADE72-968E-2E23-DFBC578113063D13</string><string>324ADFF9-9BB6-42CE-E71551D159490B9C,324ADE92-E1AE-0B4B-6CBB06745B7C3949</string><string>324ADFF9-9BB6-42CE-E71551D159490B9C,324ADEAF-C854-3085-29DD59C606752C55</string><string>324ADFF9-9BB6-42CE-E71551D159490B9C</string><string>324ADFF9-9BB6-42CE-E71551D159490B9C,324AE01C-A376-6BE9-5770F91516E2A3CD</string><string>324ADFF9-9BB6-42CE-E71551D159490B9C,324AE02C-C985-6B19-1F256643CC5B5EAF</string><string>324ADFF9-9BB6-42CE-E71551D159490B9C,324AE03A-065E-554A-4F246BDF71627335</string><string>324ADFF9-9BB6-42CE-E71551D159490B9C,324AE05E-E6EE-382C-989A2CDABC6945CE</string><string>324ADFF9-9BB6-42CE-E71551D159490B9C,324AE082-F576-163F-C68F05F28BAD8F5D</string><string>324ADFF9-9BB6-42CE-E71551D159490B9C,324AE095-B18A-C204-6D43783CE5E8E017</string></field><field name='REMOTEID'><null/><null/><null/><null/><null/><null/><null/><null/><null/><null/></field><field name='REMOTESOURCEURL'><null/><null/><null/><null/><null/><null/><null/><null/><null/><null/></field><field name='REMOTEPUBDATE'><null/><null/><null/><null/><null/><null/><null/><null/><null/><null/></field><field name='URLTITLE'><string>health-science</string><string>arts-culture</string><string>technology</string><string>news-categories</string><string>weather</string><string>opinion</string><string>world-news</string><string>business</string><string>local-news</string><string>politics</string></field><field name='FILENAME'><string>news-categories/health-science</string><string>news-categories/arts-culture</string><string>news-categories/technology</string><string>news-categories</string><string>news-categories/weather</string><string>news-categories/opinion</string><string>news-categories/world-news</string><string>news-categories/business</string><string>news-categories/local-news</string><string>news-categories/politics</string></field><field name='ISFEATUREABLE'><number>1.0</number><number>1.0</number><number>1.0</number><number>0.0</number><number>1.0</number><number>1.0</number><number>1.0</number><number>1.0</number><number>1.0</number><number>1.0</number></field></recordset></data></wddxPacket>
