<wddxPacket version='1.0'><header/><data><recordset rowCount='4' fieldNames='CONTENTHISTID,CATEGORYID,CONTENTID,ISFEATURE,ORDERNO,SITEID,FEATURESTART,FEATURESTOP' type='coldfusion.sql.QueryTable'><field name='CONTENTHISTID'><string>324AC976-A5CC-4AB8-0CADA1A3841BE909</string><string>324AD2E3-025C-5B47-8CF489E37653ED7C</string><string>324AD524-CFB9-DA56-1D7560CBC5F10BC9</string><string>324AD62E-96A1-F656-111ABD8E636CF2B2</string></field><field name='CATEGORYID'><string>324ADE72-968E-2E23-DFBC578113063D13</string><string>324ADE92-E1AE-0B4B-6CBB06745B7C3949</string><string>324ADEAF-C854-3085-29DD59C606752C55</string><string>324ADE72-968E-2E23-DFBC578113063D13</string></field><field name='CONTENTID'><string>324AC977-0BE8-CE72-490AD9929871B8C5</string><string>324AD2E5-C904-2AAE-92DC28B76F01EE6B</string><string>324AD526-C8C7-ED3A-6D404CBF8B5426F9</string><string>324AD62F-D805-6CA3-B7545FF68BC494F6</string></field><field name='ISFEATURE'><number>1.0</number><number>0.0</number><number>0.0</number><number>0.0</number></field><field name='ORDERNO'><number>0.0</number><number>0.0</number><number>0.0</number><number>0.0</number></field><field name='SITEID'><string>default</string><string>default</string><string>default</string><string>default</string></field><field name='FEATURESTART'><null/><null/><null/><null/></field><field name='FEATURESTOP'><null/><null/><null/><null/></field></recordset></data></wddxPacket>
