<wddxPacket version='1.0'><header/><data><recordset rowCount='34' fieldNames='CONTENTHISTID,OBJECTID,OBJECT,CONTENTID,NAME,ORDERNO,SITEID,COLUMNID,PARAMS' type='coldfusion.sql.QueryTable'><field name='CONTENTHISTID'><string>324AB944-D6FF-6EB7-C297F24BFD220191</string><string>324ABA7F-9AF1-E854-1F76BA0E3FCCC176</string><string>324ABA7F-9AF1-E854-1F76BA0E3FCCC176</string><string>324ABA7F-9AF1-E854-1F76BA0E3FCCC176</string><string>324AC8C9-B189-DE89-F2BEA2C92BF1C8C7</string><string>324AC8F6-FB5E-8614-172E8A538454DEF0</string><string>324AC8F6-FB5E-8614-172E8A538454DEF0</string><string>324AC951-0BB2-FEC4-248ADF7C8B8E574F</string><string>324ACB61-FAA6-2B49-3A2587AD4152678B</string><string>324ACBC1-E334-6D82-FB93863912A10332</string><string>324ACBE9-0E35-2792-903C5CDC12E06230</string><string>324ACBE9-0E35-2792-903C5CDC12E06230</string><string>324ACBE9-0E35-2792-903C5CDC12E06230</string><string>324ACBE9-0E35-2792-903C5CDC12E06230</string><string>324ACCA8-C733-DD6B-9B7E74F81F8E536A</string><string>324ACD54-B728-3DB1-E7BEEFA89446BFBD</string><string>324ACE29-E338-C119-DD5B65F78132F7B4</string><string>324ACE85-BB99-4809-7F852EA7AFC4E352</string><string>324ACE85-BB99-4809-7F852EA7AFC4E352</string><string>324ACE85-BB99-4809-7F852EA7AFC4E352</string><string>324ACE85-BB99-4809-7F852EA7AFC4E352</string><string>324ACE85-BB99-4809-7F852EA7AFC4E352</string><string>324ACE85-BB99-4809-7F852EA7AFC4E352</string><string>324AD11B-04A0-3F1F-109222A8C50D2120</string><string>324AD226-E73C-B8B4-C7A664F64993B69D</string><string>324AD285-0409-04A0-24319CA7F19F4986</string><string>324AD478-9711-D4FB-32031AF317219D23</string><string>324AD5CC-078C-CED5-DCE38D683E13D8CB</string><string>324AD602-C1F8-9690-99D4591F3E46D8B2</string><string>32567EF0-BFB1-65E4-CCA9589982AE1DED</string><string>C23FCE0E-B6B4-52E5-8C7366689820FFF5</string><string>C23FCE0E-B6B4-52E5-8C7366689820FFF5</string><string>C3888321-D4A9-7B4D-71A73AE59689D078</string><string>C391926D-A9F5-FF5E-8169A7A6FCC47226</string></field><field name='OBJECTID'><string>324AB946-B9D5-CADC-9D7F4034D43CD38C</string><string>324ADAA1-ACF8-2678-E4E8AD2C7BD23FD6</string><string>324ADAA6-A5F2-0389-BEF34009952FD4A8</string><string>324ADAC2-CD9B-ECDD-F3668876813F6049</string><string>324ADB1E-E361-29E7-556DA0806368C393</string><string>324ADB2C-D4AD-574D-988EC9E187BC1AB2</string><string>324ADB3C-00D0-23C9-007DDE7FDE97D1C3</string><string>324ADBF1-0A9E-E724-131C5BFD30412455</string><string>324AD9C5-C40D-82D6-2821511BEBA5386E</string><string>324ADB0D-03C6-BEB1-9A92F354C43E5273</string><string>324AC7D8-B2AC-E469-3513864F6904764B</string><string>324AC7D8-B2AC-E469-3513864F6904764B</string><string>324AC7D8-B2AC-E469-3513864F6904764B</string><string>324ADBA4-9527-B680-3B548A33CA254677</string><string>324ADAFC-D922-87CD-5036C3AFE604312E</string><string>324AD98E-0496-678A-CDA40F98A9409089</string><string>324ADBB7-A1A1-5827-93575FC3B88EC252</string><string>324AC98D-09CC-7B8F-1A82A2DB769C7696</string><string>324AC98D-09CC-7B8F-1A82A2DB769C7696</string><string>324AC98D-09CC-7B8F-1A82A2DB769C7696</string><string>324AC98D-09CC-7B8F-1A82A2DB769C7696</string><string>324AD9EB-9A0A-31D7-154203170BA0C6BE</string><string>324ADA3C-FE88-5B09-32B0819294740FA5</string><string>324AD9D9-B2E0-7EC1-D2EA93DF7A95DA0A</string><string>324AD9A2-CD36-B574-5E37A197E67E3B6B</string><string>324ADB61-A9A3-A1EA-48A557AE228B01C4</string><string>324AD9B2-FDED-56BB-68CC47CC63801E4E</string><string>324ADBC7-D369-4C52-17DD79A4122BEBAF</string><string>324ADAEB-F92F-1298-51EAB1BFEA4244BB</string><string>324AC82A-98DE-2F1D-1899A4CFDD72B0EF</string><string>324AC909-F4F5-7700-0D69E4BA512969E6</string><string>324ADC37-B2B0-4FA9-F73E259471CB2B81</string><string>324ADB4D-BD65-C4D2-B9AF39C91968508E</string><string>324AB9E1-A5A5-A57D-C0C833FCACE214AF</string></field><field name='OBJECT'><string>sub_nav</string><string>collection</string><string>feed</string><string>feed</string><string>sub_nav</string><string>standard_nav</string><string>user_tools</string><string>collection</string><string>user_tools</string><string>seq_nav</string><string>archive_nav</string><string>calendar_nav</string><string>tag_cloud</string><string>comments</string><string>multilevel_nav</string><string>feed</string><string>peer_nav</string><string>archive_nav</string><string>calendar_nav</string><string>category_summary</string><string>tag_cloud</string><string>category_summary</string><string>comments</string><string>dragable_feeds</string><string>standard_nav</string><string>folder_nav</string><string>tag_cloud</string><string>comments</string><string>event_reminder_form</string><string>folder_nav</string><string>standard_nav</string><string>collection</string><string>site_map</string><string>form</string></field><field name='CONTENTID'><string>324AB946-B9D5-CADC-9D7F4034D43CD38C</string><string>00000000000000000000000000000000001</string><string>00000000000000000000000000000000001</string><string>00000000000000000000000000000000001</string><string>324AC88B-CCA8-0A07-6A7E49D384F69B19</string><string>324AC8F7-C401-5576-AA2DED4325C0C54D</string><string>324AC8F7-C401-5576-AA2DED4325C0C54D</string><string>324AC952-07B1-497A-120B9B2F9F50C9AF</string><string>324ACB63-C421-71C4-90455840E34E6FEB</string><string>324ACBC2-D7BF-17AD-DC9E660557A10BCD</string><string>324AC7D8-B2AC-E469-3513864F6904764B</string><string>324AC7D8-B2AC-E469-3513864F6904764B</string><string>324AC7D8-B2AC-E469-3513864F6904764B</string><string>324AC7D8-B2AC-E469-3513864F6904764B</string><string>324ACCA9-92DB-7A4C-DA344C42CBD39267</string><string>324AC7A6-CA37-1908-B1800B8510A2D28B</string><string>324ACE2A-FBF1-50C4-74C2C34E73345675</string><string>324AC98D-09CC-7B8F-1A82A2DB769C7696</string><string>324AC98D-09CC-7B8F-1A82A2DB769C7696</string><string>324AC98D-09CC-7B8F-1A82A2DB769C7696</string><string>324AC98D-09CC-7B8F-1A82A2DB769C7696</string><string>324AC98D-09CC-7B8F-1A82A2DB769C7696</string><string>324AC98D-09CC-7B8F-1A82A2DB769C7696</string><string>324AD11C-AEA4-3ABA-1D143F2EA28ADF2D</string><string>324ACEC6-AEFF-54B1-D0FEB4156E3528B3</string><string>324AD286-FB8A-A463-1765C36CF6F68EE6</string><string>324AD479-0B01-EDB7-9B4E9CAC784F0263</string><string>324AD5CE-F899-0621-390995AF5641020F</string><string>324AD604-F7E3-7345-17F5D9E563980D68</string><string>324AC82A-98DE-2F1D-1899A4CFDD72B0EF</string><string>324AC909-F4F5-7700-0D69E4BA512969E6</string><string>324AC909-F4F5-7700-0D69E4BA512969E6</string><string>324AB8E3-CDA1-D205-4AE718C7CD3EE151</string><string>324AD1FD-E170-A1DC-BBD709834CC437BB</string></field><field name='NAME'><string>&lt;i class="mi-align-justify"&gt;&lt;/i&gt; Navigation</string><string>&lt;i class="mi-th-list"&gt;&lt;/i&gt; Collection</string><string>From Our Blog - Local Index</string><string>Mura Blog - Remote Feed</string><string>Sub Navigation</string><string>Standard Navigation</string><string>User Tools</string><string>&lt;i class="mi-th-list"&gt;&lt;/i&gt; Collection</string><string>&lt;i class="mi-cog"&gt;&lt;/i&gt; System</string><string>Sequential Nav</string><string>&lt;i class="mi-align-justify"&gt;&lt;/i&gt; Navigation</string><string>&lt;i class="mi-align-justify"&gt;&lt;/i&gt; Navigation</string><string>&lt;i class="mi-align-justify"&gt;&lt;/i&gt; Navigation</string><string>Comments</string><string>Multi-Level Navigation</string><string>Upcoming Events - Local Index</string><string>Peer Navigation</string><string>&lt;i class="mi-align-justify"&gt;&lt;/i&gt; Navigation</string><string>&lt;i class="mi-align-justify"&gt;&lt;/i&gt; Navigation</string><string>Navigation</string><string>Navigation</string><string>Category Summary</string><string>Comments</string><string>Dragable Feeds</string><string>Standard Navigation</string><string>Folder Navigation</string><string>Tag Group</string><string>&lt;i class="mi-cog"&gt;&lt;/i&gt; System</string><string>Event Reminder Form</string><string>&lt;i class="mi-align-justify"&gt;&lt;/i&gt; Navigation</string><string>Navigation</string><string>Collection</string><string>Site Map</string><string>&lt;i class="mi-toggle-on"&gt;&lt;/i&gt; Form</string></field><field name='ORDERNO'><number>1.0</number><number>1.0</number><number>1.0</number><number>2.0</number><number>1.0</number><number>1.0</number><number>2.0</number><number>1.0</number><number>1.0</number><number>1.0</number><number>2.0</number><number>1.0</number><number>3.0</number><number>1.0</number><number>1.0</number><number>1.0</number><number>1.0</number><number>2.0</number><number>1.0</number><number>2.0</number><number>3.0</number><number>1.0</number><number>1.0</number><number>1.0</number><number>1.0</number><number>1.0</number><number>1.0</number><number>1.0</number><number>1.0</number><number>1.0</number><number>1.0</number><number>1.0</number><number>1.0</number><number>1.0</number></field><field name='SITEID'><string>default</string><string>default</string><string>default</string><string>default</string><string>default</string><string>default</string><string>default</string><string>default</string><string>default</string><string>default</string><string>default</string><string>default</string><string>default</string><string>default</string><string>default</string><string>default</string><string>default</string><string>default</string><string>default</string><string>default</string><string>default</string><string>default</string><string>default</string><string>default</string><string>default</string><string>default</string><string>default</string><string>default</string><string>default</string><string>default</string><string>default</string><string>default</string><string>default</string><string>default</string></field><field name='COLUMNID'><number>1.0</number><number>2.0</number><number>3.0</number><number>3.0</number><number>1.0</number><number>1.0</number><number>1.0</number><number>2.0</number><number>2.0</number><number>2.0</number><number>3.0</number><number>3.0</number><number>3.0</number><number>2.0</number><number>1.0</number><number>3.0</number><number>1.0</number><number>1.0</number><number>1.0</number><number>3.0</number><number>3.0</number><number>3.0</number><number>2.0</number><number>2.0</number><number>1.0</number><number>1.0</number><number>2.0</number><number>2.0</number><number>2.0</number><number>1.0</number><number>1.0</number><number>3.0</number><number>2.0</number><number>3.0</number></field><field name='PARAMS'><string>{"inited":true,"objectname":"&lt;i class=\"mi-align-justify\"&gt;&lt;/i&gt; Navigation","taggroup":"","class":"","object":"sub_nav","cssclass":""}</string><string>{"":"","css":"","viewalllink":"","objectname":"&lt;i class=\"mi-th-list\"&gt;&lt;/i&gt; Collection","layout":"grid","render":"server","sourceid":"324ADAA6-A5F2-0389-BEF34009952FD4A8","items":"","class":"home-news","object":"collection","sourcetype":"localindex","displaylist":"Image,Date,Title,Summary,Credits","viewalllabel":"","gridstyle":"mura-grid-three","inited":true,"nextn":20,"modalimages":false,"imagesize":"carouselimage","imagewidth":"AUTO","source":"324ADAA6-A5F2-0389-BEF34009952FD4A8","label":"From Our Blog","imageheight":"AUTO","maxitems":3,"cssclass":"home-news"}</string><string>{"displayName":1,"nextN":20,"imageSize":"small","imageWidth":"AUTO","viewalllink":"","imageHeight":"AUTO","maxItems":1,"cssclass":"","altName":"From Our Blog","viewalllabel":"","displayList":"Date,Title,Summary,Credits"}</string><string>{"viewalllink":"","displaySummaries":0,"viewalllabel":""}</string><null/><null/><null/><string>{"viewalllink":"","objectname":"&lt;i class=\"mi-th-list\"&gt;&lt;/i&gt; Collection","layout":"default","class":"","object":"collection","sourcetype":"relatedcontent","displaylist":"Date,Title,Summary,Credits,Tags","viewalllabel":"","inited":true,"nextn":20,"modalimages":false,"imagesize":"small","imagewidth":"AUTO","source":"00000000000000000000000000000000000","label":"","imageheight":"AUTO","maxitems":4,"cssclass":""}</string><string>{"inited":true,"objectname":"&lt;i class=\"mi-cog\"&gt;&lt;/i&gt; System","class":"","object":"user_tools","cssclass":""}</string><null/><string>{"objecticonclass":"mi-cog","objectname":"&lt;i class=\"mi-align-justify\"&gt;&lt;/i&gt; Navigation","render":"server","object":"archive_nav"}</string><string>{"objecticonclass":"mi-cog","objectname":"&lt;i class=\"mi-align-justify\"&gt;&lt;/i&gt; Navigation","render":"server","object":"calendar_nav"}</string><string>{"inited":true,"css":"","objecticonclass":"mi-cog","objectname":"&lt;i class=\"mi-align-justify\"&gt;&lt;/i&gt; Navigation","taggroup":"","object":"tag_cloud"}</string><string>{"inited":true,"css":"","objecticonclass":"mi-cog","objectname":"Comments","render":"server","object":"comments"}</string><null/><string>{"displayName":1,"nextN":20,"imageSize":"small","imageWidth":"AUTO","viewalllink":"","imageHeight":"AUTO","maxItems":3,"cssclass":"","altName":"","viewalllabel":"","displayList":"Date,Title,Image,Summary,Credits,Tags"}</string><null/><string>{"objecticonclass":"mi-cog","objectname":"&lt;i class=\"mi-align-justify\"&gt;&lt;/i&gt; Navigation","render":"server","object":"archive_nav"}</string><string>{"objecticonclass":"mi-cog","objectname":"&lt;i class=\"mi-align-justify\"&gt;&lt;/i&gt; Navigation","render":"server","object":"calendar_nav"}</string><string>{"inited":true,"objecticonclass":"mi-align-justify","objectname":"Navigation","taggroup":"","class":"","object":"category_summary","cssclass":""}</string><string>{"inited":true,"objecticonclass":"mi-align-justify","objectname":"Navigation","taggroup":"News","class":"","object":"tag_cloud","cssclass":""}</string><string>{"inited":true,"css":"","objecticonclass":"mi-cog","objectname":"Category Summary","displayrss":false,"render":"server","taggroup":"","object":"category_summary"}</string><string>{"inited":true,"css":"","objecticonclass":"mi-cog","objectname":"Comments","render":"server","object":"comments"}</string><null/><null/><null/><string>{"taggroup":""}</string><string>{"inited":true,"objectname":"&lt;i class=\"mi-cog\"&gt;&lt;/i&gt; System","class":"","object":"comments","cssclass":""}</string><null/><string>{"inited":true,"objectname":"&lt;i class=\"mi-align-justify\"&gt;&lt;/i&gt; Navigation","taggroup":"","class":"","object":"folder_nav","cssclass":""}</string><string>{"inited":true,"css":"","objecticonclass":"mi-align-justify","objectname":"Navigation","render":"server","taggroup":"","object":"standard_nav"}</string><string>{"css":"","viewalllink":"","objecticonclass":"mi-th-list","objectname":"Collection","layout":"default","render":"server","items":"","object":"collection","sourcetype":"remotefeed","displaylist":"Image,Date,Title,Summary,Credits,Tags","viewalllabel":"","inited":true,"nextn":20,"modalimages":false,"imagesize":"small","imagewidth":"AUTO","displaysummaries":1,"sortby":"","source":"324ADAC2-CD9B-ECDD-F3668876813F6049","label":"","imageheight":"AUTO","maxitems":2}</string><null/><string>{"inited":true,"objectname":"&lt;i class=\"mi-toggle-on\"&gt;&lt;/i&gt; Form","render":"client","label":"Contact Us","class":"","object":"form","cssclass":"","view":"form","name":"Information Request"}</string></field></recordset></data></wddxPacket>
