<wddxPacket version='1.0'><header/><data><recordset rowCount='2' fieldNames='GROUPID,SITEID,CREATED,ORDERNO,MEMBERSHIPID,CHAINID' type='coldfusion.sql.QueryTable'><field name='GROUPID'><string>F4C9CD4C-DC7B-40CE-92D2C3B516482FFA</string><string>223DAACF-0BB1-428B-928629A2877793AA</string></field><field name='SITEID'><string>default</string><string>default</string></field><field name='CREATED'><dateTime>2017-01-17T20:20:49+00:00</dateTime><dateTime>2017-01-17T20:19:51+00:00</dateTime></field><field name='ORDERNO'><number>1.0</number><number>2.0</number></field><field name='MEMBERSHIPID'><string>32496078-EBDA-1E2F-554AD4B0390E82BE</string><string>32496408-97B6-BAF5-8D3C514935CDB82C</string></field><field name='CHAINID'><string>466FBF5B-1885-4689-B1E3A6B9549ECB48</string><string>466FBF5B-1885-4689-B1E3A6B9549ECB48</string></field></recordset></data></wddxPacket>
