<wddxPacket version='1.0'><header/><data><recordset rowCount='1' fieldNames='SITEID,CHAINID,NAME,CREATED,LASTUPDATE,DESCRIPTION,LASTUPDATEBY,LASTUPDATEBYID' type='coldfusion.sql.QueryTable'><field name='SITEID'><string>default</string></field><field name='CHAINID'><string>32495BE6-0999-4E8B-B34400AF4F018508</string></field><field name='NAME'><string>Default Approval Chain</string></field><field name='CREATED'><dateTime>2017-01-17T20:19:51+00:00</dateTime></field><field name='LASTUPDATE'><dateTime>2017-11-24T00:25:27+00:00</dateTime></field><field name='DESCRIPTION'><null/></field><field name='LASTUPDATEBY'><string>Steve Withington</string></field><field name='LASTUPDATEBYID'><string>3202B829-9640-5FA5-2A682A0DDBFA90E6</string></field></recordset></data></wddxPacket>
