<wddxPacket version='1.0'><header/><data><recordset rowCount='8' fieldNames='CONTENTHISTID,RELATEDID,CONTENTID,SITEID,RELATEDCONTENTSETID,ORDERNO,RELATEDCONTENTID' type='coldfusion.sql.QueryTable'><field name='CONTENTHISTID'><string>324AC951-0BB2-FEC4-248ADF7C8B8E574F</string><string>324AC951-0BB2-FEC4-248ADF7C8B8E574F</string><string>324AC951-0BB2-FEC4-248ADF7C8B8E574F</string><string>324AD2E3-025C-5B47-8CF489E37653ED7C</string><string>324ACD54-B728-3DB1-E7BEEFA89446BFBD</string><string>324AC951-0BB2-FEC4-248ADF7C8B8E574F</string><string>C23FCE0E-B6B4-52E5-8C7366689820FFF5</string><string>C23FCE0E-B6B4-52E5-8C7366689820FFF5</string></field><field name='RELATEDID'><string>324AD5CE-F899-0621-390995AF5641020F</string><string>324ACB63-C421-71C4-90455840E34E6FEB</string><string>324AD30B-C352-62C0-2B2A42C65FA999B0</string><string>324AC909-F4F5-7700-0D69E4BA512969E6</string><string>324AC909-F4F5-7700-0D69E4BA512969E6</string><string>324AC7F0-A6F8-1005-3F09FEF8E7949EAB</string><string>324AD526-C8C7-ED3A-6D404CBF8B5426F9</string><string>324AC8A4-C4C5-4AE5-D7ED4E691AEC7240</string></field><field name='CONTENTID'><string>324AC952-07B1-497A-120B9B2F9F50C9AF</string><string>324AC952-07B1-497A-120B9B2F9F50C9AF</string><string>324AC952-07B1-497A-120B9B2F9F50C9AF</string><string>324AD2E5-C904-2AAE-92DC28B76F01EE6B</string><string>324AC7A6-CA37-1908-B1800B8510A2D28B</string><string>324AC952-07B1-497A-120B9B2F9F50C9AF</string><string>324AC909-F4F5-7700-0D69E4BA512969E6</string><string>324AC909-F4F5-7700-0D69E4BA512969E6</string></field><field name='SITEID'><string>default</string><string>default</string><string>default</string><string>default</string><string>default</string><string>default</string><string>default</string><string>default</string></field><field name='RELATEDCONTENTSETID'><string>00000000000000000000000000000000000</string><string>00000000000000000000000000000000000</string><string>00000000000000000000000000000000000</string><string>00000000000000000000000000000000000</string><string>00000000000000000000000000000000000</string><string>00000000000000000000000000000000000</string><string>00000000000000000000000000000000000</string><string>00000000000000000000000000000000000</string></field><field name='ORDERNO'><number>1.0</number><number>5.0</number><number>4.0</number><number>1.0</number><number>1.0</number><number>3.0</number><number>1.0</number><number>2.0</number></field><field name='RELATEDCONTENTID'><number>13.0</number><number>15.0</number><number>17.0</number><number>18.0</number><number>19.0</number><number>20.0</number><number>1013.0</number><number>1014.0</number></field></recordset></data></wddxPacket>
