<wddxPacket version='1.0'><header/><data><recordset rowCount='2' fieldNames='REQUESTID,CREATED,ACTIONTYPE,ACTIONTID,CHAINID,COMMENTS,SITEID,PARENTID,USERID,GROUPID' type='coldfusion.sql.QueryTable'><field name='REQUESTID'><string>52F7B52F-4149-4D5F-9753830E4E394D79</string><string>52F7B52F-4149-4D5F-9753830E4E394D79</string></field><field name='CREATED'><dateTime>2017-1-17T20:41:56+0:0</dateTime><dateTime>2017-1-17T20:43:26+0:0</dateTime></field><field name='ACTIONTYPE'><string>Approval</string><string>Approval</string></field><field name='ACTIONTID'><string>136DC8C6-569D-482C-BD557619A6623785</string><string>5C6F1E21-7A21-4381-9E560D5F37BC250D</string></field><field name='CHAINID'><string>466FBF5B-1885-4689-B1E3A6B9549ECB48</string><string>466FBF5B-1885-4689-B1E3A6B9549ECB48</string></field><field name='COMMENTS'><string></string><string></string></field><field name='SITEID'><string>default</string><string>default</string></field><field name='PARENTID'><string></string><string></string></field><field name='USERID'><string>52C12A69-B4BD-4597-808678E2B28BC8AA</string><string>6823FD59-9485-4B1F-B2FD7EC5B449C96E</string></field><field name='GROUPID'><string>F4C9CD4C-DC7B-40CE-92D2C3B516482FFA</string><string>223DAACF-0BB1-428B-928629A2877793AA</string></field></recordset></data></wddxPacket>
