<wddxPacket version='1.0'><header/><data><recordset rowCount='7' fieldNames='CONTENTHISTID,CATEGORYID,CONTENTID,ISFEATURE,ORDERNO,SITEID,FEATURESTART,FEATURESTOP' type='coldfusion.sql.QueryTable'><field name='CONTENTHISTID'><string>540DEB13-9F2D-4759-B1E24B3B0C0CEBAF</string><string>540DEB13-9F2D-4759-B1E24B3B0C0CEBAF</string><string>6CD1ADF9-7B08-4764-96FADE7ED8EAB0F6</string><string>7C47DB97-BB3E-4FB7-9E1CE328F2F4198C</string><string>9C98FC6A-69AD-4722-A27F3DA5F33C6481</string><string>9C98FC6A-69AD-4722-A27F3DA5F33C6481</string><string>F33CDA9A-F59A-4F4F-8C992D7DACAD0F7D</string></field><field name='CATEGORYID'><string>28CD7E6E-77EC-406B-87DF69A51429A8BA</string><string>70BB69C1-C117-4183-864A307B7096601C</string><string>70BB69C1-C117-4183-864A307B7096601C</string><string>E4538A04-9B9E-476F-A177663C8DEB324E</string><string>247F978F-E9AA-4123-931D7E6472425B29</string><string>70BB69C1-C117-4183-864A307B7096601C</string><string>7A96BAF2-8483-4444-81694C89AD9C37B8</string></field><field name='CONTENTID'><string>B1E67C55-0D5A-48DF-92E05E7432A8A646</string><string>B1E67C55-0D5A-48DF-92E05E7432A8A646</string><string>97FDDF32-95FD-40D1-9F95FC485B633CCE</string><string>2763C071-8347-41B5-A3600CDBE89A2FB4</string><string>5E818843-2F5D-4A24-A8656C8430E7160C</string><string>5E818843-2F5D-4A24-A8656C8430E7160C</string><string>9ECD1BB5-B433-426C-A2A9D8616BCAD279</string></field><field name='ISFEATURE'><number>0.0</number><number>0.0</number><number>0.0</number><number>0.0</number><number>0.0</number><number>0.0</number><number>0.0</number></field><field name='ORDERNO'><number>0.0</number><number>0.0</number><number>0.0</number><number>0.0</number><number>0.0</number><number>0.0</number><number>0.0</number></field><field name='SITEID'><string>theme-murabootstrap3</string><string>theme-murabootstrap3</string><string>theme-murabootstrap3</string><string>theme-murabootstrap3</string><string>theme-murabootstrap3</string><string>theme-murabootstrap3</string><string>theme-murabootstrap3</string></field><field name='FEATURESTART'><null/><null/><null/><null/><null/><null/><null/></field><field name='FEATURESTOP'><null/><null/><null/><null/><null/><null/><null/></field></recordset></data></wddxPacket>
