<wddxPacket version='1.0'><header/><data><recordset rowCount='1' fieldNames='foodbevrate,budgetid,foodbevsubtotal,foodbevdesc,foodbevid,foodbevdays,foodbevqty' type='coldfusion.sql.QueryTable'><field name='foodbevrate'><string></string></field><field name='budgetid'><string>4B7C134C-7969-4FCA-BD9CC817A7AFB3DE</string></field><field name='foodbevsubtotal'><number>0.0</number></field><field name='foodbevdesc'><string></string></field><field name='foodbevid'><string>842C7763-3377-4993-8960EC83771538E4</string></field><field name='foodbevdays'><string></string></field><field name='foodbevqty'><string></string></field></recordset></data></wddxPacket>
