<wddxPacket version='1.0'><header/><data><recordset rowCount='1' fieldNames='meetingid,serverfilename,serverfileext,timecreated,filesize,contenttype,contentsubtype,serverdirectory,serverfile,meetingattachmentid' type='coldfusion.sql.QueryTable'><field name='meetingid'><string>E8610CD9-C763-49A1-A9DE61B9CAFAABDC</string></field><field name='serverfilename'><string>carol-hamilton</string></field><field name='serverfileext'><string>jpg</string></field><field name='timecreated'><dateTime>2016-4-26T20:26:7+0:0</dateTime></field><field name='filesize'><number>179075.0</number></field><field name='contenttype'><string>image</string></field><field name='contentsubtype'><string>jpeg</string></field><field name='serverdirectory'><string>/Users/steve/webapps/lucee4/plugins/AppleMeetings/attachments</string></field><field name='serverfile'><string>carol-hamilton.jpg</string></field><field name='meetingattachmentid'><string>743714EE-D3F0-4E06-9B2A5D4E5CCF9029</string></field></recordset></data></wddxPacket>
