<wddxPacket version='1.0'><header/><data><recordset rowCount='0' fieldNames='meetingid,serverfilename,serverfileext,timecreated,filesize,contenttype,contentsubtype,serverdirectory,serverfile,meetingattachmentid' type='coldfusion.sql.QueryTable'><field name='meetingid'></field><field name='serverfilename'></field><field name='serverfileext'></field><field name='timecreated'></field><field name='filesize'></field><field name='contenttype'></field><field name='contentsubtype'></field><field name='serverdirectory'></field><field name='serverfile'></field><field name='meetingattachmentid'></field></recordset></data></wddxPacket>
