<wddxPacket version='1.0'><header/><data><recordset rowCount='0' fieldNames='contactsubject,contactmessage,contactid,datecreated,namelast,contactregion,phone,namefirst,email' type='coldfusion.sql.QueryTable'><field name='contactsubject'></field><field name='contactmessage'></field><field name='contactid'></field><field name='datecreated'></field><field name='namelast'></field><field name='contactregion'></field><field name='phone'></field><field name='namefirst'></field><field name='email'></field></recordset></data></wddxPacket>
