<wddxPacket version='1.0'><header/><data><recordset rowCount='1' fieldNames='giveawaysubtotal,budgetid,giveawayid,giveawaydesc,giveawayrate,giveawayqty' type='coldfusion.sql.QueryTable'><field name='giveawaysubtotal'><number>0.0</number></field><field name='budgetid'><string>4B7C134C-7969-4FCA-BD9CC817A7AFB3DE</string></field><field name='giveawayid'><string>597D971C-6BDD-47C5-951CFF24508FB340</string></field><field name='giveawaydesc'><string></string></field><field name='giveawayrate'><number>0.0</number></field><field name='giveawayqty'><number>0.0</number></field></recordset></data></wddxPacket>
