<wddxPacket version='1.0'><header/><data><recordset rowCount='2' fieldNames='meetingid,approverassignmentid,approverdecisionid,approverid,approverdepartment' type='coldfusion.sql.QueryTable'><field name='meetingid'><string>E8610CD9-C763-49A1-A9DE61B9CAFAABDC</string><string>E8610CD9-C763-49A1-A9DE61B9CAFAABDC</string></field><field name='approverassignmentid'><string>07FF0BEE-9DFB-4E7A-830C6C10A09BC2BF</string><string>F9AAEC86-D212-4261-89A630063232E05D</string></field><field name='approverdecisionid'><string></string><string></string></field><field name='approverid'><string>C304E1CA-AD83-49FC-B2C1C0DD47BE6BC8</string><string>800A1DDF-B8CE-4186-B93856CE24938E1C</string></field><field name='approverdepartment'><string></string><string></string></field></recordset></data></wddxPacket>
