<wddxPacket version='1.0'><header/><data><recordset rowCount='4' fieldNames='contentHistID,categoryID,contentID,isFeature,orderno,siteID,featureStart,featureStop' type='coldfusion.sql.QueryTable'><field name='contentHistID'><string>0536C7DC-C2E1-490A-825F94FB71946311</string><string>56B7E07E-CDFC-41DD-B1A5425C06F81B1F</string><string>5C471150-5080-4E8D-B99EB6BE73B48864</string><string>97B964B5-A269-4F47-A9F4B7F6AA0ACC6B</string></field><field name='categoryID'><string>C8853533-5F52-4F01-9DE0D31791BFAEFF</string><string>84D4A89A-FAC2-4F11-A57D93908D83A470</string><string>84D4A89A-FAC2-4F11-A57D93908D83A470</string><string>D914AC00-D248-4DD6-99130103A66EC959</string></field><field name='contentID'><string>89E37306-2980-4E1E-809194E8A8D0B420</string><string>0E9A8BF7-55A1-4ABA-A09473039D8B50C9</string><string>74B87D9F-79B9-40FD-B14AFDE328FAD1C5</string><string>C6BAA0E6-8001-4322-8CA01CF6CE9BEF37</string></field><field name='isFeature'><number>0.0</number><number>1.0</number><number>0.0</number><number>0.0</number></field><field name='orderno'><number>0.0</number><number>0.0</number><number>0.0</number><number>0.0</number></field><field name='siteID'><string>default</string><string>default</string><string>default</string><string>default</string></field><field name='featureStart'><string></string><string></string><string></string><string></string></field><field name='featureStop'><string></string><string></string><string></string><string></string></field></recordset></data></wddxPacket>
