<wddxPacket version='1.0'><header/><data><recordset rowCount='39' fieldNames='CONTENTHISTID,OBJECTID,OBJECT,CONTENTID,NAME,ORDERNO,SITEID,COLUMNID,PARAMS' type='coldfusion.sql.QueryTable'><field name='CONTENTHISTID'><string>0094FAC4-2F11-4E3E-B0EE1812AE69EEBE</string><string>06562AF9-AB07-4EFD-9B4E9DE385BF40AD</string><string>06562AF9-AB07-4EFD-9B4E9DE385BF40AD</string><string>073E074F-A8F6-4C55-A2ED18F5BB1A2ACE</string><string>08D2DDE8-EFFC-4F99-93D5D38E78BEB5D0</string><string>122E27E1-0E32-4211-92D19357D8397FAA</string><string>158B27D0-13F3-47D1-AECB08D2F7A7BF91</string><string>2A6B158A-D024-49E0-B78516C8734BD325</string><string>2A6B158A-D024-49E0-B78516C8734BD325</string><string>2A6B158A-D024-49E0-B78516C8734BD325</string><string>2A6B158A-D024-49E0-B78516C8734BD325</string><string>2C33077A-4D41-4854-8D2EB295268ACA81</string><string>460D3DA8-5F14-4D02-B835056A9EAA79E4</string><string>48E7FD8D-08E5-4B3F-AB388E06A2413EA1</string><string>58D06197-E9D3-42E5-918C62885CD5C048</string><string>58D06197-E9D3-42E5-918C62885CD5C048</string><string>5D99D9D3-F2AF-4BFA-AC6B9EB7970AE246</string><string>65E71018-3D91-4280-82EE152F0D5296C2</string><string>69E01457-B4E8-484F-A263A27A6673A07D</string><string>793433DD-5FAE-4C6D-BAF2B496BA700439</string><string>83F29D04-098E-4A8E-95EB551BAC9F6EB1</string><string>83F29D04-098E-4A8E-95EB551BAC9F6EB1</string><string>96C06912-887B-4C0B-B2A4D0B5BEB1A92D</string><string>977D51D1-8E3B-45A3-A4DC17D67EEEBFCA</string><string>977D51D1-8E3B-45A3-A4DC17D67EEEBFCA</string><string>977D51D1-8E3B-45A3-A4DC17D67EEEBFCA</string><string>977D51D1-8E3B-45A3-A4DC17D67EEEBFCA</string><string>977D51D1-8E3B-45A3-A4DC17D67EEEBFCA</string><string>9B2DE586-5A03-4664-8DFADF505B14D10B</string><string>9D02AE51-B389-447F-BB4980DB74692AB8</string><string>9D95EDB7-3B6F-4198-BA1711F8088DE630</string><string>A3E6D631-B47E-4B5D-B8B286336269E35B</string><string>AE60D81D-B296-49A3-97940941EC7E7172</string><string>C40D1431-9EC6-4530-B3288E187C3D4D90</string><string>C40D1431-9EC6-4530-B3288E187C3D4D90</string><string>D8EF7F60-2A2A-48FB-B460F3A52F419088</string><string>E4946F4D-AEC1-48CC-88F23EF2B3260A64</string><string>E9BF065C-D2EC-48AB-8BBC4DF9860B0D10</string><string>F4F9D036-50F3-49F4-928DDCD30E6A7113</string></field><field name='OBJECTID'><string>3AF817CF-1B68-4EFD-8A644A03A9AC70F9</string><string>49772715-3EB6-41A0-A435EE5815A0DC40</string><string>C637AFB4-CA49-4021-95C757245468A11D</string><string>25B36D2A-1387-45F7-8606314A336971CC</string><string>406DB634-8518-4FD5-9108DABCEBB049AF</string><string>D8361A6C-CDAC-4112-A1514DAAA6488612</string><string>09CDEC50-01F7-415D-B2A1155586B13617</string><string>59DF80DA-E0EF-4142-BA4E89027DAC4930</string><string>59DF80DA-E0EF-4142-BA4E89027DAC4930</string><string>6B2892D9-37B9-4A42-A6EA071275D2FF67</string><string>AE6B02EA-7588-4369-B85F3591FFFFF270</string><string>57077772-41EF-4154-9632016F6F62597A</string><string>2438DCCC-1DA5-4F0D-9468A5AA4B493315</string><string>F465D1EF-363F-4820-9DDAC4D57698C047</string><string>43EEE4B3-8FA7-4E72-B09F9A9B94FE379B</string><string>A783DD34-7C33-4F31-B67D4E1985F71D34</string><string>87CF0619-42A6-410B-95604B9DD038D6BF</string><string>D4D148BE-5D85-4748-B19A306D34BADCA6</string><string>84AFE9DC-66FC-4CF8-81B54852BE003FC3</string><string>062BDF7C-2DA9-4A0D-9411A6F0DB6318A5</string><string>57077772-41EF-4154-9632016F6F62597A</string><string>BAFE1F15-3BF5-415C-9526808D2A8C4CC1</string><string>9370AA53-4BA6-4EC4-AD369EF95AFD06FF</string><string>6B2892D9-37B9-4A42-A6EA071275D2FF67</string><string>EC461328-0B0B-416F-9B4E54824920348A</string><string>F558F9CA-B311-4EF5-93CBBCDE056268A9</string><string>F558F9CA-B311-4EF5-93CBBCDE056268A9</string><string>F558F9CA-B311-4EF5-93CBBCDE056268A9</string><string>1FCAEC49-DBBD-463F-AB43B177F9A711B7</string><string>201DE2CD-EB4B-4980-9EA38D6DADC52682</string><string>4978B18B-60E7-43FF-B37EDFD5BCD28C3B</string><string>27C48304-6B22-4C59-8848F01F72D7D91B</string><string>1D6A3B10-3C85-4E33-94903371811744F3</string><string>3EF8ADA7-3C71-4F79-A35E0F64C31D6D31</string><string>F567C0D4-21DD-4453-BFBFAF9F83E4455B</string><string>DB9ACE2B-1D9B-4933-9728475B930A621C</string><string>C6D44E98-7E18-4BFB-A250331ABDB17600</string><string>B53308C9-4532-4767-BA571ECB372877D9</string><string>D0255C3B-1631-4FBC-B4BFAFE9406D7A93</string></field><field name='OBJECT'><string>multilevel_nav</string><string>form</string><string>Component</string><string>event_reminder_form</string><string>mailing_list_master</string><string>rater</string><string>standard_nav</string><string>archive_nav</string><string>calendar_nav</string><string>comments</string><string>tag_cloud</string><string>feed</string><string>standard_nav</string><string>folder_nav</string><string>standard_nav</string><string>user_tools</string><string>comments</string><string>dragable_feeds</string><string>user_tools</string><string>sub_nav</string><string>feed</string><string>feed</string><string>standard_nav</string><string>comments</string><string>rater</string><string>archive_nav</string><string>calendar_nav</string><string>category_summary</string><string>mailing_list</string><string>peer_nav</string><string>seq_nav</string><string>tag_cloud</string><string>favorites</string><string>feed</string><string>standard_nav</string><string>site_map</string><string>related_content</string><string>site_map</string><string>site_map</string></field><field name='CONTENTID'><string>DD27BD85-FE2F-41B2-8CEC4F331EC2C9A5</string><string>70EE119C-6F0E-4329-9ACD3D914FD1EAA1</string><string>70EE119C-6F0E-4329-9ACD3D914FD1EAA1</string><string>41F99DF1-6E64-414E-8F7D35B653F097FF</string><string>FBA7F4C8-7B5F-4A84-B0F83282C4E3F10A</string><string>441B6B26-3B95-4B56-8B8D8426BA491E22</string><string>8709691F-B6A2-4A0D-BB837087A6DFC3E0</string><string>59DF80DA-E0EF-4142-BA4E89027DAC4930</string><string>59DF80DA-E0EF-4142-BA4E89027DAC4930</string><string>59DF80DA-E0EF-4142-BA4E89027DAC4930</string><string>59DF80DA-E0EF-4142-BA4E89027DAC4930</string><string>86378ACA-764E-4D8A-8FFEDF1C11496208</string><string>0DE4EEDC-A2E1-4A5B-927D7716BB00C0E3</string><string>87388EAA-2CEC-4B02-950DCC0840EA656B</string><string>81D7922C-2B55-485C-AFA18077B02F3466</string><string>81D7922C-2B55-485C-AFA18077B02F3466</string><string>8D68F184-C578-4776-ABE7E722AD30F6C9</string><string>623D360F-99D8-4A00-8F3D1F1267EAA8C6</string><string>DD59781C-1E3A-45FA-A93B3882FE078BDF</string><string>6BA2A943-1D75-4E0B-8114A34AE6186D30</string><string>00000000000000000000000000000000001</string><string>00000000000000000000000000000000001</string><string>8A882E00-0478-4E4E-8460CA6587439833</string><string>F558F9CA-B311-4EF5-93CBBCDE056268A9</string><string>F558F9CA-B311-4EF5-93CBBCDE056268A9</string><string>F558F9CA-B311-4EF5-93CBBCDE056268A9</string><string>F558F9CA-B311-4EF5-93CBBCDE056268A9</string><string>F558F9CA-B311-4EF5-93CBBCDE056268A9</string><string>F48E86BF-BF0B-4AA2-AED68A198FE49959</string><string>039E9540-94FE-415B-B2991352AA5F9622</string><string>6B306DCF-8DEE-4F3C-AD795B23D61E9D87</string><string>50ADA883-1DB1-4D7C-8D410558BD19F841</string><string>2FA19C9B-77C5-40B9-8F5B0CE61E670367</string><string>B851BE0F-7DCC-4EF1-A8B657D400337FD8</string><string>B851BE0F-7DCC-4EF1-A8B657D400337FD8</string><string>ED6446A8-084C-4FFA-AEF2070E32824FB5</string><string>6D054DB5-5E2C-4B6B-A290BB3B87F3DACA</string><string>6CBE4B77-AD39-4D8F-B36B96A969C683E9</string><string>921044FE-343B-41F2-B264A41098E5052F</string></field><field name='NAME'><string>Multi-Level Navigation</string><string>Data Collector - Information Request Form</string><string>Component - Contact Details</string><string>Event Reminder Form</string><string>Master Mailing List Sign Up Form</string><string>Content Rater</string><string>Standard Navigation</string><string>Home &gt; Blog  - Archive Navigation</string><string>Home  &gt;Blog - Calendar Navigation</string><string>Accept Comments</string><string>Tag Cloud</string><string>Upcoming Events - Local Index</string><string>Standard Navigation</string><string>Folder Navigation</string><string>Standard Navigation</string><string>User Tools</string><string>Accept Comments</string><string>Dragable Feeds</string><string>User Tools</string><string>Sub Navigation</string><string>Upcoming Events - Local Index</string><string>From Our Blog - Local Index</string><string>Standard Navigation</string><string>Accept Comments</string><string>Content Rater</string><string>Home &gt; News  - Archive Navigation</string><string>Home  &gt;News - Calendar Navigation</string><string>News - Category Summary</string><string>Mailing List - Sign Up for Our Mailing List</string><string>Peer Navigation</string><string>Sequential Nav</string><string>Tag Group</string><string>User Favorites</string><string>Mura Blog - Remote Feed</string><string>Standard Navigation</string><string>Site Map</string><string>Related Content</string><string>Site Map</string><string>Site Map</string></field><field name='ORDERNO'><number>1.0</number><number>1.0</number><number>1.0</number><number>1.0</number><number>1.0</number><number>1.0</number><number>1.0</number><number>2.0</number><number>3.0</number><number>1.0</number><number>1.0</number><number>1.0</number><number>1.0</number><number>1.0</number><number>1.0</number><number>2.0</number><number>1.0</number><number>1.0</number><number>1.0</number><number>1.0</number><number>2.0</number><number>1.0</number><number>1.0</number><number>1.0</number><number>1.0</number><number>3.0</number><number>4.0</number><number>2.0</number><number>1.0</number><number>1.0</number><number>1.0</number><number>1.0</number><number>1.0</number><number>1.0</number><number>1.0</number><number>1.0</number><number>1.0</number><number>1.0</number><number>1.0</number></field><field name='SITEID'><string>theme-murabootstrap3</string><string>theme-murabootstrap3</string><string>theme-murabootstrap3</string><string>theme-murabootstrap3</string><string>theme-murabootstrap3</string><string>theme-murabootstrap3</string><string>theme-murabootstrap3</string><string>theme-murabootstrap3</string><string>theme-murabootstrap3</string><string>theme-murabootstrap3</string><string>theme-murabootstrap3</string><string>theme-murabootstrap3</string><string>theme-murabootstrap3</string><string>theme-murabootstrap3</string><string>theme-murabootstrap3</string><string>theme-murabootstrap3</string><string>theme-murabootstrap3</string><string>theme-murabootstrap3</string><string>theme-murabootstrap3</string><string>theme-murabootstrap3</string><string>theme-murabootstrap3</string><string>theme-murabootstrap3</string><string>theme-murabootstrap3</string><string>theme-murabootstrap3</string><string>theme-murabootstrap3</string><string>theme-murabootstrap3</string><string>theme-murabootstrap3</string><string>theme-murabootstrap3</string><string>theme-murabootstrap3</string><string>theme-murabootstrap3</string><string>theme-murabootstrap3</string><string>theme-murabootstrap3</string><string>theme-murabootstrap3</string><string>theme-murabootstrap3</string><string>theme-murabootstrap3</string><string>theme-murabootstrap3</string><string>theme-murabootstrap3</string><string>theme-murabootstrap3</string><string>theme-murabootstrap3</string></field><field name='COLUMNID'><number>1.0</number><number>2.0</number><number>3.0</number><number>2.0</number><number>2.0</number><number>2.0</number><number>1.0</number><number>3.0</number><number>3.0</number><number>2.0</number><number>3.0</number><number>3.0</number><number>1.0</number><number>1.0</number><number>1.0</number><number>1.0</number><number>2.0</number><number>2.0</number><number>2.0</number><number>1.0</number><number>3.0</number><number>3.0</number><number>1.0</number><number>2.0</number><number>3.0</number><number>3.0</number><number>3.0</number><number>3.0</number><number>2.0</number><number>1.0</number><number>2.0</number><number>2.0</number><number>2.0</number><number>3.0</number><number>1.0</number><number>2.0</number><number>2.0</number><number>2.0</number><number>2.0</number></field><field name='PARAMS'><null/><null/><null/><null/><null/><null/><null/><null/><null/><null/><null/><string>{"imageSize":"small","imageWidth":"AUTO","imageHeight":"AUTO","displayName":"1","altName":"","cssclass":"","viewalllink":"","viewalllabel":"","maxItems":"3","nextN":"20","displayList":"Date,Title,Image,Summary,Credits,Tags"}</string><null/><null/><null/><null/><null/><null/><null/><null/><string>{"imageSize":"small","imageWidth":"AUTO","imageHeight":"AUTO","displayName":"1","altName":"","cssclass":"","viewalllink":"","viewalllabel":"","maxItems":"2","nextN":"20","displayList":"Date,Title,Summary"}</string><string>{"imageSize":"small","imageWidth":"AUTO","imageHeight":"AUTO","displayName":"1","altName":"","cssclass":"","viewalllink":"","viewalllabel":"","maxItems":"1","nextN":"1","displayList":"Title,Date,Summary,Credits"}</string><null/><null/><null/><null/><null/><string>{"displayRSS":"0"}</string><null/><null/><null/><string>{"taggroup":""}</string><null/><string>{"displaySummaries":"0","viewalllink":"","viewalllabel":""}</string><null/><null/><string>{"relatedContentSetName":"","imageWidth":"AUTO","imageHeight":"AUTO","displayList":"Title"}</string><null/><null/></field></recordset></data></wddxPacket>
