<wddxPacket version='1.0'><header/><data><recordset rowCount='12' fieldNames='FILEID,CONTENTID,SITEID,MODULEID,FILENAME,IMAGE,IMAGESMALL,IMAGEMEDIUM,FILESIZE,CONTENTTYPE,CONTENTSUBTYPE,FILEEXT,CREATED,DELETED,REMOTEPUBDATE,REMOTEURL,REMOTEID,CREDITS,REMOTESOURCE,CAPTION,ALTTEXT,REMOTESOURCEURL,EXIF' type='coldfusion.sql.QueryTable'><field name='FILEID'><string>5F346C8F-5EA4-4630-83BA039C53B634C4</string><string>628EAD2B-F635-450C-AC31928E93FCF125</string><string>65C9D699-6A14-4EC2-B4908C219769B105</string><string>86844C89-B11D-4EFC-B1318F5799B78607</string><string>8AA3D0CA-F3E0-4090-9262F10B1B196E43</string><string>ACA78148-6D00-45BD-8785ADDE12719741</string><string>B38A814F-F136-434B-B46B61CC99AF2883</string><string>BDA4A7F0-9480-479E-B2DBA1E00ADCAE5D</string><string>BF5B4148-BD06-456B-8095B28756540C22</string><string>D2B34D7F-DA67-483D-BBFC84D47D833DA3</string><string>E259EB72-DB62-4403-8441D34D3AA43A01</string><string>F5ADF2DD-668C-455A-A51FA81E23AC88CA</string></field><field name='CONTENTID'><string>B1E67C55-0D5A-48DF-92E05E7432A8A646</string><string>B5C514DE-8164-427D-9DDDF46766CA9DF2</string><string>97FDDF32-95FD-40D1-9F95FC485B633CCE</string><string>54EA73C3-75AC-4E0C-99D43F5C9043B1E6</string><string>5E818843-2F5D-4A24-A8656C8430E7160C</string><string>745AF80C-3538-4716-AA660785602CB184</string><string>21BED0AD-A2C8-4B70-824DD775A20D79FB</string><string>AF7BF511-DF30-425D-9FCD12E3E3047790</string><string>93C02FC9-219D-4877-9AB188CC8162CF01</string><string>B54AF6CC-1202-42E0-86ADFE94F4EF709D</string><string>44F22A23-F9BD-4C67-BFDD6AA235AD4ED0</string><string>206AA705-0E4A-44C6-96BDDBAB68517270</string></field><field name='SITEID'><string>theme-murabootstrap3</string><string>theme-murabootstrap3</string><string>theme-murabootstrap3</string><string>theme-murabootstrap3</string><string>theme-murabootstrap3</string><string>theme-murabootstrap3</string><string>theme-murabootstrap3</string><string>theme-murabootstrap3</string><string>theme-murabootstrap3</string><string>theme-murabootstrap3</string><string>theme-murabootstrap3</string><string>theme-murabootstrap3</string></field><field name='MODULEID'><string>00000000000000000000000000000000000</string><string>00000000000000000000000000000000000</string><string>00000000000000000000000000000000000</string><string>00000000000000000000000000000000000</string><string>00000000000000000000000000000000000</string><string>00000000000000000000000000000000000</string><string>00000000000000000000000000000000000</string><string>00000000000000000000000000000000000</string><string>00000000000000000000000000000000000</string><string>00000000000000000000000000000000000</string><string>00000000000000000000000000000000000</string><string>00000000000000000000000000000000000</string></field><field name='FILENAME'><string>703E9D29-C979-4416-9E31D111AD5FED93_source.jpg</string><string>A311A76D-F2D9-463D-A26655599CF16982_source.jpg</string><string>C97D5C19-7965-49DC-AA47DEF85C7BDF07_source.jpg</string><string>6FE5203B-DAB0-41B5-BE1E8E6E9F7ED965_source.jpeg</string><string>28A5C6D3-A318-4A18-B80ED3277FD0439E_source.jpg</string><string>5F93A4B4-7E64-440F-9604D2BAF365864B_source.jpg</string><string>955A12E0-9E5E-48BA-922600A519E7A314_source.jpg</string><string>3FD8FA3B-57C5-4202-B9F03C776E8DD778_source.jpg</string><string>30BA5898-1490-4C2E-99A7634A7A9DCDC2_source.jpg</string><string>61DFDEB1-45D8-4645-938727BD03E382B0_source.jpg</string><string>sample-annual-report.pdf</string><string>62A8772C-9CE4-4128-84F5CB790A079761_source.jpg</string></field><field name='IMAGE'><null/><null/><null/><null/><null/><null/><null/><null/><null/><null/><null/><null/></field><field name='IMAGESMALL'><null/><null/><null/><null/><null/><null/><null/><null/><null/><null/><null/><null/></field><field name='IMAGEMEDIUM'><null/><null/><null/><null/><null/><null/><null/><null/><null/><null/><null/><null/></field><field name='FILESIZE'><number>618361.0</number><number>473493.0</number><number>506108.0</number><number>3604232.0</number><number>777056.0</number><number>4597525.0</number><number>1071255.0</number><number>456354.0</number><number>3791376.0</number><number>4245010.0</number><number>20318.0</number><number>4090658.0</number></field><field name='CONTENTTYPE'><string>image</string><string>image</string><string>image</string><string>image</string><string>image</string><string>image</string><string>image</string><string>image</string><string>image</string><string>image</string><string>application</string><string>image</string></field><field name='CONTENTSUBTYPE'><string>jpeg</string><string>jpeg</string><string>jpeg</string><string>jpeg</string><string>jpeg</string><string>jpeg</string><string>jpeg</string><string>jpeg</string><string>jpeg</string><string>jpeg</string><string>pdf</string><string>jpeg</string></field><field name='FILEEXT'><string>jpg</string><string>jpg</string><string>jpg</string><string>jpeg</string><string>jpg</string><string>jpg</string><string>jpg</string><string>jpg</string><string>jpg</string><string>jpg</string><string>pdf</string><string>jpg</string></field><field name='CREATED'><dateTime>2013-09-25T17:01:39-06:00</dateTime><dateTime>2013-09-25T17:48:37-06:00</dateTime><dateTime>2013-09-25T17:26:34-06:00</dateTime><dateTime>2013-09-25T17:42:25-06:00</dateTime><dateTime>2013-09-25T17:25:33-06:00</dateTime><dateTime>2013-09-25T16:58:32-06:00</dateTime><dateTime>2013-09-25T17:44:28-06:00</dateTime><dateTime>2013-09-25T17:49:16-06:00</dateTime><dateTime>2013-09-25T16:54:05-06:00</dateTime><dateTime>2013-09-25T16:51:50-06:00</dateTime><dateTime>2012-11-27T15:22:32-06:00</dateTime><dateTime>2013-09-25T16:55:17-06:00</dateTime></field><field name='DELETED'><number>0.0</number><number>0.0</number><number>0.0</number><number>0.0</number><number>0.0</number><number>0.0</number><number>0.0</number><number>0.0</number><number>0.0</number><number>0.0</number><number>0.0</number><number>0.0</number></field><field name='REMOTEPUBDATE'><dateTime>2013-09-25T17:01:48-06:00</dateTime><dateTime>2013-09-25T17:48:45-06:00</dateTime><dateTime>2013-09-25T17:26:42-06:00</dateTime><dateTime>2013-09-25T17:42:41-06:00</dateTime><dateTime>2013-09-25T17:25:40-06:00</dateTime><dateTime>2013-09-25T16:58:46-06:00</dateTime><dateTime>2013-09-25T17:44:35-06:00</dateTime><dateTime>2013-09-25T17:49:23-06:00</dateTime><dateTime>2013-09-25T16:54:17-06:00</dateTime><dateTime>2013-09-25T16:52:04-06:00</dateTime><null/><dateTime>2013-09-25T16:55:33-06:00</dateTime></field><field name='REMOTEURL'><null/><null/><null/><null/><null/><null/><null/><null/><null/><null/><null/><null/></field><field name='REMOTEID'><null/><null/><null/><null/><null/><null/><null/><null/><null/><null/><null/><null/></field><field name='CREDITS'><null/><null/><null/><null/><null/><null/><null/><null/><null/><null/><null/><null/></field><field name='REMOTESOURCE'><null/><null/><null/><null/><null/><null/><null/><null/><null/><null/><null/><null/></field><field name='CAPTION'><string>&lt;p&gt;Lorem ipsum dolor sit amet, consectetur adipiscing elit. Praesent suscipit iaculis libero sed tristique. Quisque mollis dolor non tellus placerat vitae sodales lectus porta. Curabitur ut suscipit tellus.&lt;/p&gt;</string><string>&lt;p&gt;Lorem ipsum dolor sit amet, consectetur adipiscing elit. Praesent suscipit iaculis libero sed tristique. Quisque mollis dolor non tellus placerat vitae sodales lectus porta. Curabitur ut suscipit tellus.&lt;/p&gt;</string><string>&lt;p&gt;Lorem ipsum dolor sit amet, consectetur adipiscing elit. Praesent suscipit iaculis libero sed tristique. Quisque mollis dolor non tellus placerat vitae sodales lectus porta. Curabitur ut suscipit tellus.&lt;/p&gt;</string><string>&lt;p&gt;Lorem ipsum dolor sit amet, consectetur adipiscing elit. Praesent suscipit iaculis libero sed tristique. Quisque mollis dolor non tellus placerat vitae sodales lectus porta. Curabitur ut suscipit tellus.&lt;/p&gt;</string><string>&lt;p&gt;Lorem ipsum dolor sit amet, consectetur adipiscing elit. Praesent suscipit iaculis libero sed tristique. Quisque mollis dolor non tellus placerat vitae sodales lectus porta. Curabitur ut suscipit tellus.&lt;/p&gt;</string><null/><string>&lt;p&gt;Lorem ipsum dolor sit amet, consectetur adipiscing elit. Praesent suscipit iaculis libero sed tristique. Quisque mollis dolor non tellus placerat vitae sodales lectus porta. Curabitur ut suscipit tellus.&lt;/p&gt;</string><string>&lt;p&gt;Lorem ipsum dolor sit amet, consectetur adipiscing elit. Praesent suscipit iaculis libero sed tristique. Quisque mollis dolor non tellus placerat vitae sodales lectus porta. Curabitur ut suscipit tellus.&lt;/p&gt;</string><null/><null/><null/><null/></field><field name='ALTTEXT'><null/><null/><null/><null/><null/><null/><null/><null/><null/><null/><null/><null/></field><field name='REMOTESOURCEURL'><null/><null/><null/><null/><null/><null/><null/><null/><null/><null/><null/><null/></field><field name='EXIF'><null/><null/><null/><null/><null/><null/><null/><null/><null/><null/><null/><null/></field></recordset></data></wddxPacket>
