<wddxPacket version='1.0'><header/><data><recordset rowCount='2' fieldNames='PARAMID,FEEDID,PARAM,RELATIONSHIP,FIELD,CONDITION,CRITERIA,DATATYPE' type='coldfusion.sql.QueryTable'><field name='PARAMID'><string>E00685F9-E25C-C1F2-72760295AB3F0D73</string><string>E00685FE-E8FB-2872-8DF8AFB55B224F61</string></field><field name='FEEDID'><string>E0068484-9CBD-F4E1-4E4B06C6D86F6D99</string><string>E00685E7-D4DC-6ED2-B4E682C8C96D95FA</string></field><field name='PARAM'><number>1.0</number><number>1.0</number></field><field name='RELATIONSHIP'><string>and</string><string>and</string></field><field name='FIELD'><null/><null/></field><field name='CONDITION'><string>Equals</string><string>Equals</string></field><field name='CRITERIA'><null/><null/></field><field name='DATATYPE'><string>varchar</string><string>varchar</string></field></recordset></data></wddxPacket>
