<wddxPacket version='1.0'><header/><data><recordset rowCount='4' fieldNames='CONTENTHISTID,CATEGORYID,CONTENTID,ISFEATURE,ORDERNO,SITEID,FEATURESTART,FEATURESTOP' type='coldfusion.sql.QueryTable'><field name='CONTENTHISTID'><string>E0068337-F224-FB6F-7B7B1785CE44D291</string><string>E0068345-ABC7-DB96-440C2706B2E33EF2</string><string>E0068354-A2C1-0770-9F4FDB50ADA0E2FC</string><string>E0068383-9BDA-2F58-BC6B30CB166DA53C</string></field><field name='CATEGORYID'><string>E006854A-CC33-A965-790587DFC90C832F</string><string>E0068550-A450-E518-77C6172514BF4653</string><string>E0068550-A450-E518-77C6172514BF4653</string><string>E0068557-E722-0E63-5DE1B4679679F9FE</string></field><field name='CONTENTID'><string>E0068338-CB65-0445-726868035DCA92D7</string><string>E0068346-038C-532E-95AF32A58954E312</string><string>E0068355-D75D-4F35-E1092FC43ED3D09A</string><string>E0068384-9C85-82FB-6BBA11C4FB663852</string></field><field name='ISFEATURE'><number>0.0</number><number>0.0</number><number>1.0</number><number>0.0</number></field><field name='ORDERNO'><number>0.0</number><number>0.0</number><number>0.0</number><number>0.0</number></field><field name='SITEID'><string>test</string><string>test</string><string>test</string><string>test</string></field><field name='FEATURESTART'><null/><null/><null/><null/></field><field name='FEATURESTOP'><null/><null/><null/><null/></field></recordset></data></wddxPacket>
