<wddxPacket version='1.0'><header/><data><recordset rowCount='3' fieldNames='COMMENTERID,NAME,REMOTEID,EMAIL' type='coldfusion.sql.QueryTable'><field name='COMMENTERID'><string>7CC85376-586B-4744-AFC1ED24B9FF3AA3</string><string>CA121639-E4D4-0279-BA67E03BC32552A5</string><string>E0067C23-EF29-544E-8459D495E38F8612</string></field><field name='NAME'><string>Steve Withington</string><string>Steve Withington</string><string>Steve Withington</string></field><field name='REMOTEID'><string>DEFB84F3-5964-466E-8F3F73FA85652401</string><string>CA121637-F49B-D2D4-8C11E34892F20E20</string><string>E0067C22-CE42-DF6B-A2F28AC6FF3D51AC</string></field><field name='EMAIL'><string>stephenwithington@gmail.com</string><string>stephenwithington@gmail.com</string><string>stephenwithington@gmail.com</string></field></recordset></data></wddxPacket>
