<wddxPacket version='1.0'><header/><data><recordset rowCount='0' fieldNames='REQUESTID,CREATED,ACTIONTYPE,ACTIONTID,CHAINID,COMMENTS,SITEID,PARENTID,USERID,GROUPID' type='coldfusion.sql.QueryTable'><field name='REQUESTID'></field><field name='CREATED'></field><field name='ACTIONTYPE'></field><field name='ACTIONTID'></field><field name='CHAINID'></field><field name='COMMENTS'></field><field name='SITEID'></field><field name='PARENTID'></field><field name='USERID'></field><field name='GROUPID'></field></recordset></data></wddxPacket>
