<wddxPacket version='1.0'><header/><data><recordset rowCount='0' fieldNames='CLIENTSECRET,CREATED,LASTUPDATE,CLIENTID,NAME,LASTUPDATEBY,SITEID,USERID,LASTUPDATEBIDY,DESCRIPTION' type='coldfusion.sql.QueryTable'><field name='CLIENTSECRET'></field><field name='CREATED'></field><field name='LASTUPDATE'></field><field name='CLIENTID'></field><field name='NAME'></field><field name='LASTUPDATEBY'></field><field name='SITEID'></field><field name='USERID'></field><field name='LASTUPDATEBIDY'></field><field name='DESCRIPTION'></field></recordset></data></wddxPacket>
