<wddxPacket version='1.0'><header/><data><recordset rowCount='8' fieldNames='CONTENTHISTID,RELATEDID,CONTENTID,SITEID,RELATEDCONTENTSETID,ORDERNO,RELATEDCONTENTID' type='coldfusion.sql.QueryTable'><field name='CONTENTHISTID'><string>E006825E-D24C-2CA0-3D82A2FF5946CA62</string><string>E006825E-D24C-2CA0-3D82A2FF5946CA62</string><string>E006825E-D24C-2CA0-3D82A2FF5946CA62</string><string>E006825E-D24C-2CA0-3D82A2FF5946CA62</string><string>E0068375-97C6-0C64-5B281E9C8D448AD2</string><string>E0068375-97C6-0C64-5B281E9C8D448AD2</string><string>E0068383-9BDA-2F58-BC6B30CB166DA53C</string><string>E0068396-BF92-00C3-D3DDA86D43CC0BB4</string></field><field name='RELATEDID'><string>E0068299-AA41-170F-0D81F56076DE381D</string><string>E006826D-94C4-7E6E-F63B41599C61758E</string><string>E006827D-9B41-D1AE-11CDBBC6EF0DF946</string><string>E006828A-D8A2-A36A-CE3E9679578E4CB1</string><string>E0068338-CB65-0445-726868035DCA92D7</string><string>E0068212-AEE3-0278-2A679100806FCC0F</string><string>E0068022-F65A-FED3-62563C769B2B35BC</string><string>E0068022-F65A-FED3-62563C769B2B35BC</string></field><field name='CONTENTID'><string>E006825F-9622-AD94-1EC150EAEA8D3BC5</string><string>E006825F-9622-AD94-1EC150EAEA8D3BC5</string><string>E006825F-9622-AD94-1EC150EAEA8D3BC5</string><string>E006825F-9622-AD94-1EC150EAEA8D3BC5</string><string>E0068022-F65A-FED3-62563C769B2B35BC</string><string>E0068022-F65A-FED3-62563C769B2B35BC</string><string>E0068384-9C85-82FB-6BBA11C4FB663852</string><string>E006815C-FB31-9A86-571EA5E01749D1B0</string></field><field name='SITEID'><string>test</string><string>test</string><string>test</string><string>test</string><string>test</string><string>test</string><string>test</string><string>test</string></field><field name='RELATEDCONTENTSETID'><string>00000000000000000000000000000000000</string><string>00000000000000000000000000000000000</string><string>00000000000000000000000000000000000</string><string>00000000000000000000000000000000000</string><string>00000000000000000000000000000000000</string><string>00000000000000000000000000000000000</string><string>00000000000000000000000000000000000</string><string>00000000000000000000000000000000000</string></field><field name='ORDERNO'><number>1.0</number><number>3.0</number><number>4.0</number><number>5.0</number><number>1.0</number><number>2.0</number><number>1.0</number><number>1.0</number></field><field name='RELATEDCONTENTID'><number>28.0</number><number>29.0</number><number>30.0</number><number>31.0</number><number>32.0</number><number>33.0</number><number>34.0</number><number>35.0</number></field></recordset></data></wddxPacket>
