<wddxPacket version='1.0'><header/><data><recordset rowCount='2' fieldNames='MLID,SITEID,NAME,DESCRIPTION,LASTUPDATE,ISPURGE,ISPUBLIC' type='coldfusion.sql.QueryTable'><field name='MLID'><string>E0068608-B62F-D356-3537A1E1F6EED10A</string><string>E006860E-AAB5-0276-462CB4EA09D41797</string></field><field name='SITEID'><string>test</string><string>test</string></field><field name='NAME'><string>Master Do Not Email List</string><string>Sign Up for Our Mailing List</string></field><field name='DESCRIPTION'><null/><null/></field><field name='LASTUPDATE'><dateTime>2010-12-10T10:55:48-08:00</dateTime><dateTime>2013-09-26T22:54:07-08:00</dateTime></field><field name='ISPURGE'><number>1.0</number><number>0.0</number></field><field name='ISPUBLIC'><number>1.0</number><number>1.0</number></field></recordset></data></wddxPacket>
