<wddxPacket version='1.0'><header/><data><recordset rowCount='15' fieldNames='TAGID,CONTENTID,CONTENTHISTID,SITEID,TAG,TAGGROUP' type='coldfusion.sql.QueryTable'><field name='TAGID'><number>37.0</number><number>38.0</number><number>39.0</number><number>40.0</number><number>41.0</number><number>42.0</number><number>43.0</number><number>44.0</number><number>45.0</number><number>46.0</number><number>47.0</number><number>48.0</number><number>49.0</number><number>50.0</number><number>51.0</number></field><field name='CONTENTID'><string>E00681F4-9721-0681-8D419A5C907F9AD2</string><string>E00681F4-9721-0681-8D419A5C907F9AD2</string><string>E0068203-97E2-DFD4-282D61F8D00CAF65</string><string>E0068203-97E2-DFD4-282D61F8D00CAF65</string><string>E0068212-AEE3-0278-2A679100806FCC0F</string><string>E0068212-AEE3-0278-2A679100806FCC0F</string><string>E0068221-ABDF-2D61-C54924B421386A55</string><string>E0068221-ABDF-2D61-C54924B421386A55</string><string>E0068338-CB65-0445-726868035DCA92D7</string><string>E0068338-CB65-0445-726868035DCA92D7</string><string>E0068346-038C-532E-95AF32A58954E312</string><string>E0068346-038C-532E-95AF32A58954E312</string><string>E0068355-D75D-4F35-E1092FC43ED3D09A</string><string>E0068355-D75D-4F35-E1092FC43ED3D09A</string><string>E0068355-D75D-4F35-E1092FC43ED3D09A</string></field><field name='CONTENTHISTID'><string>E00681F3-F45E-2395-21D693F6E396B476</string><string>E00681F3-F45E-2395-21D693F6E396B476</string><string>E0068202-EDA6-6F2B-58809E45E2EA5525</string><string>E0068202-EDA6-6F2B-58809E45E2EA5525</string><string>E0068211-9F2C-D51F-7501404174AAF064</string><string>E0068211-9F2C-D51F-7501404174AAF064</string><string>E0068220-9BC7-2DCF-CEA4DFE32102CB3A</string><string>E0068220-9BC7-2DCF-CEA4DFE32102CB3A</string><string>E0068337-F224-FB6F-7B7B1785CE44D291</string><string>E0068337-F224-FB6F-7B7B1785CE44D291</string><string>E0068345-ABC7-DB96-440C2706B2E33EF2</string><string>E0068345-ABC7-DB96-440C2706B2E33EF2</string><string>E0068354-A2C1-0770-9F4FDB50ADA0E2FC</string><string>E0068354-A2C1-0770-9F4FDB50ADA0E2FC</string><string>E0068354-A2C1-0770-9F4FDB50ADA0E2FC</string></field><field name='SITEID'><string>test</string><string>test</string><string>test</string><string>test</string><string>test</string><string>test</string><string>test</string><string>test</string><string>test</string><string>test</string><string>test</string><string>test</string><string>test</string><string>test</string><string>test</string></field><field name='TAG'><string>fun</string><string>travel</string><string>school</string><string>kids</string><string>fun</string><string>kids</string><string>travel</string><string>fun</string><string>california</string><string>developer</string><string>california</string><string>birds</string><string>california</string><string>wine</string><string>running</string></field><field name='TAGGROUP'><null/><null/><null/><null/><null/><null/><null/><null/><string>News</string><string>News</string><string>News</string><string>News</string><string>News</string><string>News</string><string>News</string></field></recordset></data></wddxPacket>
