<wddxPacket version='1.0'><header/><data><recordset rowCount='2' fieldNames='FEEDID,ITEMID,TYPE' type='coldfusion.sql.QueryTable'><field name='FEEDID'><string>E0068484-9CBD-F4E1-4E4B06C6D86F6D99</string><string>E00685E7-D4DC-6ED2-B4E682C8C96D95FA</string></field><field name='ITEMID'><string>E00681F7-CF1D-1CFD-776D7DBC8E8D60B3</string><string>E006833B-D280-264F-80B6188A4673AA43</string></field><field name='TYPE'><string>contentID</string><string>contentID</string></field></recordset></data></wddxPacket>
