<wddxPacket version='1.0'><header/><data><recordset rowCount='3' fieldNames='FEEDID,SITEID,PARENTID,NAME,ISACTIVE,ISPUBLIC,ISDEFAULT,ISFEATURESONLY,DESCRIPTION,MAXITEMS,ALLOWHTML,LANG,LASTUPDATEBY,LASTUPDATE,DATECREATED,RESTRICTED,RESTRICTGROUPS,VERSION,CHANNELLINK,TYPE,SORTBY,SORTDIRECTION,NEXTN,DISPLAYNAME,DISPLAYRATINGS,DISPLAYCOMMENTS,ALTNAME,REMOTEID,REMOTESOURCEURL,REMOTEPUBDATE,IMAGESIZE,IMAGEHEIGHT,IMAGEWIDTH,DISPLAYLIST,SHOWNAVONLY,SHOWEXCLUDESEARCH,VIEWALLLINK,VIEWALLLABEL,CSSCLASS,AUTOIMPORT,ISLOCKED,CONTENTPOOLID,USECATEGORYINTERSECT,AUTHTYPE' type='coldfusion.sql.QueryTable'><field name='FEEDID'><string>E0068484-9CBD-F4E1-4E4B06C6D86F6D99</string><string>E0068496-E107-5885-811183D3252E99ED</string><string>E00685E7-D4DC-6ED2-B4E682C8C96D95FA</string></field><field name='SITEID'><string>test</string><string>test</string><string>test</string></field><field name='PARENTID'><null/><null/><null/></field><field name='NAME'><string>From Our Blog</string><string>Mura Blog</string><string>Slideshow</string></field><field name='ISACTIVE'><number>1.0</number><number>1.0</number><number>1.0</number></field><field name='ISPUBLIC'><number>0.0</number><number>1.0</number><number>0.0</number></field><field name='ISDEFAULT'><number>0.0</number><number>0.0</number><number>0.0</number></field><field name='ISFEATURESONLY'><number>0.0</number><number>0.0</number><number>0.0</number></field><field name='DESCRIPTION'><null/><null/><null/></field><field name='MAXITEMS'><number>3.0</number><number>2.0</number><number>10.0</number></field><field name='ALLOWHTML'><number>1.0</number><number>1.0</number><number>1.0</number></field><field name='LANG'><string>en-us</string><string>en-us</string><string>en-us</string></field><field name='LASTUPDATEBY'><string>Steve Withington</string><string>Steve Withington</string><string>Steve Withington</string></field><field name='LASTUPDATE'><dateTime>2012-11-27T15:57:30-08:00</dateTime><dateTime>2010-12-13T19:49:29-08:00</dateTime><dateTime>2015-03-06T23:53:26-08:00</dateTime></field><field name='DATECREATED'><dateTime>2012-11-27T15:57:30-08:00</dateTime><dateTime>2010-12-13T19:49:29-08:00</dateTime><dateTime>2015-03-06T23:53:26-08:00</dateTime></field><field name='RESTRICTED'><number>0.0</number><number>0.0</number><number>0.0</number></field><field name='RESTRICTGROUPS'><null/><null/><null/></field><field name='VERSION'><string>RSS 2.0</string><string>RSS 2.0</string><string>RSS 2.0</string></field><field name='CHANNELLINK'><null/><string>http://www.getmura.com/index.cfm/tasks/feed/?feedID=91B4E7A5-37AC-466A-ACDF6ABFD95ACCBD</string><null/></field><field name='TYPE'><string>Local</string><string>Remote</string><string>Local</string></field><field name='SORTBY'><string>releaseDate</string><string>lastUpdate</string><string>releaseDate</string></field><field name='SORTDIRECTION'><string>desc</string><string>desc</string><string>desc</string></field><field name='NEXTN'><number>20.0</number><number>20.0</number><number>20.0</number></field><field name='DISPLAYNAME'><number>0.0</number><number>0.0</number><number>0.0</number></field><field name='DISPLAYRATINGS'><number>0.0</number><number>0.0</number><number>0.0</number></field><field name='DISPLAYCOMMENTS'><number>0.0</number><number>0.0</number><number>0.0</number></field><field name='ALTNAME'><null/><null/><null/></field><field name='REMOTEID'><null/><null/><null/></field><field name='REMOTESOURCEURL'><null/><null/><null/></field><field name='REMOTEPUBDATE'><null/><null/><null/></field><field name='IMAGESIZE'><string>small</string><string>small</string><string>small</string></field><field name='IMAGEHEIGHT'><string>AUTO</string><string>AUTO</string><string>AUTO</string></field><field name='IMAGEWIDTH'><string>AUTO</string><string>AUTO</string><string>AUTO</string></field><field name='DISPLAYLIST'><string>Date,Title,Image,Summary,Tags</string><string>Date,Title,Image,Summary,Credits,Tags</string><string>Date,Title,Image,Summary,Credits,Tags</string></field><field name='SHOWNAVONLY'><number>1.0</number><number>0.0</number><number>1.0</number></field><field name='SHOWEXCLUDESEARCH'><number>0.0</number><number>0.0</number><number>0.0</number></field><field name='VIEWALLLINK'><null/><null/><null/></field><field name='VIEWALLLABEL'><null/><null/><null/></field><field name='CSSCLASS'><null/><null/><null/></field><field name='AUTOIMPORT'><number>0.0</number><number>0.0</number><number>0.0</number></field><field name='ISLOCKED'><number>0.0</number><number>0.0</number><number>0.0</number></field><field name='CONTENTPOOLID'><null/><null/><null/></field><field name='USECATEGORYINTERSECT'><null/><null/><null/></field><field name='AUTHTYPE'><null/><null/><null/></field></recordset></data></wddxPacket>
