<wddxPacket version='1.0'><header/><data><recordset rowCount='34' fieldNames='CONTENTHISTID,OBJECTID,OBJECT,CONTENTID,NAME,ORDERNO,SITEID,COLUMNID,PARAMS' type='coldfusion.sql.QueryTable'><field name='CONTENTHISTID'><string>E0067D61-C1E9-63A9-D594B2F99E77E190</string><string>E0067F82-EB70-E21D-6DAD6074BBBB794E</string><string>E0067F93-EA0F-9E83-6BA3C1D181E074C8</string><string>E0067FA0-D3ED-5DEF-09E2F7A590E6885A</string><string>E0067FF2-05AE-73E6-4639704161DFCBC0</string><string>E0068003-0EFE-698B-EAC62C31110A991E</string><string>E0068010-0747-137D-9D92F90152CB3873</string><string>E006801E-0638-23A9-35FA1819A881D838</string><string>E006801E-0638-23A9-35FA1819A881D838</string><string>E00680B9-01D8-CB3C-37278F141BFEA683</string><string>E0068105-BA55-0DDC-0F66469EE1C1E386</string><string>E00681BE-E103-03A7-77542E18236A3244</string><string>E006825E-D24C-2CA0-3D82A2FF5946CA62</string><string>E0068289-C249-D450-008C8B356A68B25B</string><string>E0068298-03F7-6395-D9985EBB16860B4D</string><string>E00682A5-F2C0-4D33-60BD36CC96814AA2</string><string>E00682DB-D273-CC86-70A49FAA906C1D5E</string><string>E0068306-0900-C561-FAAC59DC7F1C9074</string><string>E0068306-0900-C561-FAAC59DC7F1C9074</string><string>E0068306-0900-C561-FAAC59DC7F1C9074</string><string>E0068306-0900-C561-FAAC59DC7F1C9074</string><string>E006831B-01B2-4295-FDCD92C21916E0D7</string><string>E0068328-C1D9-1194-2D712A790A3388E7</string><string>E0068328-C1D9-1194-2D712A790A3388E7</string><string>E0068328-C1D9-1194-2D712A790A3388E7</string><string>E0068364-F09A-84ED-4E53BF5BF472E34F</string><string>E0068364-F09A-84ED-4E53BF5BF472E34F</string><string>E0068364-F09A-84ED-4E53BF5BF472E34F</string><string>E0068364-F09A-84ED-4E53BF5BF472E34F</string><string>E0068364-F09A-84ED-4E53BF5BF472E34F</string><string>E0068364-F09A-84ED-4E53BF5BF472E34F</string><string>E0068375-97C6-0C64-5B281E9C8D448AD2</string><string>E0068375-97C6-0C64-5B281E9C8D448AD2</string><string>E0068396-BF92-00C3-D3DDA86D43CC0BB4</string></field><field name='OBJECTID'><string>E00683C3-AE11-44A7-14F7F208997370C8</string><string>E006847D-E53F-D049-A0782DDD606FFBD1</string><string>E00683DC-98AB-0EB9-B60555A2FCDEFDFF</string><string>E006843B-B3A7-264E-69B1A1B57D0301DB</string><string>E0068477-BA50-C708-18D9D12BDE918623</string><string>E00683F3-934B-0EE1-5A5861E59664ECFA</string><string>E0068435-D84E-6CD2-364F39444BDD23ED</string><string>E00684A1-ABC4-8ACB-8AF9167CB48A22AE</string><string>E00684A6-ADAF-05C1-DB2A1AE4110CFF09</string><string>E00683E3-EE85-EAC0-BD4977F88E0E8C01</string><string>E00683BB-FA2D-CB8C-61B1CB07C61E0D19</string><string>E006849C-D8CC-B773-FB8BF16BED74B73F</string><string>E0068401-D3DF-78D5-7ADDCB68C6B5B6CE</string><string>E0068411-ADE2-C1AC-A07FE097CD5409E2</string><string>E006846E-EF23-5AA4-2607E74336EFADF1</string><string>E0068134-B1C5-C4E9-0A1CEA88DA8C4CBE</string><string>E006803E-08D0-014D-C26C7159809AECCA</string><string>E00681F7-CF1D-1CFD-776D7DBC8E8D60B3</string><string>E00681F7-CF1D-1CFD-776D7DBC8E8D60B3</string><string>E00681F7-CF1D-1CFD-776D7DBC8E8D60B3</string><string>E006841B-B5F0-0B98-31A902C99528777C</string><string>E00680E3-B07F-207E-229C4743ADF6885F</string><string>E0068482-9A2E-4825-4B4F7A3227FB4AA4</string><string>E0068484-9CBD-F4E1-4E4B06C6D86F6D99</string><string>E0068496-E107-5885-811183D3252E99ED</string><string>E006833B-D280-264F-80B6188A4673AA43</string><string>E006833B-D280-264F-80B6188A4673AA43</string><string>E006833B-D280-264F-80B6188A4673AA43</string><string>E006833B-D280-264F-80B6188A4673AA43</string><string>E0068441-F350-1A6B-A382A5E11378D9C9</string><string>E006844B-B0F5-0588-FF403608AA3AB087</string><string>E0068022-F65A-FED3-62563C769B2B35BC</string><string>E00684AD-FA06-5944-1112EB8C424C8231</string><string>E00683EB-F97F-3920-C93B5526E5D6C9E7</string></field><field name='OBJECT'><string>folder_nav</string><string>peer_nav</string><string>sub_nav</string><string>standard_nav</string><string>seq_nav</string><string>multilevel_nav</string><string>tag_cloud</string><string>standard_nav</string><string>user_tools</string><string>dragable_feeds</string><string>site_map</string><string>event_reminder_form</string><string>collection</string><string>user_tools</string><string>comments</string><string>sub_nav</string><string>folder_nav</string><string>archive_nav</string><string>calendar_nav</string><string>tag_cloud</string><string>comments</string><string>form</string><string>collection</string><string>feed</string><string>feed</string><string>archive_nav</string><string>calendar_nav</string><string>category_summary</string><string>tag_cloud</string><string>comments</string><string>category_summary</string><string>standard_nav</string><string>collection</string><string>feed</string></field><field name='CONTENTID'><string>E0067D62-0216-67EB-82D47385F3DACB5D</string><string>E0067DDB-B301-792D-3889269142F2B82B</string><string>E0067EA5-DBA8-2C8C-ADC16546B645B403</string><string>E0067F07-0C54-FDFB-C11571DBDC0596BA</string><string>E0067FF3-B4EB-1E03-E0C646D50C23B47B</string><string>E0067DCC-FD06-0D38-2F4615CE6DE3E5DA</string><string>E0068011-CE49-43C4-15E6EAD0DB28F0FE</string><string>E006801F-A7D7-5C1C-868C7A07F46CAF10</string><string>E006801F-A7D7-5C1C-868C7A07F46CAF10</string><string>E00680BA-C576-0753-4FA58B6DCE7BDD94</string><string>E0068106-F16E-DDE3-AD3801209BAC477D</string><string>E00681BF-C201-5B58-DBE0E6897A18F325</string><string>E006825F-9622-AD94-1EC150EAEA8D3BC5</string><string>E006828A-D8A2-A36A-CE3E9679578E4CB1</string><string>E0068299-AA41-170F-0D81F56076DE381D</string><string>E0068134-B1C5-C4E9-0A1CEA88DA8C4CBE</string><string>E006803E-08D0-014D-C26C7159809AECCA</string><string>E00681F7-CF1D-1CFD-776D7DBC8E8D60B3</string><string>E00681F7-CF1D-1CFD-776D7DBC8E8D60B3</string><string>E00681F7-CF1D-1CFD-776D7DBC8E8D60B3</string><string>E00681F7-CF1D-1CFD-776D7DBC8E8D60B3</string><string>E006831C-B3F4-AAB7-1FA144A728D66911</string><string>00000000000000000000000000000000001</string><string>00000000000000000000000000000000001</string><string>00000000000000000000000000000000001</string><string>E006833B-D280-264F-80B6188A4673AA43</string><string>E006833B-D280-264F-80B6188A4673AA43</string><string>E006833B-D280-264F-80B6188A4673AA43</string><string>E006833B-D280-264F-80B6188A4673AA43</string><string>E006833B-D280-264F-80B6188A4673AA43</string><string>E006833B-D280-264F-80B6188A4673AA43</string><string>E0068022-F65A-FED3-62563C769B2B35BC</string><string>E0068022-F65A-FED3-62563C769B2B35BC</string><string>E006815C-FB31-9A86-571EA5E01749D1B0</string></field><field name='NAME'><string>Folder Navigation</string><string>Peer Navigation</string><string>Sub Navigation</string><string>Standard Navigation</string><string>Sequential Nav</string><string>Multi-Level Navigation</string><string>Tag Group</string><string>Standard Navigation</string><string>User Tools</string><string>Dragable Feeds</string><string>Site Map</string><string>Event Reminder Form</string><string>&lt;i class="mi-th-list"&gt;&lt;/i&gt; Collection</string><string>&lt;i class="mi-cog"&gt;&lt;/i&gt; System</string><string>&lt;i class="mi-cog"&gt;&lt;/i&gt; System</string><string>&lt;i class="mi-align-justify"&gt;&lt;/i&gt; Navigation</string><string>&lt;i class="mi-align-justify"&gt;&lt;/i&gt; Navigation</string><string>&lt;i class="mi-align-justify"&gt;&lt;/i&gt; Navigation</string><string>&lt;i class="mi-align-justify"&gt;&lt;/i&gt; Navigation</string><string>&lt;i class="mi-align-justify"&gt;&lt;/i&gt; Navigation</string><string>Comments</string><string>&lt;i class="mi-toggle-on"&gt;&lt;/i&gt; Form</string><string>&lt;i class="mi-th-list"&gt;&lt;/i&gt; Collection</string><string>From Our Blog - Local Index</string><string>Mura Blog - Remote Feed</string><string>&lt;i class="mi-align-justify"&gt;&lt;/i&gt; Navigation</string><string>&lt;i class="mi-align-justify"&gt;&lt;/i&gt; Navigation</string><string>Navigation</string><string>Navigation</string><string>Comments</string><string>Category Summary</string><string>Navigation</string><string>Collection</string><string>Upcoming Events - Local Index</string></field><field name='ORDERNO'><number>1.0</number><number>1.0</number><number>1.0</number><number>1.0</number><number>1.0</number><number>1.0</number><number>1.0</number><number>1.0</number><number>2.0</number><number>1.0</number><number>1.0</number><number>1.0</number><number>1.0</number><number>1.0</number><number>1.0</number><number>1.0</number><number>1.0</number><number>2.0</number><number>1.0</number><number>3.0</number><number>1.0</number><number>1.0</number><number>1.0</number><number>1.0</number><number>2.0</number><number>2.0</number><number>1.0</number><number>2.0</number><number>3.0</number><number>1.0</number><number>1.0</number><number>1.0</number><number>1.0</number><number>1.0</number></field><field name='SITEID'><string>test</string><string>test</string><string>test</string><string>test</string><string>test</string><string>test</string><string>test</string><string>test</string><string>test</string><string>test</string><string>test</string><string>test</string><string>test</string><string>test</string><string>test</string><string>test</string><string>test</string><string>test</string><string>test</string><string>test</string><string>test</string><string>test</string><string>test</string><string>test</string><string>test</string><string>test</string><string>test</string><string>test</string><string>test</string><string>test</string><string>test</string><string>test</string><string>test</string><string>test</string></field><field name='COLUMNID'><number>1.0</number><number>1.0</number><number>1.0</number><number>1.0</number><number>2.0</number><number>1.0</number><number>2.0</number><number>1.0</number><number>1.0</number><number>2.0</number><number>2.0</number><number>2.0</number><number>2.0</number><number>2.0</number><number>2.0</number><number>1.0</number><number>1.0</number><number>3.0</number><number>3.0</number><number>3.0</number><number>2.0</number><number>3.0</number><number>2.0</number><number>3.0</number><number>3.0</number><number>1.0</number><number>1.0</number><number>3.0</number><number>3.0</number><number>2.0</number><number>3.0</number><number>1.0</number><number>3.0</number><number>3.0</number></field><field name='PARAMS'><null/><null/><null/><null/><null/><null/><string>{"taggroup":""}</string><null/><null/><null/><null/><null/><string>{"viewalllink":"","objectname":"&lt;i class=\"mi-th-list\"&gt;&lt;/i&gt; Collection","layout":"default","class":"","object":"collection","sourcetype":"relatedcontent","displaylist":"Date,Title,Summary,Credits,Tags","viewalllabel":"","inited":true,"nextn":20,"modalimages":false,"imagesize":"small","imagewidth":"AUTO","source":"00000000000000000000000000000000000","label":"","imageheight":"AUTO","maxitems":4,"cssclass":""}</string><string>{"inited":true,"objectname":"&lt;i class=\"mi-cog\"&gt;&lt;/i&gt; System","class":"","object":"user_tools","cssclass":""}</string><string>{"inited":true,"objectname":"&lt;i class=\"mi-cog\"&gt;&lt;/i&gt; System","class":"","object":"comments","cssclass":""}</string><string>{"inited":true,"objectname":"&lt;i class=\"mi-align-justify\"&gt;&lt;/i&gt; Navigation","taggroup":"","class":"","object":"sub_nav","cssclass":""}</string><string>{"inited":true,"objectname":"&lt;i class=\"mi-align-justify\"&gt;&lt;/i&gt; Navigation","taggroup":"","class":"","object":"folder_nav","cssclass":""}</string><string>{"objecticonclass":"mi-cog","objectname":"&lt;i class=\"mi-align-justify\"&gt;&lt;/i&gt; Navigation","render":"server","object":"archive_nav"}</string><string>{"objecticonclass":"mi-cog","objectname":"&lt;i class=\"mi-align-justify\"&gt;&lt;/i&gt; Navigation","render":"server","object":"calendar_nav"}</string><string>{"inited":true,"css":"","objecticonclass":"mi-cog","objectname":"&lt;i class=\"mi-align-justify\"&gt;&lt;/i&gt; Navigation","taggroup":"","object":"tag_cloud"}</string><string>{"inited":true,"css":"","objecticonclass":"mi-cog","objectname":"Comments","render":"server","object":"comments"}</string><string>{"inited":true,"objectname":"&lt;i class=\"mi-toggle-on\"&gt;&lt;/i&gt; Form","render":"client","label":"Contact Us","class":"","object":"form","cssclass":"","view":"form","name":"Information Request"}</string><string>{"":"","css":"","viewalllink":"","objectname":"&lt;i class=\"mi-th-list\"&gt;&lt;/i&gt; Collection","layout":"grid","render":"server","sourceid":"E0068484-9CBD-F4E1-4E4B06C6D86F6D99","items":"","class":"home-news","object":"collection","sourcetype":"localindex","displaylist":"Image,Date,Title,Summary,Credits","viewalllabel":"","gridstyle":"mura-grid-three","inited":true,"nextn":20,"modalimages":false,"imagesize":"carouselimage","imagewidth":"AUTO","source":"E0068484-9CBD-F4E1-4E4B06C6D86F6D99","label":"From Our Blog","imageheight":"AUTO","maxitems":3,"cssclass":"home-news"}</string><string>{"displayName":1,"nextN":20,"imageSize":"small","imageWidth":"AUTO","viewalllink":"","imageHeight":"AUTO","maxItems":1,"cssclass":"","altName":"From Our Blog","viewalllabel":"","displayList":"Date,Title,Summary,Credits"}</string><string>{"viewalllink":"","displaySummaries":0,"viewalllabel":""}</string><string>{"objecticonclass":"mi-cog","objectname":"&lt;i class=\"mi-align-justify\"&gt;&lt;/i&gt; Navigation","render":"server","object":"archive_nav"}</string><string>{"objecticonclass":"mi-cog","objectname":"&lt;i class=\"mi-align-justify\"&gt;&lt;/i&gt; Navigation","render":"server","object":"calendar_nav"}</string><string>{"inited":true,"objecticonclass":"mi-align-justify","objectname":"Navigation","taggroup":"","class":"","object":"category_summary","cssclass":""}</string><string>{"inited":true,"objecticonclass":"mi-align-justify","objectname":"Navigation","taggroup":"News","class":"","object":"tag_cloud","cssclass":""}</string><string>{"inited":true,"css":"","objecticonclass":"mi-cog","objectname":"Comments","render":"server","object":"comments"}</string><string>{"inited":true,"css":"","objecticonclass":"mi-cog","objectname":"Category Summary","displayrss":false,"render":"server","taggroup":"","object":"category_summary"}</string><string>{"inited":true,"objecticonclass":"mi-align-justify","objectname":"Navigation","taggroup":"","class":"","object":"standard_nav","cssclass":""}</string><string>{"css":"","viewalllink":"","objecticonclass":"mi-th-list","objectname":"Collection","layout":"default","render":"server","items":"","object":"collection","sourcetype":"remotefeed","displaylist":"Image,Date,Title,Summary,Credits,Tags","viewalllabel":"","inited":true,"nextn":20,"modalimages":false,"imagesize":"small","imagewidth":"AUTO","displaysummaries":1,"sortby":"","source":"E0068496-E107-5885-811183D3252E99ED","label":"","imageheight":"AUTO","maxitems":2}</string><string>{"displayName":1,"nextN":20,"imageSize":"small","imageWidth":"AUTO","viewalllink":"","imageHeight":"AUTO","maxItems":3,"cssclass":"","altName":"","viewalllabel":"","displayList":"Date,Title,Image,Summary,Credits,Tags"}</string></field></recordset></data></wddxPacket>
