<wddxPacket version='1.0'><header/><data><recordset rowCount='10' fieldNames='CATEGORYID,SITEID,PARENTID,DATECREATED,LASTUPDATE,LASTUPDATEBY,NAME,NOTES,ISINTERESTGROUP,ISACTIVE,ISOPEN,SORTBY,SORTDIRECTION,RESTRICTGROUPS,PATH,REMOTEID,REMOTESOURCEURL,REMOTEPUBDATE,URLTITLE,FILENAME,ISFEATUREABLE' type='coldfusion.sql.QueryTable'><field name='CATEGORYID'><string>E006854A-CC33-A965-790587DFC90C832F</string><string>E0068550-A450-E518-77C6172514BF4653</string><string>E0068557-E722-0E63-5DE1B4679679F9FE</string><string>E0068597-B455-D4BD-CC9090413F63EEB1</string><string>E0068598-C053-74E1-A52AB5482A9FDEB6</string><string>E006859D-EA8E-1616-082633981BFCDDB0</string><string>E00685AA-0F30-2C55-2D6125FF31027AE0</string><string>E00685B7-9C27-F048-5446EA5FF8F8CF7A</string><string>E00685BC-BC14-9704-A7CEBBAB7958A00E</string><string>E00685C5-BF74-FF38-2E7A1FDD2D9322E6</string></field><field name='SITEID'><string>test</string><string>test</string><string>test</string><string>test</string><string>test</string><string>test</string><string>test</string><string>test</string><string>test</string><string>test</string></field><field name='PARENTID'><string>E0068598-C053-74E1-A52AB5482A9FDEB6</string><string>E0068598-C053-74E1-A52AB5482A9FDEB6</string><string>E0068598-C053-74E1-A52AB5482A9FDEB6</string><string>E0068598-C053-74E1-A52AB5482A9FDEB6</string><null/><string>E0068598-C053-74E1-A52AB5482A9FDEB6</string><string>E0068598-C053-74E1-A52AB5482A9FDEB6</string><string>E0068598-C053-74E1-A52AB5482A9FDEB6</string><string>E0068598-C053-74E1-A52AB5482A9FDEB6</string><string>E0068598-C053-74E1-A52AB5482A9FDEB6</string></field><field name='DATECREATED'><dateTime>2012-11-27T11:36:20-08:00</dateTime><dateTime>2012-11-27T08:13:03-08:00</dateTime><dateTime>2012-11-27T08:11:00-08:00</dateTime><dateTime>2012-11-27T08:10:19-08:00</dateTime><dateTime>2012-11-27T08:09:32-08:00</dateTime><dateTime>2012-11-27T08:10:10-08:00</dateTime><dateTime>2013-09-20T16:39:24-08:00</dateTime><dateTime>2012-11-27T08:10:32-08:00</dateTime><dateTime>2012-11-27T08:09:49-08:00</dateTime><dateTime>2012-11-27T08:12:39-08:00</dateTime></field><field name='LASTUPDATE'><dateTime>2012-11-27T11:36:20-08:00</dateTime><dateTime>2012-11-27T08:13:03-08:00</dateTime><dateTime>2012-11-27T08:11:00-08:00</dateTime><dateTime>2012-11-27T08:10:19-08:00</dateTime><dateTime>2012-11-27T08:09:32-08:00</dateTime><dateTime>2012-11-27T08:10:10-08:00</dateTime><dateTime>2013-09-20T16:39:24-08:00</dateTime><dateTime>2012-11-27T08:10:32-08:00</dateTime><dateTime>2012-11-27T08:09:49-08:00</dateTime><dateTime>2012-11-27T08:12:39-08:00</dateTime></field><field name='LASTUPDATEBY'><string>Steve Withington</string><string>Steve Withington</string><string>Steve Withington</string><string>Steve Withington</string><string>Steve Withington</string><string>Steve Withington</string><string>Steve Withington</string><string>Steve Withington</string><string>Steve Withington</string><string>Steve Withington</string></field><field name='NAME'><string>Technology</string><string>Health &amp; Science</string><string>Arts &amp; Culture</string><string>Local News</string><string>News Categories</string><string>Politics</string><string>Weather</string><string>World News</string><string>Business</string><string>Opinion</string></field><field name='NOTES'><null/><null/><null/><null/><null/><null/><null/><null/><null/><null/></field><field name='ISINTERESTGROUP'><number>1.0</number><number>1.0</number><number>1.0</number><number>1.0</number><number>0.0</number><number>1.0</number><number>1.0</number><number>1.0</number><number>1.0</number><number>1.0</number></field><field name='ISACTIVE'><number>1.0</number><number>1.0</number><number>1.0</number><number>1.0</number><number>1.0</number><number>1.0</number><number>1.0</number><number>1.0</number><number>1.0</number><number>1.0</number></field><field name='ISOPEN'><number>1.0</number><number>1.0</number><number>1.0</number><number>1.0</number><number>0.0</number><number>1.0</number><number>1.0</number><number>1.0</number><number>1.0</number><number>1.0</number></field><field name='SORTBY'><string>orderno</string><string>orderno</string><string>orderno</string><string>orderno</string><string>orderno</string><string>orderno</string><string>orderno</string><string>orderno</string><string>orderno</string><string>orderno</string></field><field name='SORTDIRECTION'><string>asc</string><string>asc</string><string>asc</string><string>asc</string><string>asc</string><string>asc</string><string>asc</string><string>asc</string><string>asc</string><string>asc</string></field><field name='RESTRICTGROUPS'><null/><null/><null/><null/><null/><null/><null/><null/><null/><null/></field><field name='PATH'><string>E0068598-C053-74E1-A52AB5482A9FDEB6,E006854A-CC33-A965-790587DFC90C832F</string><string>E0068598-C053-74E1-A52AB5482A9FDEB6,E0068550-A450-E518-77C6172514BF4653</string><string>E0068598-C053-74E1-A52AB5482A9FDEB6,E0068557-E722-0E63-5DE1B4679679F9FE</string><string>E0068598-C053-74E1-A52AB5482A9FDEB6,E0068597-B455-D4BD-CC9090413F63EEB1</string><string>E0068598-C053-74E1-A52AB5482A9FDEB6</string><string>E0068598-C053-74E1-A52AB5482A9FDEB6,E006859D-EA8E-1616-082633981BFCDDB0</string><string>E0068598-C053-74E1-A52AB5482A9FDEB6,E00685AA-0F30-2C55-2D6125FF31027AE0</string><string>E0068598-C053-74E1-A52AB5482A9FDEB6,E00685B7-9C27-F048-5446EA5FF8F8CF7A</string><string>E0068598-C053-74E1-A52AB5482A9FDEB6,E00685BC-BC14-9704-A7CEBBAB7958A00E</string><string>E0068598-C053-74E1-A52AB5482A9FDEB6,E00685C5-BF74-FF38-2E7A1FDD2D9322E6</string></field><field name='REMOTEID'><null/><null/><null/><null/><null/><null/><null/><null/><null/><null/></field><field name='REMOTESOURCEURL'><null/><null/><null/><null/><null/><null/><null/><null/><null/><null/></field><field name='REMOTEPUBDATE'><null/><null/><null/><null/><null/><null/><null/><null/><null/><null/></field><field name='URLTITLE'><string>technology</string><string>health-science</string><string>arts-culture</string><string>local-news</string><string>news-categories</string><string>politics</string><string>weather</string><string>world-news</string><string>business</string><string>opinion</string></field><field name='FILENAME'><string>news-categories/technology</string><string>news-categories/health-science</string><string>news-categories/arts-culture</string><string>news-categories/local-news</string><string>news-categories</string><string>news-categories/politics</string><string>news-categories/weather</string><string>news-categories/world-news</string><string>news-categories/business</string><string>news-categories/opinion</string></field><field name='ISFEATUREABLE'><number>1.0</number><number>1.0</number><number>1.0</number><number>1.0</number><number>0.0</number><number>1.0</number><number>1.0</number><number>1.0</number><number>1.0</number><number>1.0</number></field></recordset></data></wddxPacket>
