<wddxPacket version='1.0'><header/><data><recordset rowCount='2' fieldNames='feedID,itemID,type' type='coldfusion.sql.QueryTable'><field name='feedID'><string>CEEA10F3-FB20-41EE-91B9412E09FD11B3</string><string>60795A8F-087F-435E-A2BAC20A81CFC156</string></field><field name='itemID'><string>CFDA566E-1B2D-4282-A18B5F059C1DF930</string><string>D5F59EB4-5BDE-47B4-9EEC1027F0B163F9</string></field><field name='type'><string>contentID</string><string>contentID</string></field></recordset></data></wddxPacket>
