<wddxPacket version='1.0'><header/><data><recordset rowCount='60' fieldNames='contentID,filename,archiveid,siteID' type='coldfusion.sql.QueryTable'><field name='contentID'><string>363D0DCF-E9D6-4969-B19404CC378AA8F3</string><string>8479BAD8-D431-4A21-A5DA92C4DE9450B9</string><string>2EDADEDD-DA7C-4F8C-8EB1AA10EC446011</string><string>FB8B530A-6BF0-4BF6-8BDC43A1D6812CC7</string><string>101FE6B2-881A-4BB7-99A15E02C28E0376</string><string>733E7A73-CA5D-4770-A37BBEEE62EFA6E4</string><string>29422AD6-9290-48ED-A7B6DDB8CF9802E0</string><string>456A57E0-34EE-4EE0-9B1C081641D2D9AC</string><string>D668C851-AC87-4864-83291A893C8DF093</string><string>79918F5F-BDAD-45E0-B22F35EA1BBC1597</string><string>BADFDB13-BB8A-435B-9E21C3C59529ADA7</string><string>00000000000000000000000000000000001</string><string>B3DE7390-30BB-49AA-A251BA73DA335572</string><string>00000000000000000000000000000000001</string><string>58E0EB62-3342-4D7B-8C8CAAC42DAF076B</string><string>3956DBDD-9E86-4F20-87D3A8BF7D5DA5CA</string><string>6769E8E2-47B4-4592-970B51072E48DEC1</string><string>DDB76121-8927-4415-8FA62B1AE6AC847D</string><string>4246D8DC-6249-4453-B14822E2B20F98A0</string><string>1192DEF7-FCB0-4D35-8FDA34A5B429536C</string><string>225DADEF-3BA8-4E62-B59C0BB249B2ED5F</string><string>73580986-3F5B-4A64-9A653BE8B48C39C4</string><string>ECC442B5-6F52-4409-B915017EAD175B6F</string><string>941C0BDC-4086-444E-BB662D8CB382BF55</string><string>B0B2882E-B8C9-4154-9FB567B710D8D906</string><string>3956DBDD-9E86-4F20-87D3A8BF7D5DA5CA</string><string>BE7343F4-7D97-4FBD-B79AB68F4653D1F5</string><string>44E47D56-48BE-4D64-A99F706289761C6A</string><string>33183BB1-96F4-4D35-9848934600E1AF1B</string><string>5BFD109E-982D-4447-88BB43DEDAB2DC73</string><string>D5F59EB4-5BDE-47B4-9EEC1027F0B163F9</string><string>E6C60DD4-8C71-44D9-B16134A03E1A5ADE</string><string>AC592CA4-32CC-4EA3-BE0571431014E5F1</string><string>C0722150-2E93-484F-BAE2EC531E49568A</string><string>ED2F1A11-E321-4FA3-93E2CB890D4C0169</string><string>947065F7-6E37-41CB-8148D5F7EDF70C08</string><string>1DABD588-AAD0-47AA-ABC32D5300C08053</string><string>F64B731A-58DF-44BF-970864C0B1CAB4D8</string><string>00000000000000000000000000000000001</string><string>848E1C24-0300-4683-9B0B756AE7C0349F</string><string>2BFA8ADD-4A89-4F54-88110C4C5949110A</string><string>0D0AFA9D-AD66-4D45-B95DE1FAAE201367</string><string>8479BAD8-D431-4A21-A5DA92C4DE9450B9</string><string>41C02338-77A1-46ED-B9CBA96C18D4ACD5</string><string>00000000000000000000000000000000001</string><string>79DCF605-7F32-452A-997C1BE377F7EB66</string><string>5EA856A2-ABAD-461E-A10DF99D55B13084</string><string>FF32D135-7585-4CF9-B18B97202EC1CDB4</string><string>F7D16769-7EEA-4C40-86377B0E76891072</string><string>F8545C37-CB53-46C7-B08D643AB53AA7EE</string><string>BABBF2D5-8210-4176-8C1DD1AC62A3F83F</string><string>D5EAE325-6D54-401C-BB9E57A13BB218D3</string><string>CFDA566E-1B2D-4282-A18B5F059C1DF930</string><string>B3DE7390-30BB-49AA-A251BA73DA335572</string><string>101FE6B2-881A-4BB7-99A15E02C28E0376</string><string>E8C43899-09F5-469E-A92F7B0E86E4A148</string><string>F34A3002-7DB4-4A94-A5E5CBB009C07B34</string><string>26717C7D-408D-40FF-8F246D22A1791F7A</string><string>ECC442B5-6F52-4409-B915017EAD175B6F</string><string>1AFB14D1-719E-48BE-95BB15299A7C89A1</string></field><field name='filename'><string>about/mura-cms-support</string><string>events/mura-cms-u-s-training1</string><string>about/protected-area/test</string><string>blog/why-you-should-go-ballooning</string><string>events/first-day-of-winter-2015</string><string>contact</string><string>about/annual-reports</string><string>about/photo-gallery</string><string>events/new-years-day</string><string>about/photo-gallery/photo-1415938631621-bc6316bd55f1-jpeg</string><string>about/photo-gallery/photo-1415860407914-fe42e09b4f77-jpeg</string><string></string><string>events/first-day-of-summer</string><string></string><string>font-awesome</string><string>about/annual-reports/2013-annual-report1</string><string>mura-objects/calendar/mura-cms-u-s-training</string><string>about/photo-gallery/photo-1417436183232-5748bd9f144e-jpeg</string><string>about/photo-gallery/photo-1417434743061-9873e0beaed6-jpeg</string><string>blog/i-wear-a-necklace-cause-i-wanna-know-when-i-m-upside-down</string><string>about/photo-gallery/photo-1417026846249-f31f7e43fc35-jpeg</string><string>news/life-as-a-lifeguard-not-so-good</string><string>events/first-day-of-fall</string><string>site-map</string><string>mura-objects/syntax-highlighting</string><string>about/annual-reports/2013-annual-report</string><string>blog/i-met-my-wife-in-san-francisco-or-did-i</string><string>bootstrap</string><string>about/photo-gallery/photo-1415628630193-e0372232b489-jpeg</string><string>404</string><string>news</string><string>about/photo-gallery/photo-1417026792760-4002c893cfa0-jpeg</string><string>news/sleeping-outside-on-hot-summer-nights</string><string>about/protected-area</string><string>about/protected-area/test/temp</string><string>news/small-town-carnival-almost-ready</string><string>events/first-day-of-spring-2015</string><string>events</string><string></string><string>news/altitude-training-does-it-work</string><string>mura-objects/calendar</string><string>about/photo-gallery/photo-1418290368169-1c94e6683532-jpeg</string><string>events/mura-cms-u-k-training</string><string>about/protected-area/sample-page</string><string></string><string>blog/my-wife-hates-my-ride</string><string>about/photo-gallery/photo-1418290446909-26cf5877e5e8-jpeg</string><string>mura-objects</string><string>blog/my-first-time-surfing-i-didn-t-surf</string><string>blog/requirements-estimating-keep-your-projects-in-the-black</string><string>about/photo-gallery/1d8ef901-jpeg</string><string>mura-objects/calendar/mura-cms-u-k-training</string><string>blog</string><string>events/first-day-of-summer-2015</string><string>events/first-day-of-winter</string><string>about/annual-reports/2014-annual-report</string><string>events/mura-cms-u-s-training</string><string>about</string><string>events/first-day-of-fall-2015</string><string>news/snow-machines-run-as-winter-winds-down</string></field><field name='archiveid'><string>003EB9F5-B8E5-4094-AF77AD2876C8E88B</string><string>05678EB6-99BB-45E5-8D49AAA6D9408E5D</string><string>05D5430A-DAE8-475B-9862E19B23F825E3</string><string>09671969-9FD7-4C14-8073AD09E635295B</string><string>098E393B-9998-4056-BEA7180B6FDC404F</string><string>0CA403E7-D0B6-4FF7-B6AD9CB3F644F4FC</string><string>17EC80BF-FD17-4A30-9219F44E8DB84BBB</string><string>26A36B20-AFD4-4EF3-843266DDB31E72DA</string><string>29FA6910-7F70-4A16-B2650C9DEE372C06</string><string>2ADC9943-08ED-4F61-AC10DEDD6D0548C5</string><string>3134CA09-7599-42CC-A1F4A62401BA7E9D</string><string>326D3EED-1CE8-4229-8C0E487441D54D4F</string><string>3454CFDB-E0E3-4FD4-B5FC3F605BFC86F0</string><string>3B4B78B7-B9FE-48B8-B4116697562B55D5</string><string>3F810EDC-8CF4-47D9-A1E0B59D007AF9CE</string><string>410E90E2-D790-47A6-AC411369D0079C27</string><string>44289AA8-F704-40FC-9CD47F768C20A506</string><string>45F8E0B2-A89E-4213-972387B522841E3A</string><string>475EE820-5942-4723-9CEFFD495C655E9F</string><string>493CEC05-2A29-4173-8211DD80DDA63052</string><string>4D8CC324-A379-418D-BF0D55A1DE7F8E21</string><string>4DB9DD26-BBF7-43EC-874B110BB7D9F64E</string><string>550B04C1-744B-4FDC-BB86AC586E51FFE9</string><string>57D3A2BC-7838-46CF-B064DB82EA529714</string><string>5AB426E9-D780-4C84-982B63F57CA6315A</string><string>654DFD10-7377-4008-A4BE0EDFD788667B</string><string>6B640A5F-D119-491F-8390CCDE0B98AD5D</string><string>79C2D6D9-558F-406F-8A47A67BAEAACFDF</string><string>7E7B954D-C9C9-403C-965C973A0C9ADC0F</string><string>8376B64F-9854-4E17-9FC066C8D429E9EA</string><string>88408073-70BE-424F-88650513FA60DDC5</string><string>91729618-4484-459D-9D0C4A474F5CECFC</string><string>95467EB4-50A8-4126-B467E6E4D03F80B5</string><string>958E4761-EC34-4A4E-9D3C5CE13FD2617D</string><string>999E35BA-2986-4556-AAA0BC652CB3E0D5</string><string>9CADBA51-F172-46D3-8350C232300148BC</string><string>A400008E-8717-402D-99125AA9EAD163A2</string><string>A57B5FCA-5016-4B5D-9C88A306D64FC0C8</string><string>A6E3220F-7A73-4A5B-A4A8C19C25F93CD4</string><string>AA33AAF3-1C99-434B-89B3A16FAACDA527</string><string>ABFC2B6D-04E9-4685-94D6025540034237</string><string>B4483A6E-AA4B-4BC8-8728AB0B186B0BFF</string><string>BEF5D1B4-46D9-4663-B40BC1A7F80FCD80</string><string>C1676AB9-A3E7-47EB-997B2552B4425938</string><string>CA49447F-1B39-4270-937A5AF5E3D067C6</string><string>CB6684FE-E28F-452F-885EF5AEEC71CEE4</string><string>CBA63D1C-F8A2-4B2E-875CC380D753A2DF</string><string>CEAF12FB-E036-4525-BEDA9125206AF6A2</string><string>D631743D-1767-41B7-97B062EB7BC8CC3E</string><string>DC529C48-4123-4BDF-8C6B3130502D3EB5</string><string>DD1F7272-2681-464E-9D159034092426BF</string><string>DDD915F8-A241-4DE3-81A52920F6B12414</string><string>DE0E7A5F-CD9D-4A2A-A7BEF983FA3464FD</string><string>E15390DE-11C6-401D-ADE972898CFBC4CF</string><string>E7B96777-53D9-42ED-ACBAC95A84D4C627</string><string>F5B6DFB5-976B-4C6A-AECCFB8F05F8E44F</string><string>F62293EA-2F1E-434F-AD3FC1693FE1DE96</string><string>F6758660-3574-480E-876746A6177AB89C</string><string>FE30E60A-E3E8-4811-85ED9E95A3124932</string><string>FF01D49D-E04A-4C80-A5AFB3A39EBE3B21</string></field><field name='siteID'><string>theme-mb3</string><string>theme-mb3</string><string>theme-mb3</string><string>theme-mb3</string><string>theme-mb3</string><string>theme-mb3</string><string>theme-mb3</string><string>theme-mb3</string><string>theme-mb3</string><string>theme-mb3</string><string>theme-mb3</string><string>theme-mb3</string><string>theme-mb3</string><string>theme-mb3</string><string>theme-mb3</string><string>theme-mb3</string><string>theme-mb3</string><string>theme-mb3</string><string>theme-mb3</string><string>theme-mb3</string><string>theme-mb3</string><string>theme-mb3</string><string>theme-mb3</string><string>theme-mb3</string><string>theme-mb3</string><string>theme-mb3</string><string>theme-mb3</string><string>theme-mb3</string><string>theme-mb3</string><string>theme-mb3</string><string>theme-mb3</string><string>theme-mb3</string><string>theme-mb3</string><string>theme-mb3</string><string>theme-mb3</string><string>theme-mb3</string><string>theme-mb3</string><string>theme-mb3</string><string>theme-mb3</string><string>theme-mb3</string><string>theme-mb3</string><string>theme-mb3</string><string>theme-mb3</string><string>theme-mb3</string><string>theme-mb3</string><string>theme-mb3</string><string>theme-mb3</string><string>theme-mb3</string><string>theme-mb3</string><string>theme-mb3</string><string>theme-mb3</string><string>theme-mb3</string><string>theme-mb3</string><string>theme-mb3</string><string>theme-mb3</string><string>theme-mb3</string><string>theme-mb3</string><string>theme-mb3</string><string>theme-mb3</string><string>theme-mb3</string></field></recordset></data></wddxPacket>
