<wddxPacket version='1.0'><header/><data><recordset rowCount='3' fieldNames='feedID,siteID,parentID,name,isActive,isPublic,isDefault,isFeaturesOnly,description,maxItems,allowHTML,lang,lastUpdateBy,lastUpdate,dateCreated,restricted,restrictGroups,version,channelLink,Type,sortBy,sortDirection,nextN,displayName,displayRatings,displayComments,altname,remoteID,remoteSourceURL,remotePubDate,imageSize,imageHeight,imageWidth,displayList,showNavOnly,showExcludeSearch,viewalllink,viewalllabel,cssclass,autoimport,isLocked,contentpoolid,useCategoryIntersect' type='coldfusion.sql.QueryTable'><field name='feedID'><string>35281261-B008-414C-A9C70B3AE3F747EB</string><string>60795A8F-087F-435E-A2BAC20A81CFC156</string><string>CEEA10F3-FB20-41EE-91B9412E09FD11B3</string></field><field name='siteID'><string>theme-mb3</string><string>theme-mb3</string><string>theme-mb3</string></field><field name='parentID'><string></string><string></string><string></string></field><field name='name'><string>Mura Blog</string><string>Slideshow</string><string>From Our Blog</string></field><field name='isActive'><number>1.0</number><number>1.0</number><number>1.0</number></field><field name='isPublic'><number>1.0</number><number>0.0</number><number>0.0</number></field><field name='isDefault'><number>0.0</number><number>0.0</number><number>0.0</number></field><field name='isFeaturesOnly'><number>0.0</number><number>0.0</number><number>0.0</number></field><field name='description'><string></string><string></string><string></string></field><field name='maxItems'><number>2.0</number><number>5.0</number><number>3.0</number></field><field name='allowHTML'><number>1.0</number><number>1.0</number><number>1.0</number></field><field name='lang'><string>en-us</string><string>en-us</string><string>en-us</string></field><field name='lastUpdateBy'><string>Steve Withington</string><string>Steve Withington</string><string>Steve Withington</string></field><field name='lastUpdate'><dateTime>2010-12-14T3:49:29+0:0</dateTime><dateTime>2011-11-10T21:13:52+0:0</dateTime><dateTime>2012-11-27T23:57:30+0:0</dateTime></field><field name='dateCreated'><dateTime>2010-12-14T3:49:29+0:0</dateTime><dateTime>2011-11-10T21:13:52+0:0</dateTime><dateTime>2012-11-27T23:57:30+0:0</dateTime></field><field name='restricted'><number>0.0</number><number>0.0</number><number>0.0</number></field><field name='restrictGroups'><string></string><string></string><string></string></field><field name='version'><string>RSS 2.0</string><string>RSS 2.0</string><string>RSS 2.0</string></field><field name='channelLink'><string>http://www.getmura.com/index.cfm/tasks/feed/?feedID=91B4E7A5-37AC-466A-ACDF6ABFD95ACCBD</string><string></string><string></string></field><field name='Type'><string>Remote</string><string>Local</string><string>Local</string></field><field name='sortBy'><string>lastUpdate</string><string>releaseDate</string><string>releaseDate</string></field><field name='sortDirection'><string>desc</string><string>desc</string><string>desc</string></field><field name='nextN'><number>20.0</number><number>5.0</number><number>20.0</number></field><field name='displayName'><number>0.0</number><number>0.0</number><number>0.0</number></field><field name='displayRatings'><number>0.0</number><number>0.0</number><number>0.0</number></field><field name='displayComments'><number>0.0</number><number>0.0</number><number>0.0</number></field><field name='altname'><string></string><string></string><string></string></field><field name='remoteID'><string></string><string></string><string></string></field><field name='remoteSourceURL'><string></string><string></string><string></string></field><field name='remotePubDate'><string></string><string></string><string></string></field><field name='imageSize'><string>small</string><string>small</string><string>small</string></field><field name='imageHeight'><string>AUTO</string><string>AUTO</string><string>AUTO</string></field><field name='imageWidth'><string>AUTO</string><string>AUTO</string><string>AUTO</string></field><field name='displayList'><string>Date,Title,Image,Summary,Credits,Tags</string><string>Date,Title,Image,Summary,Credits,Tags</string><string>Date,Title,Image,Summary,Tags</string></field><field name='showNavOnly'><number>0.0</number><number>1.0</number><number>1.0</number></field><field name='showExcludeSearch'><number>0.0</number><number>0.0</number><number>0.0</number></field><field name='viewalllink'><string></string><string></string><string></string></field><field name='viewalllabel'><string></string><string></string><string></string></field><field name='cssclass'><string></string><string></string><string></string></field><field name='autoimport'><number>0.0</number><number>0.0</number><number>0.0</number></field><field name='isLocked'><number>0.0</number><number>1.0</number><number>0.0</number></field><field name='contentpoolid'><string>theme-mb3</string><string>theme-mb3</string><string></string></field><field name='useCategoryIntersect'><number>0.0</number><number>0.0</number><string></string></field></recordset></data></wddxPacket>
