<wddxPacket version='1.0'><header/><data><recordset rowCount='11' fieldNames='contentHistID,categoryID,contentID,isFeature,orderno,siteID,featureStart,featureStop' type='coldfusion.sql.QueryTable'><field name='contentHistID'><string>0C4C9CB0-D5C8-4511-8F771876A3F436F2</string><string>0C4C9CB0-D5C8-4511-8F771876A3F436F2</string><string>0C4C9CB0-D5C8-4511-8F771876A3F436F2</string><string>5E5B9824-7D1C-469B-AF384352E049DFD5</string><string>5E5B9824-7D1C-469B-AF384352E049DFD5</string><string>5E5B9824-7D1C-469B-AF384352E049DFD5</string><string>8F2DAE5D-411D-4261-8EC675AA8420ECA5</string><string>8F2DAE5D-411D-4261-8EC675AA8420ECA5</string><string>DF1104A1-0B76-4D49-9DDCA02DF6D3E594</string><string>DF1104A1-0B76-4D49-9DDCA02DF6D3E594</string><string>F0F41B1E-2ACC-4807-BB71DC3947BF4E5C</string></field><field name='categoryID'><string>215D60E5-00EA-4A73-94528DB4A39DD024</string><string>237417C7-3B8F-4144-B0319AB7B819F4DF</string><string>F866F44E-323A-4AE9-814DDCD03D638C1C</string><string>0975C9BE-53F0-428A-9A5DDD28E1D9ECC4</string><string>3E99ED7C-F063-417F-85B5C28E7A448142</string><string>F866F44E-323A-4AE9-814DDCD03D638C1C</string><string>0975C9BE-53F0-428A-9A5DDD28E1D9ECC4</string><string>237417C7-3B8F-4144-B0319AB7B819F4DF</string><string>237417C7-3B8F-4144-B0319AB7B819F4DF</string><string>7E38F11B-6CCF-48AA-B385C5B062303524</string><string>F866F44E-323A-4AE9-814DDCD03D638C1C</string></field><field name='contentID'><string>73580986-3F5B-4A64-9A653BE8B48C39C4</string><string>73580986-3F5B-4A64-9A653BE8B48C39C4</string><string>73580986-3F5B-4A64-9A653BE8B48C39C4</string><string>AC592CA4-32CC-4EA3-BE0571431014E5F1</string><string>AC592CA4-32CC-4EA3-BE0571431014E5F1</string><string>AC592CA4-32CC-4EA3-BE0571431014E5F1</string><string>1AFB14D1-719E-48BE-95BB15299A7C89A1</string><string>1AFB14D1-719E-48BE-95BB15299A7C89A1</string><string>947065F7-6E37-41CB-8148D5F7EDF70C08</string><string>947065F7-6E37-41CB-8148D5F7EDF70C08</string><string>848E1C24-0300-4683-9B0B756AE7C0349F</string></field><field name='isFeature'><number>0.0</number><number>0.0</number><number>0.0</number><number>0.0</number><number>0.0</number><number>0.0</number><number>0.0</number><number>0.0</number><number>0.0</number><number>0.0</number><number>1.0</number></field><field name='orderno'><number>0.0</number><number>0.0</number><number>0.0</number><number>0.0</number><number>0.0</number><number>0.0</number><number>0.0</number><number>0.0</number><number>0.0</number><number>0.0</number><number>0.0</number></field><field name='siteID'><string>theme-mb3</string><string>theme-mb3</string><string>theme-mb3</string><string>theme-mb3</string><string>theme-mb3</string><string>theme-mb3</string><string>theme-mb3</string><string>theme-mb3</string><string>theme-mb3</string><string>theme-mb3</string><string>theme-mb3</string></field><field name='featureStart'><string></string><string></string><string></string><string></string><string></string><string></string><string></string><string></string><string></string><string></string><string></string></field><field name='featureStop'><string></string><string></string><string></string><string></string><string></string><string></string><string></string><string></string><string></string><string></string><string></string></field></recordset></data></wddxPacket>
