<wddxPacket version='1.0'><header/><data><recordset rowCount='1' fieldNames='domain,siteid,theme,largeImageWidth,largeImageHeight,smallImageWidth,smallImageHeight,mediumImageWidth,mediumImageHeight,columnCount,columnNames,primaryColumn,baseID,customtaggroups' type='coldfusion.sql.QueryTable'><field name='domain'><string>mb3</string></field><field name='siteid'><string>theme-mb3</string></field><field name='theme'><string>MuraBootstrap3</string></field><field name='largeImageWidth'><string>600</string></field><field name='largeImageHeight'><string>AUTO</string></field><field name='smallImageWidth'><string>80</string></field><field name='smallImageHeight'><string>80</string></field><field name='mediumImageWidth'><string>180</string></field><field name='mediumImageHeight'><string>180</string></field><field name='columnCount'><number>3.0</number></field><field name='columnNames'><string>Left Column^Main Content^Right Column</string></field><field name='primaryColumn'><number>2.0</number></field><field name='baseID'><string>47328739-097D-43F8-BDC15641854E4EE9</string></field><field name='customtaggroups'><string>Events^Blog</string></field></recordset></data></wddxPacket>
