<wddxPacket version='1.0'><header/><data><recordset rowCount='2' fieldNames='paramID,feedID,param,relationship,field,condition,criteria,dataType' type='coldfusion.sql.QueryTable'><field name='paramID'><string>ACF5007F-B787-4617-BBDA096F1916AE68</string><string>D10B141A-85DE-498C-809751CE2DD1E667</string></field><field name='feedID'><string>CEEA10F3-FB20-41EE-91B9412E09FD11B3</string><string>60795A8F-087F-435E-A2BAC20A81CFC156</string></field><field name='param'><number>1.0</number><number>1.0</number></field><field name='relationship'><string>and</string><string>and</string></field><field name='field'><string></string><string></string></field><field name='condition'><string>Equals</string><string>Equals</string></field><field name='criteria'><string></string><string></string></field><field name='dataType'><string></string><string>varchar</string></field></recordset></data></wddxPacket>
