<wddxPacket version='1.0'><header/><data><recordset rowCount='18' fieldNames='tagID,contentID,contentHistID,siteID,tag,taggroup' type='coldfusion.sql.QueryTable'><field name='tagID'><number>13.0</number><number>16.0</number><number>18.0</number><number>19.0</number><number>24.0</number><number>25.0</number><number>26.0</number><number>29.0</number><number>30.0</number><number>31.0</number><number>32.0</number><number>33.0</number><number>34.0</number><number>35.0</number><number>36.0</number><number>37.0</number><number>38.0</number><number>39.0</number></field><field name='contentID'><string>F34A3002-7DB4-4A94-A5E5CBB009C07B34</string><string>8479BAD8-D431-4A21-A5DA92C4DE9450B9</string><string>101FE6B2-881A-4BB7-99A15E02C28E0376</string><string>D668C851-AC87-4864-83291A893C8DF093</string><string>1DABD588-AAD0-47AA-ABC32D5300C08053</string><string>B3DE7390-30BB-49AA-A251BA73DA335572</string><string>ECC442B5-6F52-4409-B915017EAD175B6F</string><string>F7D16769-7EEA-4C40-86377B0E76891072</string><string>F7D16769-7EEA-4C40-86377B0E76891072</string><string>79DCF605-7F32-452A-997C1BE377F7EB66</string><string>FB8B530A-6BF0-4BF6-8BDC43A1D6812CC7</string><string>FB8B530A-6BF0-4BF6-8BDC43A1D6812CC7</string><string>1192DEF7-FCB0-4D35-8FDA34A5B429536C</string><string>1192DEF7-FCB0-4D35-8FDA34A5B429536C</string><string>BE7343F4-7D97-4FBD-B79AB68F4653D1F5</string><string>BE7343F4-7D97-4FBD-B79AB68F4653D1F5</string><string>F8545C37-CB53-46C7-B08D643AB53AA7EE</string><string>F8545C37-CB53-46C7-B08D643AB53AA7EE</string></field><field name='contentHistID'><string>67903AE6-14C8-40DF-99D793002BF43912</string><string>D5958888-BB39-4E12-840726D3325CAD0E</string><string>9583BA95-2062-4C57-85DF5F9F9DF0C87D</string><string>A16F28C3-6B1F-48D0-A771C9F2A51FE609</string><string>1FB8F758-45B8-486A-9C96FC78332D7E83</string><string>4D53C7EB-A86A-4DF7-913CA5F2EF007F1F</string><string>6B9E8FB7-D3D5-43C3-91D8834ED4F785F1</string><string>BB0A84CB-3F13-4D1E-9D66B5DAE429244F</string><string>BB0A84CB-3F13-4D1E-9D66B5DAE429244F</string><string>4CC7E425-F40D-4556-A8B58760F0E055C7</string><string>8CB42BEC-FC5A-4B89-BBEADE29A5E367CC</string><string>8CB42BEC-FC5A-4B89-BBEADE29A5E367CC</string><string>0E0823AE-D678-458A-AF677555369832DE</string><string>0E0823AE-D678-458A-AF677555369832DE</string><string>BA2A8A21-6107-4659-A9411958BB400AF3</string><string>BA2A8A21-6107-4659-A9411958BB400AF3</string><string>D67BFDFF-A53A-488B-9E838C6570199AA1</string><string>D67BFDFF-A53A-488B-9E838C6570199AA1</string></field><field name='siteID'><string>theme-mb3</string><string>theme-mb3</string><string>theme-mb3</string><string>theme-mb3</string><string>theme-mb3</string><string>theme-mb3</string><string>theme-mb3</string><string>theme-mb3</string><string>theme-mb3</string><string>theme-mb3</string><string>theme-mb3</string><string>theme-mb3</string><string>theme-mb3</string><string>theme-mb3</string><string>theme-mb3</string><string>theme-mb3</string><string>theme-mb3</string><string>theme-mb3</string></field><field name='tag'><string>Training</string><string>Training</string><string>Season</string><string>Holiday</string><string>Season</string><string>Season</string><string>Season</string><string>surfing</string><string>life</string><string>family</string><string>travel</string><string>family</string><string>life</string><string>comedy</string><string>family</string><string>friends</string><string>life</string><string>money</string></field><field name='taggroup'><string>Events</string><string>Events</string><string>Events</string><string>Events</string><string>Events</string><string>Events</string><string>Events</string><string>Blog</string><string>Blog</string><string>Blog</string><string>Blog</string><string>Blog</string><string>Blog</string><string>Blog</string><string>Blog</string><string>Blog</string><string>Blog</string><string>Blog</string></field></recordset></data></wddxPacket>
