<wddxPacket version='1.0'><header/><data><recordset rowCount='13' fieldNames='CATEGORYID,SITEID,PARENTID,DATECREATED,LASTUPDATE,LASTUPDATEBY,NAME,NOTES,ISINTERESTGROUP,ISACTIVE,ISOPEN,SORTBY,SORTDIRECTION,RESTRICTGROUPS,PATH,REMOTEID,REMOTESOURCEURL,REMOTEPUBDATE,URLTITLE,FILENAME,ISFEATUREABLE' type='coldfusion.sql.QueryTable'><field name='CATEGORYID'><string>18E21B45-ECBC-4A2D-B3A19E732A81E464</string><string>1F284FB6-EF58-4AEC-99B60D09D5FBAC1D</string><string>208147E0-1272-4443-8E70E2B4DEA514ED</string><string>349654A9-2D39-4CED-8594D76B135496BC</string><string>3D75BABE-8007-4809-ABA66705DD56EE4D</string><string>7F8F5EBC-68D6-4173-B70857309F557E40</string><string>9C8ABBC7-ED2A-42CF-9B5F64A320CF0562</string><string>BA1092A3-5658-4120-BFF08350F6071DF0</string><string>BFC7844F-3214-4D1C-B369713D49562BB5</string><string>C342B9FE-5E63-41B5-8B155E86F491565E</string><string>D642AB4F-3304-45B3-9E3C6EA8445DA927</string><string>EA6660CA-5AE8-4198-8A62E6F79A89B5AC</string><string>EB0CAAFA-D26D-4386-8AD4E7FE2E7C2341</string></field><field name='SITEID'><string>dev</string><string>dev</string><string>dev</string><string>dev</string><string>dev</string><string>dev</string><string>dev</string><string>dev</string><string>dev</string><string>dev</string><string>dev</string><string>dev</string><string>dev</string></field><field name='PARENTID'><string>349654A9-2D39-4CED-8594D76B135496BC</string><string>349654A9-2D39-4CED-8594D76B135496BC</string><string>D642AB4F-3304-45B3-9E3C6EA8445DA927</string><null/><string>349654A9-2D39-4CED-8594D76B135496BC</string><string>349654A9-2D39-4CED-8594D76B135496BC</string><string>349654A9-2D39-4CED-8594D76B135496BC</string><string>D642AB4F-3304-45B3-9E3C6EA8445DA927</string><string>349654A9-2D39-4CED-8594D76B135496BC</string><string>349654A9-2D39-4CED-8594D76B135496BC</string><null/><string>349654A9-2D39-4CED-8594D76B135496BC</string><string>349654A9-2D39-4CED-8594D76B135496BC</string></field><field name='DATECREATED'><dateTime>2012-11-27T08:09:49-08:00</dateTime><dateTime>2012-11-27T08:12:39-08:00</dateTime><dateTime>2012-11-27T13:09:07-08:00</dateTime><dateTime>2012-11-27T08:09:32-08:00</dateTime><dateTime>2013-09-20T15:39:24-08:00</dateTime><dateTime>2012-11-27T08:10:32-08:00</dateTime><dateTime>2012-11-27T11:36:20-08:00</dateTime><dateTime>2013-09-20T14:31:07-08:00</dateTime><dateTime>2012-11-27T08:10:19-08:00</dateTime><dateTime>2012-11-27T08:11:00-08:00</dateTime><dateTime>2012-11-27T13:08:58-08:00</dateTime><dateTime>2012-11-27T08:10:10-08:00</dateTime><dateTime>2012-11-27T08:13:03-08:00</dateTime></field><field name='LASTUPDATE'><dateTime>2012-11-27T08:09:49-08:00</dateTime><dateTime>2012-11-27T08:12:39-08:00</dateTime><dateTime>2012-11-27T13:09:07-08:00</dateTime><dateTime>2012-11-27T08:09:32-08:00</dateTime><dateTime>2013-09-20T15:39:24-08:00</dateTime><dateTime>2012-11-27T08:10:32-08:00</dateTime><dateTime>2012-11-27T11:36:20-08:00</dateTime><dateTime>2013-09-20T14:31:07-08:00</dateTime><dateTime>2012-11-27T08:10:19-08:00</dateTime><dateTime>2012-11-27T08:11:00-08:00</dateTime><dateTime>2012-11-27T13:08:58-08:00</dateTime><dateTime>2012-11-27T08:10:10-08:00</dateTime><dateTime>2012-11-27T08:13:03-08:00</dateTime></field><field name='LASTUPDATEBY'><string>Steve Withington</string><string>Steve Withington</string><string>Steve Withington</string><string>Steve Withington</string><string>Steve Withington</string><string>Steve Withington</string><string>Steve Withington</string><string>Steve Withington</string><string>Steve Withington</string><string>Steve Withington</string><string>Steve Withington</string><string>Steve Withington</string><string>Steve Withington</string></field><field name='NAME'><string>Business</string><string>Opinion</string><string>Mura CMS Training</string><string>News Categories</string><string>Weather</string><string>World News</string><string>Technology</string><string>MuraCon</string><string>Local News</string><string>Arts &amp; Culture</string><string>Event Categories</string><string>Politics</string><string>Health &amp; Science</string></field><field name='NOTES'><null/><null/><null/><null/><null/><null/><null/><null/><null/><null/><null/><null/><null/></field><field name='ISINTERESTGROUP'><number>1.0</number><number>1.0</number><number>1.0</number><number>0.0</number><number>1.0</number><number>1.0</number><number>1.0</number><number>1.0</number><number>1.0</number><number>1.0</number><number>0.0</number><number>1.0</number><number>1.0</number></field><field name='ISACTIVE'><number>1.0</number><number>1.0</number><number>1.0</number><number>1.0</number><number>1.0</number><number>1.0</number><number>1.0</number><number>1.0</number><number>1.0</number><number>1.0</number><number>1.0</number><number>1.0</number><number>1.0</number></field><field name='ISOPEN'><number>1.0</number><number>1.0</number><number>1.0</number><number>0.0</number><number>1.0</number><number>1.0</number><number>1.0</number><number>1.0</number><number>1.0</number><number>1.0</number><number>0.0</number><number>1.0</number><number>1.0</number></field><field name='SORTBY'><string>orderno</string><string>orderno</string><string>orderno</string><string>orderno</string><string>orderno</string><string>orderno</string><string>orderno</string><string>orderno</string><string>orderno</string><string>orderno</string><string>orderno</string><string>orderno</string><string>orderno</string></field><field name='SORTDIRECTION'><string>asc</string><string>asc</string><string>asc</string><string>asc</string><string>asc</string><string>asc</string><string>asc</string><string>asc</string><string>asc</string><string>asc</string><string>asc</string><string>asc</string><string>asc</string></field><field name='RESTRICTGROUPS'><null/><null/><null/><null/><null/><null/><null/><null/><null/><null/><null/><null/><null/></field><field name='PATH'><string>349654A9-2D39-4CED-8594D76B135496BC,18E21B45-ECBC-4A2D-B3A19E732A81E464</string><string>349654A9-2D39-4CED-8594D76B135496BC,1F284FB6-EF58-4AEC-99B60D09D5FBAC1D</string><string>D642AB4F-3304-45B3-9E3C6EA8445DA927,208147E0-1272-4443-8E70E2B4DEA514ED</string><string>349654A9-2D39-4CED-8594D76B135496BC</string><string>349654A9-2D39-4CED-8594D76B135496BC,3D75BABE-8007-4809-ABA66705DD56EE4D</string><string>349654A9-2D39-4CED-8594D76B135496BC,7F8F5EBC-68D6-4173-B70857309F557E40</string><string>349654A9-2D39-4CED-8594D76B135496BC,9C8ABBC7-ED2A-42CF-9B5F64A320CF0562</string><string>D642AB4F-3304-45B3-9E3C6EA8445DA927,BA1092A3-5658-4120-BFF08350F6071DF0</string><string>349654A9-2D39-4CED-8594D76B135496BC,BFC7844F-3214-4D1C-B369713D49562BB5</string><string>349654A9-2D39-4CED-8594D76B135496BC,C342B9FE-5E63-41B5-8B155E86F491565E</string><string>D642AB4F-3304-45B3-9E3C6EA8445DA927</string><string>349654A9-2D39-4CED-8594D76B135496BC,EA6660CA-5AE8-4198-8A62E6F79A89B5AC</string><string>349654A9-2D39-4CED-8594D76B135496BC,EB0CAAFA-D26D-4386-8AD4E7FE2E7C2341</string></field><field name='REMOTEID'><null/><null/><null/><null/><null/><null/><null/><null/><null/><null/><null/><null/><null/></field><field name='REMOTESOURCEURL'><null/><null/><null/><null/><null/><null/><null/><null/><null/><null/><null/><null/><null/></field><field name='REMOTEPUBDATE'><null/><null/><null/><null/><null/><null/><null/><null/><null/><null/><null/><null/><null/></field><field name='URLTITLE'><string>business</string><string>opinion</string><string>mura-cms-training</string><string>news-categories</string><string>weather</string><string>world-news</string><string>technology</string><string>muracon</string><string>local-news</string><string>arts-culture</string><string>event-categories</string><string>politics</string><string>health-science</string></field><field name='FILENAME'><string>news-categories/business</string><string>news-categories/opinion</string><string>event-categories/mura-cms-training</string><string>news-categories</string><string>news-categories/weather</string><string>news-categories/world-news</string><string>news-categories/technology</string><string>event-categories/muracon</string><string>news-categories/local-news</string><string>news-categories/arts-culture</string><string>event-categories</string><string>news-categories/politics</string><string>news-categories/health-science</string></field><field name='ISFEATUREABLE'><number>0.0</number><number>0.0</number><number>0.0</number><number>0.0</number><number>1.0</number><number>0.0</number><number>0.0</number><number>1.0</number><number>0.0</number><number>0.0</number><number>0.0</number><number>0.0</number><number>0.0</number></field></recordset></data></wddxPacket>
