<wddxPacket version='1.0'><header/><data><recordset rowCount='1' fieldNames='DOMAIN,SITEID,THEME,LARGEIMAGEWIDTH,LARGEIMAGEHEIGHT,SMALLIMAGEWIDTH,SMALLIMAGEHEIGHT,MEDIUMIMAGEWIDTH,MEDIUMIMAGEHEIGHT,COLUMNCOUNT,COLUMNNAMES,PRIMARYCOLUMN,BASEID,CUSTOMTAGGROUPS' type='coldfusion.sql.QueryTable'><field name='DOMAIN'><string>local.mura</string></field><field name='SITEID'><string>dev</string></field><field name='THEME'><string>MuraBootstrap3</string></field><field name='LARGEIMAGEWIDTH'><string>600</string></field><field name='LARGEIMAGEHEIGHT'><string>AUTO</string></field><field name='SMALLIMAGEWIDTH'><string>80</string></field><field name='SMALLIMAGEHEIGHT'><string>80</string></field><field name='MEDIUMIMAGEWIDTH'><string>180</string></field><field name='MEDIUMIMAGEHEIGHT'><string>180</string></field><field name='COLUMNCOUNT'><number>3.0</number></field><field name='COLUMNNAMES'><string>[Ljava.lang.String;@7d9299cb</string></field><field name='PRIMARYCOLUMN'><number>2.0</number></field><field name='BASEID'><string>4CF4CFC4-A681-4BB4-AE47A30CEC4EFA1C</string></field><field name='CUSTOMTAGGROUPS'><null/></field></recordset></data></wddxPacket>
