<wddxPacket version='1.0'><header/><data><recordset rowCount='8' fieldNames='TAGID,CONTENTID,CONTENTHISTID,SITEID,TAG,TAGGROUP' type='coldfusion.sql.QueryTable'><field name='TAGID'><number>1.0</number><number>2.0</number><number>3.0</number><number>4.0</number><number>5.0</number><number>6.0</number><number>7.0</number><number>8.0</number></field><field name='CONTENTID'><string>3BEA7FA9-4187-4DF3-96D83B14FA5D2C57</string><string>3BEA7FA9-4187-4DF3-96D83B14FA5D2C57</string><string>387B7723-E13B-4E7F-87C36CB87D7A32EE</string><string>387B7723-E13B-4E7F-87C36CB87D7A32EE</string><string>0ADC0722-54F2-44EF-9BAD2256F12F58F3</string><string>0ADC0722-54F2-44EF-9BAD2256F12F58F3</string><string>1582AA92-9CBF-4219-A4A6F00B72CADF38</string><string>1582AA92-9CBF-4219-A4A6F00B72CADF38</string></field><field name='CONTENTHISTID'><string>4B38F141-98B5-47EA-A71B6EE14D47F712</string><string>4B38F141-98B5-47EA-A71B6EE14D47F712</string><string>D048785A-E1DA-489F-9A7D928C5C64FDC9</string><string>D048785A-E1DA-489F-9A7D928C5C64FDC9</string><string>B5F03416-74FB-4974-817A8C05082E7E7B</string><string>B5F03416-74FB-4974-817A8C05082E7E7B</string><string>F3A4C863-35D0-4509-9A20E0A115EF2321</string><string>F3A4C863-35D0-4509-9A20E0A115EF2321</string></field><field name='SITEID'><string>dev</string><string>dev</string><string>dev</string><string>dev</string><string>dev</string><string>dev</string><string>dev</string><string>dev</string></field><field name='TAG'><string>home</string><string>music</string><string>music</string><string>home</string><string>running</string><string>sports</string><string>home</string><string>sports</string></field><field name='TAGGROUP'><null/><null/><null/><null/><null/><null/><null/><null/></field></recordset></data></wddxPacket>
