<wddxPacket version='1.0'><header/><data><recordset rowCount='3' fieldNames='FEEDID,ITEMID,TYPE' type='coldfusion.sql.QueryTable'><field name='FEEDID'><string>D1D6668F-20BD-4DB5-9114601A6A95C818</string><string>4471DD2F-DC5F-4C3A-8718D6C14B6C6B0D</string><string>6EFC75F9-5D70-4691-8F754FBDA241F78C</string></field><field name='ITEMID'><string>B1FB26DC-B63A-4042-ABFA3CD7351E684C</string><string>0C6CE3F6-7D8F-4795-AAA9CC739C619D1D</string><string>DCA90A53-91A9-4FBB-AFD9996278315860</string></field><field name='TYPE'><string>contentID</string><string>contentID</string><string>contentID</string></field></recordset></data></wddxPacket>
