<wddxPacket version='1.0'><header/><data><recordset rowCount='7' fieldNames='CONTENTHISTID,CATEGORYID,CONTENTID,ISFEATURE,ORDERNO,SITEID,FEATURESTART,FEATURESTOP' type='coldfusion.sql.QueryTable'><field name='CONTENTHISTID'><string>2ED975B1-7318-41EC-AC881E1D08AD686F</string><string>2ED975B1-7318-41EC-AC881E1D08AD686F</string><string>7308830A-F0F6-4B12-9F050F1EADD4D658</string><string>9646E5B5-A87E-4CA7-9C9449A4890E710F</string><string>9AB3B654-A85A-4DF8-80130F3C2C4C5D4D</string><string>9AB3B654-A85A-4DF8-80130F3C2C4C5D4D</string><string>D9994EF0-6F2F-4418-9F53F48C83CFE878</string></field><field name='CATEGORYID'><string>3D75BABE-8007-4809-ABA66705DD56EE4D</string><string>BFC7844F-3214-4D1C-B369713D49562BB5</string><string>208147E0-1272-4443-8E70E2B4DEA514ED</string><string>BA1092A3-5658-4120-BFF08350F6071DF0</string><string>BFC7844F-3214-4D1C-B369713D49562BB5</string><string>C342B9FE-5E63-41B5-8B155E86F491565E</string><string>BFC7844F-3214-4D1C-B369713D49562BB5</string></field><field name='CONTENTID'><string>BB37BB52-1D06-4AFC-8F830692454CBEF1</string><string>BB37BB52-1D06-4AFC-8F830692454CBEF1</string><string>9AE189B2-9581-4561-8D37888A9C07FAB4</string><string>89C6BE51-35E5-44E6-9EA007D491BD15C6</string><string>66D27DBA-B6D9-4632-876184F65C5608DB</string><string>66D27DBA-B6D9-4632-876184F65C5608DB</string><string>B52125A4-05BB-4AFC-AB943CA8331AFE5D</string></field><field name='ISFEATURE'><number>0.0</number><number>0.0</number><number>0.0</number><number>0.0</number><number>0.0</number><number>0.0</number><number>0.0</number></field><field name='ORDERNO'><number>0.0</number><number>0.0</number><number>0.0</number><number>0.0</number><number>0.0</number><number>0.0</number><number>0.0</number></field><field name='SITEID'><string>dev</string><string>dev</string><string>dev</string><string>dev</string><string>dev</string><string>dev</string><string>dev</string></field><field name='FEATURESTART'><null/><null/><null/><null/><null/><null/><null/></field><field name='FEATURESTOP'><null/><null/><null/><null/><null/><null/><null/></field></recordset></data></wddxPacket>
