<wddxPacket version='1.0'><header/><data><recordset rowCount='12' fieldNames='FILEID,CONTENTID,SITEID,MODULEID,FILENAME,IMAGE,IMAGESMALL,IMAGEMEDIUM,FILESIZE,CONTENTTYPE,CONTENTSUBTYPE,FILEEXT,CREATED,DELETED,CAPTION,CREDITS,ALTTEXT,REMOTEID,REMOTEURL,REMOTEPUBDATE,REMOTESOURCE,REMOTESOURCEURL,EXIF' type='coldfusion.sql.QueryTable'><field name='FILEID'><string>043EC241-5EF9-4D47-95EE24925D5BDBE8</string><string>1DA90B6F-5918-460A-BEDEC3A64E938020</string><string>45E8A7E6-A8FB-48B5-BAB2EC538C721DF7</string><string>46079B5F-57F8-41D7-BD9D3C91316C60A9</string><string>5EC85BC8-072B-4B2F-AAE56A40CDD7B0F5</string><string>66608957-77A7-4B5A-8FFE519CDFE1A111</string><string>7550320E-E034-4D34-807DEB73C7C73637</string><string>80418078-B114-4B30-8060B0B25AA4836F</string><string>A02AB653-6B68-4088-9DABAB31E9230217</string><string>B6217FE3-C41E-484C-ACA4A3B2CAE3D00F</string><string>FE0ABFFF-8D89-4943-8A2EA4A348E3B954</string><string>FEBEF7EA-407E-4ADB-8D97922E308A2153</string></field><field name='CONTENTID'><string>9B9FFD1E-9A92-492F-AFC1B7955A200E53</string><string>BB37BB52-1D06-4AFC-8F830692454CBEF1</string><string>387B7723-E13B-4E7F-87C36CB87D7A32EE</string><string>66D27DBA-B6D9-4632-876184F65C5608DB</string><string>0ADC0722-54F2-44EF-9BAD2256F12F58F3</string><string>3BEA7FA9-4187-4DF3-96D83B14FA5D2C57</string><string>2539F5AE-3476-4A28-B69AE5877C6D8CAB</string><string>1582AA92-9CBF-4219-A4A6F00B72CADF38</string><string>441E07AB-BB4E-4C40-A1BF0470384366A2</string><string>B52125A4-05BB-4AFC-AB943CA8331AFE5D</string><string>917A5ABC-8CB3-4A67-BF93D5ED63E7EBDC</string><string>49FA6F29-7864-4964-85D91EE5FA351E2E</string></field><field name='SITEID'><string>dev</string><string>dev</string><string>dev</string><string>dev</string><string>dev</string><string>dev</string><string>dev</string><string>dev</string><string>dev</string><string>dev</string><string>dev</string><string>dev</string></field><field name='MODULEID'><string>00000000000000000000000000000000000</string><string>00000000000000000000000000000000000</string><string>00000000000000000000000000000000000</string><string>00000000000000000000000000000000000</string><string>00000000000000000000000000000000000</string><string>00000000000000000000000000000000000</string><string>00000000000000000000000000000000000</string><string>00000000000000000000000000000000000</string><string>00000000000000000000000000000000000</string><string>00000000000000000000000000000000000</string><string>00000000000000000000000000000000000</string><string>00000000000000000000000000000000000</string></field><field name='FILENAME'><string>61DFDEB1-45D8-4645-938727BD03E382B0_source.jpg</string><string>703E9D29-C979-4416-9E31D111AD5FED93_source.jpg</string><string>A311A76D-F2D9-463D-A26655599CF16982_source.jpg</string><string>28A5C6D3-A318-4A18-B80ED3277FD0439E_source.jpg</string><string>3FD8FA3B-57C5-4202-B9F03C776E8DD778_source.jpg</string><string>955A12E0-9E5E-48BA-922600A519E7A314_source.jpg</string><string>30BA5898-1490-4C2E-99A7634A7A9DCDC2_source.jpg</string><string>6FE5203B-DAB0-41B5-BE1E8E6E9F7ED965_source.jpeg</string><string>sample-annual-report.pdf</string><string>C97D5C19-7965-49DC-AA47DEF85C7BDF07_source.jpg</string><string>5F93A4B4-7E64-440F-9604D2BAF365864B_source.jpg</string><string>62A8772C-9CE4-4128-84F5CB790A079761_source.jpg</string></field><field name='IMAGE'><null/><null/><null/><null/><null/><null/><null/><null/><null/><null/><null/><null/></field><field name='IMAGESMALL'><null/><null/><null/><null/><null/><null/><null/><null/><null/><null/><null/><null/></field><field name='IMAGEMEDIUM'><null/><null/><null/><null/><null/><null/><null/><null/><null/><null/><null/><null/></field><field name='FILESIZE'><number>4245010.0</number><number>618361.0</number><number>473493.0</number><number>777056.0</number><number>456354.0</number><number>1071255.0</number><number>3791376.0</number><number>3604232.0</number><number>20318.0</number><number>506108.0</number><number>4597525.0</number><number>4090658.0</number></field><field name='CONTENTTYPE'><string>image</string><string>image</string><string>image</string><string>image</string><string>image</string><string>image</string><string>image</string><string>image</string><string>application</string><string>image</string><string>image</string><string>image</string></field><field name='CONTENTSUBTYPE'><string>jpeg</string><string>jpeg</string><string>jpeg</string><string>jpeg</string><string>jpeg</string><string>jpeg</string><string>jpeg</string><string>jpeg</string><string>pdf</string><string>jpeg</string><string>jpeg</string><string>jpeg</string></field><field name='FILEEXT'><string>jpg</string><string>jpg</string><string>jpg</string><string>jpg</string><string>jpg</string><string>jpg</string><string>jpg</string><string>jpeg</string><string>pdf</string><string>jpg</string><string>jpg</string><string>jpg</string></field><field name='CREATED'><dateTime>2013-09-25T14:51:50-08:00</dateTime><dateTime>2013-09-25T15:01:39-08:00</dateTime><dateTime>2013-09-25T15:48:37-08:00</dateTime><dateTime>2013-09-25T15:25:33-08:00</dateTime><dateTime>2013-09-25T15:49:16-08:00</dateTime><dateTime>2013-09-25T15:44:28-08:00</dateTime><dateTime>2013-09-25T14:54:05-08:00</dateTime><dateTime>2013-09-25T15:42:25-08:00</dateTime><dateTime>2012-11-27T13:22:32-08:00</dateTime><dateTime>2013-09-25T15:26:34-08:00</dateTime><dateTime>2013-09-25T14:58:32-08:00</dateTime><dateTime>2013-09-25T14:55:17-08:00</dateTime></field><field name='DELETED'><null/><null/><null/><null/><null/><null/><null/><null/><null/><null/><null/><null/></field><field name='CAPTION'><null/><string>&lt;p&gt;Lorem ipsum dolor sit amet, consectetur adipiscing elit. Praesent suscipit iaculis libero sed tristique. Quisque mollis dolor non tellus placerat vitae sodales lectus porta. Curabitur ut suscipit tellus.&lt;/p&gt;</string><string>&lt;p&gt;Lorem ipsum dolor sit amet, consectetur adipiscing elit. Praesent suscipit iaculis libero sed tristique. Quisque mollis dolor non tellus placerat vitae sodales lectus porta. Curabitur ut suscipit tellus.&lt;/p&gt;</string><string>&lt;p&gt;Lorem ipsum dolor sit amet, consectetur adipiscing elit. Praesent suscipit iaculis libero sed tristique. Quisque mollis dolor non tellus placerat vitae sodales lectus porta. Curabitur ut suscipit tellus.&lt;/p&gt;</string><string>&lt;p&gt;Lorem ipsum dolor sit amet, consectetur adipiscing elit. Praesent suscipit iaculis libero sed tristique. Quisque mollis dolor non tellus placerat vitae sodales lectus porta. Curabitur ut suscipit tellus.&lt;/p&gt;</string><string>&lt;p&gt;Lorem ipsum dolor sit amet, consectetur adipiscing elit. Praesent suscipit iaculis libero sed tristique. Quisque mollis dolor non tellus placerat vitae sodales lectus porta. Curabitur ut suscipit tellus.&lt;/p&gt;</string><null/><string>&lt;p&gt;Lorem ipsum dolor sit amet, consectetur adipiscing elit. Praesent suscipit iaculis libero sed tristique. Quisque mollis dolor non tellus placerat vitae sodales lectus porta. Curabitur ut suscipit tellus.&lt;/p&gt;</string><null/><string>&lt;p&gt;Lorem ipsum dolor sit amet, consectetur adipiscing elit. Praesent suscipit iaculis libero sed tristique. Quisque mollis dolor non tellus placerat vitae sodales lectus porta. Curabitur ut suscipit tellus.&lt;/p&gt;</string><null/><null/></field><field name='CREDITS'><null/><null/><null/><null/><null/><null/><null/><null/><null/><null/><null/><null/></field><field name='ALTTEXT'><null/><null/><null/><null/><null/><null/><null/><null/><null/><null/><null/><null/></field><field name='REMOTEID'><null/><null/><null/><null/><null/><null/><null/><null/><null/><null/><null/><null/></field><field name='REMOTEURL'><null/><null/><null/><null/><null/><null/><null/><null/><null/><null/><null/><null/></field><field name='REMOTEPUBDATE'><dateTime>2013-09-25T14:52:04-08:00</dateTime><dateTime>2013-09-25T15:01:48-08:00</dateTime><dateTime>2013-09-25T15:48:45-08:00</dateTime><dateTime>2013-09-25T15:25:40-08:00</dateTime><dateTime>2013-09-25T15:49:23-08:00</dateTime><dateTime>2013-09-25T15:44:35-08:00</dateTime><dateTime>2013-09-25T14:54:17-08:00</dateTime><dateTime>2013-09-25T15:42:41-08:00</dateTime><null/><dateTime>2013-09-25T15:26:42-08:00</dateTime><dateTime>2013-09-25T14:58:46-08:00</dateTime><dateTime>2013-09-25T14:55:33-08:00</dateTime></field><field name='REMOTESOURCE'><null/><null/><null/><null/><null/><null/><null/><null/><null/><null/><null/><null/></field><field name='REMOTESOURCEURL'><null/><null/><null/><null/><null/><null/><null/><null/><null/><null/><null/><null/></field><field name='EXIF'><null/><null/><null/><null/><null/><null/><null/><null/><null/><null/><null/><null/></field></recordset></data></wddxPacket>
