<wddxPacket version='1.0'><header/><data><recordset rowCount='0' fieldNames='CONTENTID,EXIF,SITEID,REMOTEID,CONTENTHISTID,CAPTION,ALTTEXT,FILEID,REMOTESOURCEURL,REMOTEPUBDATE,CREDITS,REMOTEURL,METAID,REMOTESOURCE' type='coldfusion.sql.QueryTable'><field name='CONTENTID'></field><field name='EXIF'></field><field name='SITEID'></field><field name='REMOTEID'></field><field name='CONTENTHISTID'></field><field name='CAPTION'></field><field name='ALTTEXT'></field><field name='FILEID'></field><field name='REMOTESOURCEURL'></field><field name='REMOTEPUBDATE'></field><field name='CREDITS'></field><field name='REMOTEURL'></field><field name='METAID'></field><field name='REMOTESOURCE'></field></recordset></data></wddxPacket>
