<wddxPacket version='1.0'><header/><data><recordset rowCount='4' fieldNames='FEEDID,SITEID,PARENTID,NAME,ISACTIVE,ISPUBLIC,ISDEFAULT,ISFEATURESONLY,DESCRIPTION,MAXITEMS,ALLOWHTML,LANG,LASTUPDATEBY,LASTUPDATE,DATECREATED,RESTRICTED,RESTRICTGROUPS,VERSION,CHANNELLINK,TYPE,SORTBY,SORTDIRECTION,NEXTN,DISPLAYNAME,DISPLAYRATINGS,DISPLAYCOMMENTS,ALTNAME,REMOTEID,REMOTESOURCEURL,REMOTEPUBDATE,IMAGESIZE,IMAGEHEIGHT,IMAGEWIDTH,DISPLAYLIST,SHOWNAVONLY,SHOWEXCLUDESEARCH,VIEWALLLINK,VIEWALLLABEL,CSSCLASS,AUTOIMPORT,ISLOCKED,USECATEGORYINTERSECT' type='coldfusion.sql.QueryTable'><field name='FEEDID'><string>4471DD2F-DC5F-4C3A-8718D6C14B6C6B0D</string><string>6E996570-0AA8-40CF-A0D1120D631780D1</string><string>6EFC75F9-5D70-4691-8F754FBDA241F78C</string><string>D1D6668F-20BD-4DB5-9114601A6A95C818</string></field><field name='SITEID'><string>dev</string><string>dev</string><string>dev</string><string>dev</string></field><field name='PARENTID'><null/><null/><null/><null/></field><field name='NAME'><string>From Our Blog</string><string>Mura Blog</string><string>Slideshow</string><string>Upcoming Events</string></field><field name='ISACTIVE'><number>1.0</number><number>1.0</number><number>1.0</number><number>1.0</number></field><field name='ISPUBLIC'><number>0.0</number><number>1.0</number><number>0.0</number><number>0.0</number></field><field name='ISDEFAULT'><number>0.0</number><number>0.0</number><number>0.0</number><number>0.0</number></field><field name='ISFEATURESONLY'><number>0.0</number><number>0.0</number><number>0.0</number><number>0.0</number></field><field name='DESCRIPTION'><null/><null/><null/><null/></field><field name='MAXITEMS'><number>3.0</number><number>4.0</number><number>4.0</number><number>20.0</number></field><field name='ALLOWHTML'><number>1.0</number><number>1.0</number><number>1.0</number><number>1.0</number></field><field name='LANG'><string>en-us</string><string>en-us</string><string>en-us</string><string>en-us</string></field><field name='LASTUPDATEBY'><string>Steve Withington</string><string>Steve Withington</string><string>Steve Withington</string><string>Steve Withington</string></field><field name='LASTUPDATE'><dateTime>2012-11-27T15:57:30-08:00</dateTime><dateTime>2010-12-13T19:49:29-08:00</dateTime><dateTime>2011-11-10T13:13:52-08:00</dateTime><dateTime>2012-11-27T13:14:08-08:00</dateTime></field><field name='DATECREATED'><dateTime>2012-11-27T15:57:30-08:00</dateTime><dateTime>2010-12-13T19:49:29-08:00</dateTime><dateTime>2011-11-10T13:13:52-08:00</dateTime><dateTime>2012-11-27T13:14:08-08:00</dateTime></field><field name='RESTRICTED'><number>0.0</number><number>0.0</number><number>0.0</number><number>0.0</number></field><field name='RESTRICTGROUPS'><null/><null/><null/><null/></field><field name='VERSION'><string>RSS 2.0</string><string>RSS 2.0</string><string>RSS 2.0</string><string>RSS 2.0</string></field><field name='CHANNELLINK'><null/><string>http://www.getmura.com/tasks/feed/?feedID=AA4D3AF9-C9BA-D852-C5F762EF7FF3F2DF</string><null/><null/></field><field name='TYPE'><string>Local</string><string>Remote</string><string>Local</string><string>Local</string></field><field name='SORTBY'><string>releaseDate</string><string>lastUpdate</string><string>releaseDate</string><string>displayStart</string></field><field name='SORTDIRECTION'><string>desc</string><string>desc</string><string>desc</string><string>asc</string></field><field name='NEXTN'><number>20.0</number><number>20.0</number><number>4.0</number><number>20.0</number></field><field name='DISPLAYNAME'><number>0.0</number><number>0.0</number><number>0.0</number><number>0.0</number></field><field name='DISPLAYRATINGS'><number>0.0</number><number>0.0</number><number>0.0</number><number>0.0</number></field><field name='DISPLAYCOMMENTS'><number>0.0</number><number>0.0</number><number>0.0</number><number>0.0</number></field><field name='ALTNAME'><null/><null/><null/><null/></field><field name='REMOTEID'><null/><null/><null/><null/></field><field name='REMOTESOURCEURL'><null/><null/><null/><null/></field><field name='REMOTEPUBDATE'><null/><null/><null/><null/></field><field name='IMAGESIZE'><string>small</string><string>small</string><string>small</string><string>small</string></field><field name='IMAGEHEIGHT'><string>AUTO</string><string>AUTO</string><string>AUTO</string><string>AUTO</string></field><field name='IMAGEWIDTH'><string>AUTO</string><string>AUTO</string><string>AUTO</string><string>AUTO</string></field><field name='DISPLAYLIST'><string>Date,Title,Image,Summary,Tags</string><string>Date,Title,Image,Summary,Credits,Tags</string><string>Date,Title,Image,Summary,Credits,Tags</string><string>Date,Title,Image,Summary,Credits,Tags</string></field><field name='SHOWNAVONLY'><number>1.0</number><number>0.0</number><number>1.0</number><number>1.0</number></field><field name='SHOWEXCLUDESEARCH'><number>0.0</number><number>0.0</number><number>0.0</number><number>0.0</number></field><field name='VIEWALLLINK'><null/><null/><null/><null/></field><field name='VIEWALLLABEL'><null/><null/><null/><null/></field><field name='CSSCLASS'><null/><null/><null/><null/></field><field name='AUTOIMPORT'><number>0.0</number><number>0.0</number><number>0.0</number><number>0.0</number></field><field name='ISLOCKED'><number>0.0</number><number>0.0</number><number>1.0</number><number>0.0</number></field><field name='USECATEGORYINTERSECT'><null/><null/><null/><null/></field></recordset></data></wddxPacket>
