<wddxPacket version='1.0'><header/><data><recordset rowCount='3' fieldNames='PARAMID,FEEDID,PARAM,RELATIONSHIP,FIELD,CONDITION,CRITERIA,DATATYPE' type='coldfusion.sql.QueryTable'><field name='PARAMID'><string>313A3BB8-F716-4880-A30F2AED0CBAAD8B</string><string>88638B20-F7F5-43D2-BCAB6D19F044E7CC</string><string>9458E88A-326A-446D-9A71C7C9A0BAB21D</string></field><field name='FEEDID'><string>6EFC75F9-5D70-4691-8F754FBDA241F78C</string><string>D1D6668F-20BD-4DB5-9114601A6A95C818</string><string>4471DD2F-DC5F-4C3A-8718D6C14B6C6B0D</string></field><field name='PARAM'><number>1.0</number><number>1.0</number><number>1.0</number></field><field name='RELATIONSHIP'><string>and</string><string>and</string><string>and</string></field><field name='FIELD'><null/><string>tcontent.displayStart</string><null/></field><field name='CONDITION'><string>Equals</string><string>GTE</string><string>Equals</string></field><field name='CRITERIA'><null/><string>[mura]now()[/mura]</string><null/></field><field name='DATATYPE'><null/><string>timestamp</string><null/></field></recordset></data></wddxPacket>
