<wddxPacket version='1.0'><header/><data><recordset rowCount='6' fieldNames='CONTENTHISTID,RELATEDID,CONTENTID,SITEID,RELATEDCONTENTSETID,ORDERNO,RELATEDCONTENTID' type='coldfusion.sql.QueryTable'><field name='CONTENTHISTID'><string>88369F16-2101-4145-B50E01EC8756A05D</string><string>88369F16-2101-4145-B50E01EC8756A05D</string><string>88369F16-2101-4145-B50E01EC8756A05D</string><string>88369F16-2101-4145-B50E01EC8756A05D</string><string>F3A4C863-35D0-4509-9A20E0A115EF2321</string><string>53A69193-F8A1-40C4-80E764C3239442A9</string></field><field name='RELATEDID'><string>2969EFC7-B170-4C96-8237606B851CF437</string><string>A5292649-8A89-44DE-8295F535DB2CAB80</string><string>8EA06402-3589-4F72-AA66A2CE224EA74F</string><string>92018CC8-3AA2-48B8-8DAADFEBD673051E</string><string>66D27DBA-B6D9-4632-876184F65C5608DB</string><string>00000000000000000000000000000000001</string></field><field name='CONTENTID'><string>96C5AB03-DD09-449A-AFF2EC73700DDDE7</string><string>96C5AB03-DD09-449A-AFF2EC73700DDDE7</string><string>96C5AB03-DD09-449A-AFF2EC73700DDDE7</string><string>96C5AB03-DD09-449A-AFF2EC73700DDDE7</string><string>1582AA92-9CBF-4219-A4A6F00B72CADF38</string><string>38578A60-D38E-40F4-A64CC3EFDDABF525</string></field><field name='SITEID'><string>dev</string><string>dev</string><string>dev</string><string>dev</string><string>dev</string><string>dev</string></field><field name='RELATEDCONTENTSETID'><string>00000000000000000000000000000000000</string><string>00000000000000000000000000000000000</string><string>00000000000000000000000000000000000</string><string>00000000000000000000000000000000000</string><string>00000000000000000000000000000000000</string><string>00000000000000000000000000000000000</string></field><field name='ORDERNO'><number>1.0</number><number>3.0</number><number>4.0</number><number>5.0</number><number>1.0</number><number>1.0</number></field><field name='RELATEDCONTENTID'><number>1.0</number><number>2.0</number><number>3.0</number><number>4.0</number><number>5.0</number><number>6.0</number></field></recordset></data></wddxPacket>
