<wddxPacket version='1.0'><header/><data><recordset rowCount='39' fieldNames='CONTENTHISTID,OBJECTID,OBJECT,CONTENTID,NAME,ORDERNO,SITEID,COLUMNID,PARAMS' type='coldfusion.sql.QueryTable'><field name='CONTENTHISTID'><string>08B854DA-9226-4E5F-93990748EABF2127</string><string>272E685F-3181-4976-B89D770B7EF790B4</string><string>272E685F-3181-4976-B89D770B7EF790B4</string><string>39F44C3A-3E08-4551-BBF63CE13D1D6CB3</string><string>4238EAC0-0E99-4B3A-8A659AB628850AA5</string><string>468082E3-B8D9-4E7D-8A25176A969A4732</string><string>514302E6-76A2-4125-A90E393B2D540B7C</string><string>53A69193-F8A1-40C4-80E764C3239442A9</string><string>53A69193-F8A1-40C4-80E764C3239442A9</string><string>53A84ED9-684E-49A6-ADEC66FD4B9DC52C</string><string>6B38092E-3E91-4CB2-96860961E1837939</string><string>75C7C417-E1A7-4FA3-808DB77528591D60</string><string>7962282A-8912-4537-AF62E4A9E20A67CD</string><string>7BD21B8A-F31A-494E-86B0B33C7FEAC6B2</string><string>84E364A6-D157-4B26-9910CC1BC503BE3C</string><string>88369F16-2101-4145-B50E01EC8756A05D</string><string>9156C18E-F99A-4664-BDC6A30A937E43AB</string><string>920081CC-5B13-49D6-8AB2E3CED5A59959</string><string>BA881541-5222-4AF1-93F58754C035FBC7</string><string>BA881541-5222-4AF1-93F58754C035FBC7</string><string>BA881541-5222-4AF1-93F58754C035FBC7</string><string>BA881541-5222-4AF1-93F58754C035FBC7</string><string>BA881541-5222-4AF1-93F58754C035FBC7</string><string>CB3B2448-5E0B-49C1-85AAEFF380740B15</string><string>CBC65D14-2713-4909-8132C98B3E8D9277</string><string>CC7F4C42-8C13-4867-83AC38E2D58A3E7D</string><string>CC7F4C42-8C13-4867-83AC38E2D58A3E7D</string><string>CC7F4C42-8C13-4867-83AC38E2D58A3E7D</string><string>CC7F4C42-8C13-4867-83AC38E2D58A3E7D</string><string>CE859D41-47AF-4751-90A9AC9D1AE2D483</string><string>D0337180-C042-4E48-A9CBECFF77CDD673</string><string>D2313BCA-9D91-42CD-A49BCB3D1BF84902</string><string>D4078CE7-3D87-4D95-BAB9D59B62581DE9</string><string>D4078CE7-3D87-4D95-BAB9D59B62581DE9</string><string>D50CB614-DB4E-4779-A4D63DE3E81E034F</string><string>DAF5BF70-4AC1-4092-BAC7C85A660C9F0B</string><string>DD6DA3EC-8FC8-47CE-BA5B68C710BE760A</string><string>DD6DA3EC-8FC8-47CE-BA5B68C710BE760A</string><string>E3A6CA71-B56B-45C0-89B0F54876C2D369</string></field><field name='OBJECTID'><string>6113DB7E-9028-4896-86C721CAC97CA366</string><string>CC35F424-D5A3-48EF-9FB74D3628160C48</string><string>D6A46EBB-64F0-4E3B-95F41A1016593211</string><string>D1D6668F-20BD-4DB5-9114601A6A95C818</string><string>156F83A3-ED74-49A6-B8B42F5073501B09</string><string>A07751D2-B92F-4541-8FC0223136E4BBD7</string><string>1B50DF49-D95A-4CBB-82374B32BC479F4D</string><string>6E996570-0AA8-40CF-A0D1120D631780D1</string><string>96BE2AB0-F9EC-46AF-87CA213A3D694687</string><string>D28553C9-6403-4A83-B527A09136BFD3AF</string><string>B15E4A23-28C6-4CDB-9ABFC1C8224B0DD6</string><string>F5984862-03C8-4208-A571E1008B2F5D6A</string><string>6CA7E832-BBAA-4CEE-A30697FB26E284E1</string><string>0619529C-06D2-49F5-8B86B9F19CB77562</string><string>2423EEB5-BF1C-471B-973736E9C09E2034</string><string>ED896FC8-CA7A-451C-B00E4A2BA9DAEB1A</string><string>FED761ED-DFB9-4480-9546E41A142FBCAA</string><string>52C9B379-A114-49CB-AA17EC7A21045A5E</string><string>74CD196C-1597-408B-8480072312F9A3BD</string><string>B1670178-FECB-42AF-B3CCA57DCA4F03AE</string><string>DCA90A53-91A9-4FBB-AFD9996278315860</string><string>DCA90A53-91A9-4FBB-AFD9996278315860</string><string>DCA90A53-91A9-4FBB-AFD9996278315860</string><string>8BBFE132-8673-438F-86C5416AE3051617</string><string>ABB94CA5-5F79-423C-A3A5C599FEF8E063</string><string>0C6CE3F6-7D8F-4795-AAA9CC739C619D1D</string><string>0C6CE3F6-7D8F-4795-AAA9CC739C619D1D</string><string>5FAB3D73-5CC5-4D19-9041A5DF78C8474E</string><string>74CD196C-1597-408B-8480072312F9A3BD</string><string>5B016F9C-F3E5-4159-A874972AA959F982</string><string>6DFA75E1-EBF4-40EC-8B46696455A2C0D9</string><string>F582DC64-16EE-4EB7-A1F084EA6A01BA86</string><string>4BD1577B-5B73-41F8-BB9E7A0A2938C707</string><string>626D56B9-7C2A-49CB-885C2B3CE0A7C3C0</string><string>0A638762-BEB4-4E29-895FC8E5CE3305B4</string><string>F58C15FF-83FC-4C77-BA0B1B87D55B784F</string><string>4471DD2F-DC5F-4C3A-8718D6C14B6C6B0D</string><string>D1D6668F-20BD-4DB5-9114601A6A95C818</string><string>D31B7CB5-6597-4FFD-86F894F1AA198940</string></field><field name='OBJECT'><string>dragable_feeds</string><string>Component</string><string>form</string><string>feed</string><string>folder_nav</string><string>site_map</string><string>standard_nav</string><string>feed</string><string>standard_nav</string><string>standard_nav</string><string>site_map</string><string>event_reminder_form</string><string>favorites</string><string>tag_cloud</string><string>peer_nav</string><string>related_content</string><string>rater</string><string>sub_nav</string><string>comments</string><string>rater</string><string>archive_nav</string><string>calendar_nav</string><string>category_summary</string><string>standard_nav</string><string>comments</string><string>archive_nav</string><string>calendar_nav</string><string>tag_cloud</string><string>comments</string><string>mailing_list_master</string><string>mailing_list</string><string>multilevel_nav</string><string>standard_nav</string><string>user_tools</string><string>user_tools</string><string>site_map</string><string>feed</string><string>feed</string><string>seq_nav</string></field><field name='CONTENTID'><string>3B1B1765-16BC-4255-BB4A1F85AA456D72</string><string>D0F32108-516F-4D8C-86E5C49B2C2A2454</string><string>D0F32108-516F-4D8C-86E5C49B2C2A2454</string><string>B1FB26DC-B63A-4042-ABFA3CD7351E684C</string><string>1F3DEF22-67DD-41A5-A575D5316ADB92F6</string><string>A5292649-8A89-44DE-8295F535DB2CAB80</string><string>673EDD9D-87F1-4215-B8F8081D07F0AA23</string><string>38578A60-D38E-40F4-A64CC3EFDDABF525</string><string>38578A60-D38E-40F4-A64CC3EFDDABF525</string><string>3D1ED37C-D59C-4DBD-A1578DB08DD85F73</string><string>04AEE6CC-5A7D-440D-BB032AD298F232E5</string><string>29B38851-0B52-4E42-9A30A1854C1A5916</string><string>8EA06402-3589-4F72-AA66A2CE224EA74F</string><string>B1D842FB-DA31-42F7-BA0D08DBE00F84F2</string><string>DF6AA84A-6E9B-473B-8EDF72C58DA60B14</string><string>96C5AB03-DD09-449A-AFF2EC73700DDDE7</string><string>C518935C-99B4-4418-90A7D98B32318EF6</string><string>F7551EA4-4CDE-4BF1-AE3A69F9EDD015EE</string><string>DCA90A53-91A9-4FBB-AFD9996278315860</string><string>DCA90A53-91A9-4FBB-AFD9996278315860</string><string>DCA90A53-91A9-4FBB-AFD9996278315860</string><string>DCA90A53-91A9-4FBB-AFD9996278315860</string><string>DCA90A53-91A9-4FBB-AFD9996278315860</string><string>2C163384-9982-4D1D-95CB78C15E3BF3C6</string><string>2969EFC7-B170-4C96-8237606B851CF437</string><string>0C6CE3F6-7D8F-4795-AAA9CC739C619D1D</string><string>0C6CE3F6-7D8F-4795-AAA9CC739C619D1D</string><string>0C6CE3F6-7D8F-4795-AAA9CC739C619D1D</string><string>0C6CE3F6-7D8F-4795-AAA9CC739C619D1D</string><string>EF1E4447-5F95-4FD6-88E569B485BF5720</string><string>626D3FF3-D11F-4C7D-AAB0F900A6F48B85</string><string>C1C58CDC-FF79-4AF1-AA7EA0AB552FB43A</string><string>ED617101-7975-405D-915EBE22170B519D</string><string>ED617101-7975-405D-915EBE22170B519D</string><string>92018CC8-3AA2-48B8-8DAADFEBD673051E</string><string>6EE8F75A-D615-416D-A88CF422A9227D72</string><string>00000000000000000000000000000000001</string><string>00000000000000000000000000000000001</string><string>ED6242B5-ADBF-4C26-BEF9A3F5311DB140</string></field><field name='NAME'><string>Dragable Feeds</string><string>Component - Contact Details</string><string>Data Collector - Information Request Form</string><string>Upcoming Events - Local Index</string><string>Folder Navigation</string><string>Site Map</string><string>Standard Navigation</string><string>Mura Blog - Remote Feed</string><string>Standard Navigation</string><string>Standard Navigation</string><string>Site Map</string><string>Event Reminder Form</string><string>User Favorites</string><string>Tag Group</string><string>Peer Navigation</string><string>Related Content</string><string>Content Rater</string><string>Sub Navigation</string><string>Accept Comments</string><string>Content Rater</string><string>Home &gt; News  - Archive Navigation</string><string>Home  &gt;News - Calendar Navigation</string><string>News - Category Summary</string><string>Standard Navigation</string><string>Accept Comments</string><string>Home &gt; Blog  - Archive Navigation</string><string>Home  &gt;Blog - Calendar Navigation</string><string>Tag Cloud</string><string>Accept Comments</string><string>Master Mailing List Sign Up Form</string><string>Mailing List - Sign Up for Our Mailing List</string><string>Multi-Level Navigation</string><string>Standard Navigation</string><string>User Tools</string><string>User Tools</string><string>Site Map</string><string>From Our Blog - Local Index</string><string>Upcoming Events - Local Index</string><string>Sequential Nav</string></field><field name='ORDERNO'><number>1.0</number><number>1.0</number><number>1.0</number><number>1.0</number><number>1.0</number><number>1.0</number><number>1.0</number><number>1.0</number><number>1.0</number><number>1.0</number><number>1.0</number><number>1.0</number><number>1.0</number><number>1.0</number><number>1.0</number><number>1.0</number><number>1.0</number><number>1.0</number><number>1.0</number><number>1.0</number><number>3.0</number><number>4.0</number><number>2.0</number><number>1.0</number><number>1.0</number><number>2.0</number><number>3.0</number><number>1.0</number><number>1.0</number><number>1.0</number><number>1.0</number><number>1.0</number><number>1.0</number><number>2.0</number><number>1.0</number><number>1.0</number><number>1.0</number><number>2.0</number><number>1.0</number></field><field name='SITEID'><string>dev</string><string>dev</string><string>dev</string><string>dev</string><string>dev</string><string>dev</string><string>dev</string><string>dev</string><string>dev</string><string>dev</string><string>dev</string><string>dev</string><string>dev</string><string>dev</string><string>dev</string><string>dev</string><string>dev</string><string>dev</string><string>dev</string><string>dev</string><string>dev</string><string>dev</string><string>dev</string><string>dev</string><string>dev</string><string>dev</string><string>dev</string><string>dev</string><string>dev</string><string>dev</string><string>dev</string><string>dev</string><string>dev</string><string>dev</string><string>dev</string><string>dev</string><string>dev</string><string>dev</string><string>dev</string></field><field name='COLUMNID'><number>2.0</number><number>3.0</number><number>2.0</number><number>3.0</number><number>1.0</number><number>2.0</number><number>1.0</number><number>3.0</number><number>1.0</number><number>1.0</number><number>2.0</number><number>2.0</number><number>2.0</number><number>2.0</number><number>1.0</number><number>2.0</number><number>2.0</number><number>1.0</number><number>2.0</number><number>3.0</number><number>3.0</number><number>3.0</number><number>3.0</number><number>1.0</number><number>2.0</number><number>3.0</number><number>3.0</number><number>3.0</number><number>2.0</number><number>2.0</number><number>2.0</number><number>1.0</number><number>1.0</number><number>1.0</number><number>2.0</number><number>2.0</number><number>3.0</number><number>3.0</number><number>2.0</number></field><field name='PARAMS'><null/><null/><null/><string>{"imageSize":"small","imageWidth":"AUTO","imageHeight":"AUTO","displayName":"1","altName":"","cssclass":"","viewalllink":"","viewalllabel":"","maxItems":"3","nextN":"20","displayList":"Date,Title,Image,Summary,Credits,Tags"}</string><null/><null/><null/><string>{"displaySummaries":"0","viewalllink":"","viewalllabel":""}</string><null/><null/><null/><null/><null/><string>{"taggroup":""}</string><null/><string>{"relatedContentSetName":"","imageWidth":"AUTO","imageHeight":"AUTO","displayList":"Title"}</string><null/><null/><null/><null/><null/><null/><string>{"displayRSS":"0"}</string><null/><null/><null/><null/><null/><null/><null/><null/><null/><null/><null/><null/><null/><string>{"imageSize":"small","imageWidth":"AUTO","imageHeight":"AUTO","displayName":"1","altName":"","cssclass":"","viewalllink":"","viewalllabel":"","maxItems":"1","nextN":"1","displayList":"Title,Date,Summary,Credits"}</string><string>{"imageSize":"small","imageWidth":"AUTO","imageHeight":"AUTO","displayName":"1","altName":"","cssclass":"","viewalllink":"","viewalllabel":"","maxItems":"2","nextN":"20","displayList":"Date,Title,Summary"}</string><null/></field></recordset></data></wddxPacket>
