<wddxPacket version='1.0'><header/><data><recordset rowCount='5' fieldNames='SITEID,CONTENTID,FILENAME,ARCHIVEID' type='coldfusion.sql.QueryTable'><field name='SITEID'><string>dev</string><string>dev</string><string>dev</string><string>dev</string><string>dev</string></field><field name='CONTENTID'><string>1C8426E6-BE89-5B83-0BE6E34C82AFD7A5</string><string>1C867C6F-03B2-E065-C198011C99649D06</string><string>46A3BA80-BB57-5E3C-51A5AEC0B2784587</string><string>7C9C2414-07F2-3563-56277C4DDD150E81</string><string>CAFD5AA4-C9E9-A571-194EB8B91F0E0D2E</string></field><field name='FILENAME'><string>something-else</string><string>another-someting</string><string>something</string><string>events</string><string>test-file</string></field><field name='ARCHIVEID'><string>1C85E120-F6E2-ACA6-3DE491ED728A8320</string><string>1C882A0B-F311-61DA-309A8AEAE2F8C083</string><string>46A4C716-EB2A-B022-1B6111ED6EE877B3</string><string>7CA00355-9BB4-A420-1DB06D63035C15D1</string><string>CAFF92EF-DE88-9318-0A9DB4E52A11B219</string></field></recordset></data></wddxPacket>
