<wddxPacket version='1.0'><header/><data><recordset rowCount='12' fieldNames='FILEID,CONTENTID,SITEID,MODULEID,FILENAME,IMAGE,IMAGESMALL,IMAGEMEDIUM,FILESIZE,CONTENTTYPE,CONTENTSUBTYPE,FILEEXT,CREATED,DELETED,CAPTION,CREDITS,ALTTEXT,REMOTEID,REMOTEURL,REMOTEPUBDATE,REMOTESOURCE,REMOTESOURCEURL,EXIF' type='coldfusion.sql.QueryTable'><field name='FILEID'><string>1015569B-89CA-4104-89349594F7783BBF</string><string>1B04F025-612F-4F3B-93980E02D9ECF990</string><string>2BA26CF3-3F13-40D1-855CD6B5FFABCD75</string><string>36F4F1C6-CB2D-486A-A0E4CE48FEB83360</string><string>4B3C4B7E-4765-4132-BB4FADB307B7DE87</string><string>8B3CA342-7662-4557-9C2A7F9C2EC105C7</string><string>9D7E8BD3-1AA8-4334-8F988B2EC8D33A7E</string><string>BD722314-091D-4DB7-ADC24EB0363FCB33</string><string>D6770256-EA1B-43C0-85318A1A8FF91B09</string><string>E0489634-CB60-458A-9AB2165FC4F48EC2</string><string>FB8FA646-E715-4A36-BD8975F1ED55BCC1</string><string>FCFBB487-AB2F-4293-91D7656358C3823B</string></field><field name='CONTENTID'><string>B7D73A59-3760-408E-9C024BA921CD8345</string><string>AA1D688F-B1D8-4C70-B93060A594EC574E</string><string>5291A6DB-26BE-4703-BB55A58FBC782A19</string><string>507D6654-99D1-4E87-B7B46B5717E18287</string><string>A4D2BF11-87CB-4BEC-A844AB4E68C68F30</string><string>6F94CB67-D864-4C73-967A693D883A7648</string><string>AF1C8521-BFDE-4EE5-B06E19B8899EC373</string><string>5E0BFBA6-3276-421F-9A8BC3ADF0A839AC</string><string>37333F47-BAA7-458A-AF1AE26E4787371A</string><string>BFCF9C39-27A3-441A-A851E1603DCAAB66</string><string>72E439F9-5E6A-4C81-9F3433A7A2E81C9E</string><string>FC332AB4-7E74-45EF-9CCBEAC47CDBD104</string></field><field name='SITEID'><string>theme-murabootstrap3</string><string>theme-murabootstrap3</string><string>theme-murabootstrap3</string><string>theme-murabootstrap3</string><string>theme-murabootstrap3</string><string>theme-murabootstrap3</string><string>theme-murabootstrap3</string><string>theme-murabootstrap3</string><string>theme-murabootstrap3</string><string>theme-murabootstrap3</string><string>theme-murabootstrap3</string><string>theme-murabootstrap3</string></field><field name='MODULEID'><string>00000000000000000000000000000000000</string><string>00000000000000000000000000000000000</string><string>00000000000000000000000000000000000</string><string>00000000000000000000000000000000000</string><string>00000000000000000000000000000000000</string><string>00000000000000000000000000000000000</string><string>00000000000000000000000000000000000</string><string>00000000000000000000000000000000000</string><string>00000000000000000000000000000000000</string><string>00000000000000000000000000000000000</string><string>00000000000000000000000000000000000</string><string>00000000000000000000000000000000000</string></field><field name='FILENAME'><string>30BA5898-1490-4C2E-99A7634A7A9DCDC2_source.jpg</string><string>5F93A4B4-7E64-440F-9604D2BAF365864B_source.jpg</string><string>62A8772C-9CE4-4128-84F5CB790A079761_source.jpg</string><string>sample-annual-report.pdf</string><string>A311A76D-F2D9-463D-A26655599CF16982_source.jpg</string><string>C97D5C19-7965-49DC-AA47DEF85C7BDF07_source.jpg</string><string>61DFDEB1-45D8-4645-938727BD03E382B0_source.jpg</string><string>6FE5203B-DAB0-41B5-BE1E8E6E9F7ED965_source.jpeg</string><string>3FD8FA3B-57C5-4202-B9F03C776E8DD778_source.jpg</string><string>28A5C6D3-A318-4A18-B80ED3277FD0439E_source.jpg</string><string>955A12E0-9E5E-48BA-922600A519E7A314_source.jpg</string><string>703E9D29-C979-4416-9E31D111AD5FED93_source.jpg</string></field><field name='IMAGE'><null/><null/><null/><null/><null/><null/><null/><null/><null/><null/><null/><null/></field><field name='IMAGESMALL'><null/><null/><null/><null/><null/><null/><null/><null/><null/><null/><null/><null/></field><field name='IMAGEMEDIUM'><null/><null/><null/><null/><null/><null/><null/><null/><null/><null/><null/><null/></field><field name='FILESIZE'><number>3791376.0</number><number>4597525.0</number><number>4090658.0</number><number>20318.0</number><number>473493.0</number><number>506108.0</number><number>4245010.0</number><number>3604232.0</number><number>456354.0</number><number>777056.0</number><number>1071255.0</number><number>618361.0</number></field><field name='CONTENTTYPE'><string>image</string><string>image</string><string>image</string><string>application</string><string>image</string><string>image</string><string>image</string><string>image</string><string>image</string><string>image</string><string>image</string><string>image</string></field><field name='CONTENTSUBTYPE'><string>jpeg</string><string>jpeg</string><string>jpeg</string><string>pdf</string><string>jpeg</string><string>jpeg</string><string>jpeg</string><string>jpeg</string><string>jpeg</string><string>jpeg</string><string>jpeg</string><string>jpeg</string></field><field name='FILEEXT'><string>jpg</string><string>jpg</string><string>jpg</string><string>pdf</string><string>jpg</string><string>jpg</string><string>jpg</string><string>jpeg</string><string>jpg</string><string>jpg</string><string>jpg</string><string>jpg</string></field><field name='CREATED'><dateTime>2013-09-25T16:54:05-06:00</dateTime><dateTime>2013-09-25T16:58:32-06:00</dateTime><dateTime>2013-09-25T16:55:17-06:00</dateTime><dateTime>2012-11-27T15:22:32-06:00</dateTime><dateTime>2013-09-25T17:48:37-06:00</dateTime><dateTime>2013-09-25T17:26:34-06:00</dateTime><dateTime>2013-09-25T16:51:50-06:00</dateTime><dateTime>2013-09-25T17:42:25-06:00</dateTime><dateTime>2013-09-25T17:49:16-06:00</dateTime><dateTime>2013-09-25T17:25:33-06:00</dateTime><dateTime>2013-09-25T17:44:28-06:00</dateTime><dateTime>2013-09-25T17:01:39-06:00</dateTime></field><field name='DELETED'><null/><null/><null/><null/><null/><null/><null/><null/><null/><null/><null/><null/></field><field name='CAPTION'><null/><null/><null/><null/><string>&lt;p&gt;Lorem ipsum dolor sit amet, consectetur adipiscing elit. Praesent suscipit iaculis libero sed tristique. Quisque mollis dolor non tellus placerat vitae sodales lectus porta. Curabitur ut suscipit tellus.&lt;/p&gt;</string><string>&lt;p&gt;Lorem ipsum dolor sit amet, consectetur adipiscing elit. Praesent suscipit iaculis libero sed tristique. Quisque mollis dolor non tellus placerat vitae sodales lectus porta. Curabitur ut suscipit tellus.&lt;/p&gt;</string><null/><string>&lt;p&gt;Lorem ipsum dolor sit amet, consectetur adipiscing elit. Praesent suscipit iaculis libero sed tristique. Quisque mollis dolor non tellus placerat vitae sodales lectus porta. Curabitur ut suscipit tellus.&lt;/p&gt;</string><string>&lt;p&gt;Lorem ipsum dolor sit amet, consectetur adipiscing elit. Praesent suscipit iaculis libero sed tristique. Quisque mollis dolor non tellus placerat vitae sodales lectus porta. Curabitur ut suscipit tellus.&lt;/p&gt;</string><string>&lt;p&gt;Lorem ipsum dolor sit amet, consectetur adipiscing elit. Praesent suscipit iaculis libero sed tristique. Quisque mollis dolor non tellus placerat vitae sodales lectus porta. Curabitur ut suscipit tellus.&lt;/p&gt;</string><string>&lt;p&gt;Lorem ipsum dolor sit amet, consectetur adipiscing elit. Praesent suscipit iaculis libero sed tristique. Quisque mollis dolor non tellus placerat vitae sodales lectus porta. Curabitur ut suscipit tellus.&lt;/p&gt;</string><string>&lt;p&gt;Lorem ipsum dolor sit amet, consectetur adipiscing elit. Praesent suscipit iaculis libero sed tristique. Quisque mollis dolor non tellus placerat vitae sodales lectus porta. Curabitur ut suscipit tellus.&lt;/p&gt;</string></field><field name='CREDITS'><null/><null/><null/><null/><null/><null/><null/><null/><null/><null/><null/><null/></field><field name='ALTTEXT'><null/><null/><null/><null/><null/><null/><null/><null/><null/><null/><null/><null/></field><field name='REMOTEID'><null/><null/><null/><null/><null/><null/><null/><null/><null/><null/><null/><null/></field><field name='REMOTEURL'><null/><null/><null/><null/><null/><null/><null/><null/><null/><null/><null/><null/></field><field name='REMOTEPUBDATE'><dateTime>2013-09-25T16:54:17-06:00</dateTime><dateTime>2013-09-25T16:58:46-06:00</dateTime><dateTime>2013-09-25T16:55:33-06:00</dateTime><null/><dateTime>2013-09-25T17:48:45-06:00</dateTime><dateTime>2013-09-25T17:26:42-06:00</dateTime><dateTime>2013-09-25T16:52:04-06:00</dateTime><dateTime>2013-09-25T17:42:41-06:00</dateTime><dateTime>2013-09-25T17:49:23-06:00</dateTime><dateTime>2013-09-25T17:25:40-06:00</dateTime><dateTime>2013-09-25T17:44:35-06:00</dateTime><dateTime>2013-09-25T17:01:48-06:00</dateTime></field><field name='REMOTESOURCE'><null/><null/><null/><null/><null/><null/><null/><null/><null/><null/><null/><null/></field><field name='REMOTESOURCEURL'><null/><null/><null/><null/><null/><null/><null/><null/><null/><null/><null/><null/></field><field name='EXIF'><null/><null/><null/><null/><null/><null/><null/><null/><null/><null/><null/><null/></field></recordset></data></wddxPacket>
