<wddxPacket version='1.0'><header/><data><recordset rowCount='3' fieldNames='FEEDID,ITEMID,TYPE' type='coldfusion.sql.QueryTable'><field name='FEEDID'><string>FF699343-B09B-4CBF-B7CC35E99226409A</string><string>73570874-A8CF-4AFD-B933FA9758061709</string><string>E233EB9D-D2C5-4BE7-8AD816FAD6F88DFB</string></field><field name='ITEMID'><string>8EDF5156-050A-436C-845F89945F3792C9</string><string>EF00F60B-9F68-4557-936DBD5D7A46F658</string><string>B94AFF13-53A1-420A-9FAA3111E1A0B525</string></field><field name='TYPE'><string>contentID</string><string>contentID</string><string>contentID</string></field></recordset></data></wddxPacket>
