<wddxPacket version='1.0'><header/><data><recordset rowCount='39' fieldNames='CONTENTHISTID,OBJECTID,OBJECT,CONTENTID,NAME,ORDERNO,SITEID,COLUMNID,PARAMS' type='coldfusion.sql.QueryTable'><field name='CONTENTHISTID'><string>0115C2FD-B65B-4FC1-A648A46D4F21867A</string><string>11F1A15F-1962-4FDC-BCBC1141B89A25FC</string><string>14BC44EE-60BE-41B7-89F0FC2E251F0753</string><string>14BC44EE-60BE-41B7-89F0FC2E251F0753</string><string>1AA9B6B6-916A-4180-9632EB1CC31E1A2F</string><string>1AA9B6B6-916A-4180-9632EB1CC31E1A2F</string><string>1AA9B6B6-916A-4180-9632EB1CC31E1A2F</string><string>1AA9B6B6-916A-4180-9632EB1CC31E1A2F</string><string>1F41E718-30C6-4B54-BD1398BF0A0383BB</string><string>2EEC13E1-10A7-4855-AC0738DAD7D97A52</string><string>2EEC13E1-10A7-4855-AC0738DAD7D97A52</string><string>2EEC13E1-10A7-4855-AC0738DAD7D97A52</string><string>2EEC13E1-10A7-4855-AC0738DAD7D97A52</string><string>2EEC13E1-10A7-4855-AC0738DAD7D97A52</string><string>30DFB46F-DD51-45A8-86F155113667E043</string><string>30F79C20-3856-496E-9CBEE4B29037C7C8</string><string>30F79C20-3856-496E-9CBEE4B29037C7C8</string><string>358475FB-7A39-4580-B74568301FD281E3</string><string>3D40D798-D4CF-4BE7-81061A7D7E250F3C</string><string>46FB1ED5-92A0-495D-AD8C8C85F6C547B7</string><string>49AF37D7-3291-4F63-94618FA2CBD4FEBE</string><string>681D8ED5-C36E-4B06-BFA220D8879F591D</string><string>722A67D9-FCD1-463C-B66C34EA112BB0BE</string><string>823BE8C4-0D0D-41A2-88EC318A354E0A9A</string><string>93F8CB00-8316-4CD4-A2597AEB6FE33804</string><string>9572CE0D-B2CB-4423-A44C3986B4873E45</string><string>9BAFE9C0-E63E-4ECC-AF821F4CA7F85C60</string><string>A9B11EA5-748F-4AE9-B417FB0C88D431B1</string><string>B743E9A7-0700-4976-BA9872C1A7DD72AC</string><string>BE580D15-6B29-42B0-90C352733F6DD416</string><string>BF7C7C6A-7A6A-4CC7-B42814B5CD03BA4D</string><string>BF7C7C6A-7A6A-4CC7-B42814B5CD03BA4D</string><string>CAB1C063-10FD-4D72-8D96897461642F22</string><string>DA4CBDA0-B680-4CC1-B6B862EFDFEABA47</string><string>EBC58D3E-DE92-4453-8626836B0DC345D4</string><string>F195E970-92E7-42E2-8C9164ADE744F5CB</string><string>F195E970-92E7-42E2-8C9164ADE744F5CB</string><string>F63DDEA9-DB74-4CE3-9DD9459FFB90AECE</string><string>FEA8D44B-5EED-46AF-A99D8C26810C0647</string></field><field name='OBJECTID'><string>7EEC8A9E-6C0E-430E-8E2FF3F9B504271A</string><string>E5B2F69D-A8F6-4052-A753E3329345B25F</string><string>275EE964-D2FA-49BC-A6C9BE1DE89282D3</string><string>35D88825-C45E-4152-B1E66776F36C36A7</string><string>7E648C87-5A9D-40B6-BA1A0F1650952F1E</string><string>9C7A1AB3-837E-411E-94DBB45D5C3368C2</string><string>EF00F60B-9F68-4557-936DBD5D7A46F658</string><string>EF00F60B-9F68-4557-936DBD5D7A46F658</string><string>A0854B11-3798-43B8-AEC0E85CF0DF545C</string><string>16D80A5C-4895-4ABD-BA3BE434CB68A9F7</string><string>7E648C87-5A9D-40B6-BA1A0F1650952F1E</string><string>B94AFF13-53A1-420A-9FAA3111E1A0B525</string><string>B94AFF13-53A1-420A-9FAA3111E1A0B525</string><string>B94AFF13-53A1-420A-9FAA3111E1A0B525</string><string>3F513FBB-DA0C-4F04-A8CBE210A14A2583</string><string>73570874-A8CF-4AFD-B933FA9758061709</string><string>FF699343-B09B-4CBF-B7CC35E99226409A</string><string>15C72B3B-5F1C-493F-ABC582ECC9372DBE</string><string>31D35380-1CC9-43F0-A339057D2F39A656</string><string>A6EC43AF-7118-41BD-911BB8C8156349BB</string><string>E8BBA908-B1DB-4D85-840E1FADF522F4E5</string><string>91793437-88C3-4739-AB045775575E5926</string><string>FF699343-B09B-4CBF-B7CC35E99226409A</string><string>66055AEB-8AAC-4EFC-99BB7B561780BE2E</string><string>87A89D2A-7CB5-40AD-B99C18DBA6EA83FB</string><string>B3D24CDE-7885-41DE-851C480B5270116D</string><string>5255E730-C8D3-4C75-BA13C0143039CF73</string><string>D9E3C6EE-9D2B-4D8F-8A05DAC415C20EFF</string><string>47766F9A-CFA2-4F00-8DC1A2F1403F0EA0</string><string>A464E5D2-B3E0-4865-89F0D41584BFEF07</string><string>5026D269-2941-4B69-AA2F5E08D54A1C75</string><string>C0BC59C7-1288-4FE9-A442F7C30750D93B</string><string>E69366A3-A03D-4B67-A4E01CD3257E8B29</string><string>3996E2DE-0A9C-4FD0-B65FAA52A1DFBB2B</string><string>0B252C6B-3E51-41DE-AD2F3D162345BB60</string><string>B46171D0-E0BB-47CC-9562222962E922DB</string><string>E83BDC89-F948-420E-84E52CA44DA66EAF</string><string>757B9737-ECC8-4DB5-BFB948F6FBE72B7D</string><string>60D1C031-6F07-46F8-B29A0D05A58E2151</string></field><field name='OBJECT'><string>multilevel_nav</string><string>site_map</string><string>user_tools</string><string>standard_nav</string><string>comments</string><string>tag_cloud</string><string>archive_nav</string><string>calendar_nav</string><string>rater</string><string>rater</string><string>comments</string><string>archive_nav</string><string>calendar_nav</string><string>category_summary</string><string>standard_nav</string><string>feed</string><string>feed</string><string>favorites</string><string>comments</string><string>mailing_list_master</string><string>site_map</string><string>seq_nav</string><string>feed</string><string>user_tools</string><string>sub_nav</string><string>tag_cloud</string><string>folder_nav</string><string>event_reminder_form</string><string>standard_nav</string><string>dragable_feeds</string><string>Component</string><string>form</string><string>standard_nav</string><string>related_content</string><string>peer_nav</string><string>standard_nav</string><string>feed</string><string>site_map</string><string>mailing_list</string></field><field name='CONTENTID'><string>9925C528-7059-4F77-A7263338373C0C02</string><string>54A34BBA-5735-4702-8D11FA7F0F7EC0D4</string><string>940AE6FE-4307-4288-9DD39EFB0D014155</string><string>940AE6FE-4307-4288-9DD39EFB0D014155</string><string>EF00F60B-9F68-4557-936DBD5D7A46F658</string><string>EF00F60B-9F68-4557-936DBD5D7A46F658</string><string>EF00F60B-9F68-4557-936DBD5D7A46F658</string><string>EF00F60B-9F68-4557-936DBD5D7A46F658</string><string>2CEA34F4-A544-43CE-A1BC55C74B8B4E23</string><string>B94AFF13-53A1-420A-9FAA3111E1A0B525</string><string>B94AFF13-53A1-420A-9FAA3111E1A0B525</string><string>B94AFF13-53A1-420A-9FAA3111E1A0B525</string><string>B94AFF13-53A1-420A-9FAA3111E1A0B525</string><string>B94AFF13-53A1-420A-9FAA3111E1A0B525</string><string>A12830DA-EBDE-4FB9-B668C473173C658D</string><string>00000000000000000000000000000000001</string><string>00000000000000000000000000000000001</string><string>FFD1CF17-E3C8-4A62-8A5519CD515A557F</string><string>BEE865DE-BF2F-42E4-86C581452053D143</string><string>F3F0639A-7307-49E4-9A0E952A67AD9488</string><string>75263455-B273-49B6-B50606DB04658A54</string><string>0E582E39-6B45-4544-A146AD8FCF3D6756</string><string>8EDF5156-050A-436C-845F89945F3792C9</string><string>07194952-3C1A-465C-97C232E34C5CF830</string><string>4F14224F-F036-41C8-90F24C2CC80A153E</string><string>2D860F17-42BB-4D66-8BBB91A1F91844A7</string><string>DC1DF425-E4F9-4C62-930064087F1FED90</string><string>9002C75F-0225-40DC-A0A21CFB71EBD20F</string><string>53BF2FF3-81A5-4325-950C98D86D1FA28A</string><string>9FBF9798-447D-4852-B63C34CD2147885C</string><string>03CE1D10-CB78-4862-834D7DEBB75698CD</string><string>03CE1D10-CB78-4862-834D7DEBB75698CD</string><string>C9B18DE4-19F5-4BBB-BC36245ACFA9DD97</string><string>7B462A68-3D34-4A72-A2BD1FDE7E3724A5</string><string>8F1DB542-0BCB-47C5-B6D4888CB798F862</string><string>BC133A04-348F-486D-A60C33A482CF9481</string><string>BC133A04-348F-486D-A60C33A482CF9481</string><string>BBB62387-1064-426F-91C8F93A0B8DFD72</string><string>E2C5BE39-0080-46BE-9D35FA8AA245C8EB</string></field><field name='NAME'><string>Multi-Level Navigation</string><string>Site Map</string><string>User Tools</string><string>Standard Navigation</string><string>Accept Comments</string><string>Tag Cloud</string><string>Home &gt; Blog  - Archive Navigation</string><string>Home  &gt;Blog - Calendar Navigation</string><string>Content Rater</string><string>Content Rater</string><string>Accept Comments</string><string>Home &gt; News  - Archive Navigation</string><string>Home  &gt;News - Calendar Navigation</string><string>News - Category Summary</string><string>Standard Navigation</string><string>From Our Blog - Local Index</string><string>Upcoming Events - Local Index</string><string>User Favorites</string><string>Accept Comments</string><string>Master Mailing List Sign Up Form</string><string>Site Map</string><string>Sequential Nav</string><string>Upcoming Events - Local Index</string><string>User Tools</string><string>Sub Navigation</string><string>Tag Group</string><string>Folder Navigation</string><string>Event Reminder Form</string><string>Standard Navigation</string><string>Dragable Feeds</string><string>Component - Contact Details</string><string>Data Collector - Information Request Form</string><string>Standard Navigation</string><string>Related Content</string><string>Peer Navigation</string><string>Standard Navigation</string><string>Mura Blog - Remote Feed</string><string>Site Map</string><string>Mailing List - Sign Up for Our Mailing List</string></field><field name='ORDERNO'><number>1.0</number><number>1.0</number><number>2.0</number><number>1.0</number><number>1.0</number><number>1.0</number><number>2.0</number><number>3.0</number><number>1.0</number><number>1.0</number><number>1.0</number><number>3.0</number><number>4.0</number><number>2.0</number><number>1.0</number><number>1.0</number><number>2.0</number><number>1.0</number><number>1.0</number><number>1.0</number><number>1.0</number><number>1.0</number><number>1.0</number><number>1.0</number><number>1.0</number><number>1.0</number><number>1.0</number><number>1.0</number><number>1.0</number><number>1.0</number><number>1.0</number><number>1.0</number><number>1.0</number><number>1.0</number><number>1.0</number><number>1.0</number><number>1.0</number><number>1.0</number><number>1.0</number></field><field name='SITEID'><string>theme-murabootstrap3</string><string>theme-murabootstrap3</string><string>theme-murabootstrap3</string><string>theme-murabootstrap3</string><string>theme-murabootstrap3</string><string>theme-murabootstrap3</string><string>theme-murabootstrap3</string><string>theme-murabootstrap3</string><string>theme-murabootstrap3</string><string>theme-murabootstrap3</string><string>theme-murabootstrap3</string><string>theme-murabootstrap3</string><string>theme-murabootstrap3</string><string>theme-murabootstrap3</string><string>theme-murabootstrap3</string><string>theme-murabootstrap3</string><string>theme-murabootstrap3</string><string>theme-murabootstrap3</string><string>theme-murabootstrap3</string><string>theme-murabootstrap3</string><string>theme-murabootstrap3</string><string>theme-murabootstrap3</string><string>theme-murabootstrap3</string><string>theme-murabootstrap3</string><string>theme-murabootstrap3</string><string>theme-murabootstrap3</string><string>theme-murabootstrap3</string><string>theme-murabootstrap3</string><string>theme-murabootstrap3</string><string>theme-murabootstrap3</string><string>theme-murabootstrap3</string><string>theme-murabootstrap3</string><string>theme-murabootstrap3</string><string>theme-murabootstrap3</string><string>theme-murabootstrap3</string><string>theme-murabootstrap3</string><string>theme-murabootstrap3</string><string>theme-murabootstrap3</string><string>theme-murabootstrap3</string></field><field name='COLUMNID'><number>1.0</number><number>2.0</number><number>1.0</number><number>1.0</number><number>2.0</number><number>3.0</number><number>3.0</number><number>3.0</number><number>2.0</number><number>3.0</number><number>2.0</number><number>3.0</number><number>3.0</number><number>3.0</number><number>1.0</number><number>3.0</number><number>3.0</number><number>2.0</number><number>2.0</number><number>2.0</number><number>2.0</number><number>2.0</number><number>3.0</number><number>2.0</number><number>1.0</number><number>2.0</number><number>1.0</number><number>2.0</number><number>1.0</number><number>2.0</number><number>3.0</number><number>2.0</number><number>1.0</number><number>2.0</number><number>1.0</number><number>1.0</number><number>3.0</number><number>2.0</number><number>2.0</number></field><field name='PARAMS'><null/><null/><null/><null/><null/><null/><null/><null/><null/><null/><null/><null/><null/><string>{"displayRSS":"0"}</string><null/><string>{"imageSize":"small","imageWidth":"AUTO","imageHeight":"AUTO","displayName":"1","altName":"","cssclass":"","viewalllink":"","viewalllabel":"","maxItems":"1","nextN":"1","displayList":"Title,Date,Summary,Credits"}</string><string>{"imageSize":"small","imageWidth":"AUTO","imageHeight":"AUTO","displayName":"1","altName":"","cssclass":"","viewalllink":"","viewalllabel":"","maxItems":"2","nextN":"20","displayList":"Date,Title,Summary"}</string><null/><null/><null/><null/><null/><string>{"imageSize":"small","imageWidth":"AUTO","imageHeight":"AUTO","displayName":"1","altName":"","cssclass":"","viewalllink":"","viewalllabel":"","maxItems":"3","nextN":"20","displayList":"Date,Title,Image,Summary,Credits,Tags"}</string><null/><null/><string>{"taggroup":""}</string><null/><null/><null/><null/><null/><null/><null/><string>{"relatedContentSetName":"","imageWidth":"AUTO","imageHeight":"AUTO","displayList":"Title"}</string><null/><null/><string>{"displaySummaries":"0","viewalllink":"","viewalllabel":""}</string><null/><null/></field></recordset></data></wddxPacket>
