<wddxPacket version='1.0'><header/><data><recordset rowCount='2' fieldNames='MLID,SITEID,NAME,DESCRIPTION,LASTUPDATE,ISPURGE,ISPUBLIC' type='coldfusion.sql.QueryTable'><field name='MLID'><string>789A063B-3D98-40A1-9E64E227D0F4CFCE</string><string>60D1C031-6F07-46F8-B29A0D05A58E2151</string></field><field name='SITEID'><string>theme-murabootstrap3</string><string>theme-murabootstrap3</string></field><field name='NAME'><string>Master Do Not Email List</string><string>Sign Up for Our Mailing List</string></field><field name='DESCRIPTION'><null/><null/></field><field name='LASTUPDATE'><dateTime>2010-12-10T12:55:48-06:00</dateTime><dateTime>2013-09-26T23:54:07-06:00</dateTime></field><field name='ISPURGE'><number>1.0</number><number>0.0</number></field><field name='ISPUBLIC'><number>1.0</number><number>1.0</number></field></recordset></data></wddxPacket>
