<wddxPacket version='1.0'><header/><data><recordset rowCount='7' fieldNames='CONTENTHISTID,CATEGORYID,CONTENTID,ISFEATURE,ORDERNO,SITEID,FEATURESTART,FEATURESTOP' type='coldfusion.sql.QueryTable'><field name='CONTENTHISTID'><string>0FEB7A35-F1FD-4A90-8DFF0F17C9F76E62</string><string>2AA9E0CF-E586-4E25-87A09E60FFB4B37E</string><string>517BEB6D-B077-4BA6-A2BE7FADDDCE7D5A</string><string>517BEB6D-B077-4BA6-A2BE7FADDDCE7D5A</string><string>D8FE3903-532F-4E1A-AEC189CB7E81BBC6</string><string>DA4C9C9A-415E-4019-BB8E985C1352F968</string><string>DA4C9C9A-415E-4019-BB8E985C1352F968</string></field><field name='CATEGORYID'><string>98F4BB24-3922-4DF7-A44954141D4C8102</string><string>E2C3AD8E-27C4-4B3C-A180F8B7DA85FD0F</string><string>90940BC2-B7DB-4145-83AA2DE6F224C54C</string><string>E2C3AD8E-27C4-4B3C-A180F8B7DA85FD0F</string><string>BD765B58-0A9D-4C22-98291B1D8857B077</string><string>CE5BC846-E64A-43DD-91DD97981C5C76AE</string><string>E2C3AD8E-27C4-4B3C-A180F8B7DA85FD0F</string></field><field name='CONTENTID'><string>32211F72-106B-4AA5-9E76FD344E1D0251</string><string>6F94CB67-D864-4C73-967A693D883A7648</string><string>FC332AB4-7E74-45EF-9CCBEAC47CDBD104</string><string>FC332AB4-7E74-45EF-9CCBEAC47CDBD104</string><string>8C2F6638-EA51-49E0-9E8A4F44FE81F928</string><string>BFCF9C39-27A3-441A-A851E1603DCAAB66</string><string>BFCF9C39-27A3-441A-A851E1603DCAAB66</string></field><field name='ISFEATURE'><number>0.0</number><number>0.0</number><number>0.0</number><number>0.0</number><number>0.0</number><number>0.0</number><number>0.0</number></field><field name='ORDERNO'><number>0.0</number><number>0.0</number><number>0.0</number><number>0.0</number><number>0.0</number><number>0.0</number><number>0.0</number></field><field name='SITEID'><string>theme-murabootstrap3</string><string>theme-murabootstrap3</string><string>theme-murabootstrap3</string><string>theme-murabootstrap3</string><string>theme-murabootstrap3</string><string>theme-murabootstrap3</string><string>theme-murabootstrap3</string></field><field name='FEATURESTART'><null/><null/><null/><null/><null/><null/><null/></field><field name='FEATURESTOP'><null/><null/><null/><null/><null/><null/><null/></field></recordset></data></wddxPacket>
