<wddxPacket version='1.0'><header/><data><recordset rowCount='13' fieldNames='CATEGORYID,SITEID,PARENTID,DATECREATED,LASTUPDATE,LASTUPDATEBY,NAME,NOTES,ISINTERESTGROUP,ISACTIVE,ISOPEN,SORTBY,SORTDIRECTION,RESTRICTGROUPS,PATH,REMOTEID,REMOTESOURCEURL,REMOTEPUBDATE,URLTITLE,FILENAME,ISFEATUREABLE' type='coldfusion.sql.QueryTable'><field name='CATEGORYID'><string>16AE243B-DD25-46F1-BC4068CD7FF061E7</string><string>3A841408-EB53-4454-A90A227AB26B9A88</string><string>64274FB4-8F49-4190-B980C89673F771D6</string><string>836D7346-AF47-429C-AA4A5F4BC8B531FC</string><string>8D8F6D1E-E8D1-48EE-AEBD01515D2FF4FF</string><string>90940BC2-B7DB-4145-83AA2DE6F224C54C</string><string>98F4BB24-3922-4DF7-A44954141D4C8102</string><string>ADE7FAAE-7F1F-4C9B-88C1486148DF5441</string><string>BD765B58-0A9D-4C22-98291B1D8857B077</string><string>CA12BC9B-A3C0-4A2E-95F57C80A6F9966A</string><string>CE5BC846-E64A-43DD-91DD97981C5C76AE</string><string>D7BA0A29-D203-4085-8E7CB0547C22C83A</string><string>E2C3AD8E-27C4-4B3C-A180F8B7DA85FD0F</string></field><field name='SITEID'><string>theme-murabootstrap3</string><string>theme-murabootstrap3</string><string>theme-murabootstrap3</string><string>theme-murabootstrap3</string><string>theme-murabootstrap3</string><string>theme-murabootstrap3</string><string>theme-murabootstrap3</string><string>theme-murabootstrap3</string><string>theme-murabootstrap3</string><string>theme-murabootstrap3</string><string>theme-murabootstrap3</string><string>theme-murabootstrap3</string><string>theme-murabootstrap3</string></field><field name='PARENTID'><string>3A841408-EB53-4454-A90A227AB26B9A88</string><null/><string>3A841408-EB53-4454-A90A227AB26B9A88</string><string>3A841408-EB53-4454-A90A227AB26B9A88</string><string>3A841408-EB53-4454-A90A227AB26B9A88</string><string>3A841408-EB53-4454-A90A227AB26B9A88</string><string>CA12BC9B-A3C0-4A2E-95F57C80A6F9966A</string><string>3A841408-EB53-4454-A90A227AB26B9A88</string><string>CA12BC9B-A3C0-4A2E-95F57C80A6F9966A</string><null/><string>3A841408-EB53-4454-A90A227AB26B9A88</string><string>3A841408-EB53-4454-A90A227AB26B9A88</string><string>3A841408-EB53-4454-A90A227AB26B9A88</string></field><field name='DATECREATED'><dateTime>2012-11-27T13:36:20-06:00</dateTime><dateTime>2012-11-27T10:09:32-06:00</dateTime><dateTime>2012-11-27T10:09:49-06:00</dateTime><dateTime>2012-11-27T10:13:03-06:00</dateTime><dateTime>2012-11-27T10:12:39-06:00</dateTime><dateTime>2013-09-20T17:39:24-06:00</dateTime><dateTime>2012-11-27T15:09:07-06:00</dateTime><dateTime>2012-11-27T10:10:10-06:00</dateTime><dateTime>2013-09-20T16:31:07-06:00</dateTime><dateTime>2012-11-27T15:08:58-06:00</dateTime><dateTime>2012-11-27T10:11:00-06:00</dateTime><dateTime>2012-11-27T10:10:32-06:00</dateTime><dateTime>2012-11-27T10:10:19-06:00</dateTime></field><field name='LASTUPDATE'><dateTime>2012-11-27T13:36:20-06:00</dateTime><dateTime>2012-11-27T10:09:32-06:00</dateTime><dateTime>2012-11-27T10:09:49-06:00</dateTime><dateTime>2012-11-27T10:13:03-06:00</dateTime><dateTime>2012-11-27T10:12:39-06:00</dateTime><dateTime>2013-09-20T17:39:24-06:00</dateTime><dateTime>2012-11-27T15:09:07-06:00</dateTime><dateTime>2012-11-27T10:10:10-06:00</dateTime><dateTime>2013-09-20T16:31:07-06:00</dateTime><dateTime>2012-11-27T15:08:58-06:00</dateTime><dateTime>2012-11-27T10:11:00-06:00</dateTime><dateTime>2012-11-27T10:10:32-06:00</dateTime><dateTime>2012-11-27T10:10:19-06:00</dateTime></field><field name='LASTUPDATEBY'><string>Steve Withington</string><string>Steve Withington</string><string>Steve Withington</string><string>Steve Withington</string><string>Steve Withington</string><string>Steve Withington</string><string>Steve Withington</string><string>Steve Withington</string><string>Steve Withington</string><string>Steve Withington</string><string>Steve Withington</string><string>Steve Withington</string><string>Steve Withington</string></field><field name='NAME'><string>Technology</string><string>News Categories</string><string>Business</string><string>Health &amp; Science</string><string>Opinion</string><string>Weather</string><string>Mura CMS Training</string><string>Politics</string><string>MuraCon</string><string>Event Categories</string><string>Arts &amp; Culture</string><string>World News</string><string>Local News</string></field><field name='NOTES'><null/><null/><null/><null/><null/><null/><null/><null/><null/><null/><null/><null/><null/></field><field name='ISINTERESTGROUP'><number>1.0</number><number>0.0</number><number>1.0</number><number>1.0</number><number>1.0</number><number>1.0</number><number>1.0</number><number>1.0</number><number>1.0</number><number>0.0</number><number>1.0</number><number>1.0</number><number>1.0</number></field><field name='ISACTIVE'><number>1.0</number><number>1.0</number><number>1.0</number><number>1.0</number><number>1.0</number><number>1.0</number><number>1.0</number><number>1.0</number><number>1.0</number><number>1.0</number><number>1.0</number><number>1.0</number><number>1.0</number></field><field name='ISOPEN'><number>1.0</number><number>0.0</number><number>1.0</number><number>1.0</number><number>1.0</number><number>1.0</number><number>1.0</number><number>1.0</number><number>1.0</number><number>0.0</number><number>1.0</number><number>1.0</number><number>1.0</number></field><field name='SORTBY'><string>orderno</string><string>orderno</string><string>orderno</string><string>orderno</string><string>orderno</string><string>orderno</string><string>orderno</string><string>orderno</string><string>orderno</string><string>orderno</string><string>orderno</string><string>orderno</string><string>orderno</string></field><field name='SORTDIRECTION'><string>asc</string><string>asc</string><string>asc</string><string>asc</string><string>asc</string><string>asc</string><string>asc</string><string>asc</string><string>asc</string><string>asc</string><string>asc</string><string>asc</string><string>asc</string></field><field name='RESTRICTGROUPS'><null/><null/><null/><null/><null/><null/><null/><null/><null/><null/><null/><null/><null/></field><field name='PATH'><string>3A841408-EB53-4454-A90A227AB26B9A88,16AE243B-DD25-46F1-BC4068CD7FF061E7</string><string>3A841408-EB53-4454-A90A227AB26B9A88</string><string>3A841408-EB53-4454-A90A227AB26B9A88,64274FB4-8F49-4190-B980C89673F771D6</string><string>3A841408-EB53-4454-A90A227AB26B9A88,836D7346-AF47-429C-AA4A5F4BC8B531FC</string><string>3A841408-EB53-4454-A90A227AB26B9A88,8D8F6D1E-E8D1-48EE-AEBD01515D2FF4FF</string><string>3A841408-EB53-4454-A90A227AB26B9A88,90940BC2-B7DB-4145-83AA2DE6F224C54C</string><string>CA12BC9B-A3C0-4A2E-95F57C80A6F9966A,98F4BB24-3922-4DF7-A44954141D4C8102</string><string>3A841408-EB53-4454-A90A227AB26B9A88,ADE7FAAE-7F1F-4C9B-88C1486148DF5441</string><string>CA12BC9B-A3C0-4A2E-95F57C80A6F9966A,BD765B58-0A9D-4C22-98291B1D8857B077</string><string>CA12BC9B-A3C0-4A2E-95F57C80A6F9966A</string><string>3A841408-EB53-4454-A90A227AB26B9A88,CE5BC846-E64A-43DD-91DD97981C5C76AE</string><string>3A841408-EB53-4454-A90A227AB26B9A88,D7BA0A29-D203-4085-8E7CB0547C22C83A</string><string>3A841408-EB53-4454-A90A227AB26B9A88,E2C3AD8E-27C4-4B3C-A180F8B7DA85FD0F</string></field><field name='REMOTEID'><null/><null/><null/><null/><null/><null/><null/><null/><null/><null/><null/><null/><null/></field><field name='REMOTESOURCEURL'><null/><null/><null/><null/><null/><null/><null/><null/><null/><null/><null/><null/><null/></field><field name='REMOTEPUBDATE'><null/><null/><null/><null/><null/><null/><null/><null/><null/><null/><null/><null/><null/></field><field name='URLTITLE'><string>technology</string><string>news-categories</string><string>business</string><string>health-science</string><string>opinion</string><string>weather</string><string>mura-cms-training</string><string>politics</string><string>muracon</string><string>event-categories</string><string>arts-culture</string><string>world-news</string><string>local-news</string></field><field name='FILENAME'><string>news-categories/technology</string><string>news-categories</string><string>news-categories/business</string><string>news-categories/health-science</string><string>news-categories/opinion</string><string>news-categories/weather</string><string>event-categories/mura-cms-training</string><string>news-categories/politics</string><string>event-categories/muracon</string><string>event-categories</string><string>news-categories/arts-culture</string><string>news-categories/world-news</string><string>news-categories/local-news</string></field><field name='ISFEATUREABLE'><number>0.0</number><number>0.0</number><number>0.0</number><number>0.0</number><number>0.0</number><number>1.0</number><number>0.0</number><number>0.0</number><number>1.0</number><number>0.0</number><number>0.0</number><number>0.0</number><number>0.0</number></field></recordset></data></wddxPacket>
