<wddxPacket version='1.0'><header/><data><recordset rowCount='6' fieldNames='CONTENTHISTID,RELATEDID,CONTENTID,SITEID,RELATEDCONTENTSETID,ORDERNO,RELATEDCONTENTID' type='coldfusion.sql.QueryTable'><field name='CONTENTHISTID'><string>DA4CBDA0-B680-4CC1-B6B862EFDFEABA47</string><string>DA4CBDA0-B680-4CC1-B6B862EFDFEABA47</string><string>DA4CBDA0-B680-4CC1-B6B862EFDFEABA47</string><string>DA4CBDA0-B680-4CC1-B6B862EFDFEABA47</string><string>118F15A6-EF24-46EE-B0DEEA4C6A6A6460</string><string>F195E970-92E7-42E2-8C9164ADE744F5CB</string></field><field name='RELATEDID'><string>BEE865DE-BF2F-42E4-86C581452053D143</string><string>BBB62387-1064-426F-91C8F93A0B8DFD72</string><string>FFD1CF17-E3C8-4A62-8A5519CD515A557F</string><string>07194952-3C1A-465C-97C232E34C5CF830</string><string>BFCF9C39-27A3-441A-A851E1603DCAAB66</string><string>00000000000000000000000000000000001</string></field><field name='CONTENTID'><string>7B462A68-3D34-4A72-A2BD1FDE7E3724A5</string><string>7B462A68-3D34-4A72-A2BD1FDE7E3724A5</string><string>7B462A68-3D34-4A72-A2BD1FDE7E3724A5</string><string>7B462A68-3D34-4A72-A2BD1FDE7E3724A5</string><string>5E0BFBA6-3276-421F-9A8BC3ADF0A839AC</string><string>BC133A04-348F-486D-A60C33A482CF9481</string></field><field name='SITEID'><string>theme-murabootstrap3</string><string>theme-murabootstrap3</string><string>theme-murabootstrap3</string><string>theme-murabootstrap3</string><string>theme-murabootstrap3</string><string>theme-murabootstrap3</string></field><field name='RELATEDCONTENTSETID'><string>00000000000000000000000000000000000</string><string>00000000000000000000000000000000000</string><string>00000000000000000000000000000000000</string><string>00000000000000000000000000000000000</string><string>00000000000000000000000000000000000</string><string>00000000000000000000000000000000000</string></field><field name='ORDERNO'><number>1.0</number><number>3.0</number><number>4.0</number><number>5.0</number><number>1.0</number><number>1.0</number></field><field name='RELATEDCONTENTID'><number>7.0</number><number>8.0</number><number>9.0</number><number>10.0</number><number>11.0</number><number>12.0</number></field></recordset></data></wddxPacket>
