<wddxPacket version='1.0'><header/><data><recordset rowCount='3' fieldNames='PARAMID,FEEDID,PARAM,RELATIONSHIP,FIELD,CONDITION,CRITERIA,DATATYPE' type='coldfusion.sql.QueryTable'><field name='PARAMID'><string>7181C213-7FD9-4869-A91193B320B84FA2</string><string>B1C0E45B-17DF-4188-87930EE2B37ADCB0</string><string>CC3512FA-7B10-40E1-AE0CC9BB3206F957</string></field><field name='FEEDID'><string>FF699343-B09B-4CBF-B7CC35E99226409A</string><string>73570874-A8CF-4AFD-B933FA9758061709</string><string>E233EB9D-D2C5-4BE7-8AD816FAD6F88DFB</string></field><field name='PARAM'><number>1.0</number><number>1.0</number><number>1.0</number></field><field name='RELATIONSHIP'><string>and</string><string>and</string><string>and</string></field><field name='FIELD'><string>tcontent.displayStart</string><null/><null/></field><field name='CONDITION'><string>GTE</string><string>Equals</string><string>Equals</string></field><field name='CRITERIA'><string>[mura]now()[/mura]</string><null/><null/></field><field name='DATATYPE'><string>timestamp</string><null/><null/></field></recordset></data></wddxPacket>
