<wddxPacket version='1.0'><header/><data><recordset rowCount='8' fieldNames='TAGID,CONTENTID,CONTENTHISTID,SITEID,TAG,TAGGROUP' type='coldfusion.sql.QueryTable'><field name='TAGID'><number>9.0</number><number>10.0</number><number>11.0</number><number>12.0</number><number>13.0</number><number>14.0</number><number>15.0</number><number>16.0</number></field><field name='CONTENTID'><string>72E439F9-5E6A-4C81-9F3433A7A2E81C9E</string><string>72E439F9-5E6A-4C81-9F3433A7A2E81C9E</string><string>A4D2BF11-87CB-4BEC-A844AB4E68C68F30</string><string>A4D2BF11-87CB-4BEC-A844AB4E68C68F30</string><string>37333F47-BAA7-458A-AF1AE26E4787371A</string><string>37333F47-BAA7-458A-AF1AE26E4787371A</string><string>5E0BFBA6-3276-421F-9A8BC3ADF0A839AC</string><string>5E0BFBA6-3276-421F-9A8BC3ADF0A839AC</string></field><field name='CONTENTHISTID'><string>3761DE8F-3633-4072-87F781A9F91365A5</string><string>3761DE8F-3633-4072-87F781A9F91365A5</string><string>AF168793-A3FC-4EEA-91604D23647040ED</string><string>AF168793-A3FC-4EEA-91604D23647040ED</string><string>1BBAD702-42B9-4ADC-872D2A3F438C8E39</string><string>1BBAD702-42B9-4ADC-872D2A3F438C8E39</string><string>118F15A6-EF24-46EE-B0DEEA4C6A6A6460</string><string>118F15A6-EF24-46EE-B0DEEA4C6A6A6460</string></field><field name='SITEID'><string>theme-murabootstrap3</string><string>theme-murabootstrap3</string><string>theme-murabootstrap3</string><string>theme-murabootstrap3</string><string>theme-murabootstrap3</string><string>theme-murabootstrap3</string><string>theme-murabootstrap3</string><string>theme-murabootstrap3</string></field><field name='TAG'><string>home</string><string>music</string><string>music</string><string>home</string><string>running</string><string>sports</string><string>home</string><string>sports</string></field><field name='TAGGROUP'><null/><null/><null/><null/><null/><null/><null/><null/></field></recordset></data></wddxPacket>
