<wddxPacket version='1.0'><header/><data><recordset rowCount='20' fieldNames='SITEID,CONTENTID,FILENAME,ARCHIVEID' type='coldfusion.sql.QueryTable'><field name='SITEID'><string>default</string><string>default</string><string>default</string><string>default</string><string>default</string><string>default</string><string>default</string><string>default</string><string>default</string><string>default</string><string>default</string><string>default</string><string>default</string><string>default</string><string>default</string><string>default</string><string>default</string><string>default</string><string>default</string><string>default</string></field><field name='CONTENTID'><string>7824A717-DC63-91FD-CD43B4330DA843E0</string><string>335348FE-F176-488D-982BA46C1A81BCD0</string><string>E01B8BC0-EBB5-4804-AE27FD21522EFA88</string><string>00000000000000000000000000000000001</string><string>00000000000000000000000000000000001</string><string>6522E798-F6D5-6829-AC470484836F6153</string><string>652E72FC-D719-704C-BFB49F5593354E9D</string><string>6536AFC3-D67F-4DB1-47617D9882F48320</string><string>654290C9-A5E7-31FC-5ABCC22B01E4C710</string><string>654D6FA7-CAB4-8256-0664E37631891446</string><string>6556AB67-C2F2-5EF2-1B7240FFA48E6656</string><string>B0CB64E1-2960-4C17-88EFA15C951E865C</string><string>D93BD5A0-750D-4296-A94008C8F4506978</string><string>724440D0-06C8-1C60-E8DB4B6E283A076A</string><string>7968DE06-B81C-6DA7-D0D1F616E82D893C</string><string>0E2C80AD-BCE5-630F-6EF454DB999EE07C</string><string>77914652-330C-4612-8B254F6DA2C65DEC</string><string>9B83B0C4-DC28-61B4-77786122F4E11B04</string><string>A9C572A9-D46D-6FC6-6C5D711165E5855F</string><string>00000000000000000000000000000000001</string></field><field name='FILENAME'><string>steves-gallery</string><string>blog</string><string>news/air-show-draws-record-crowds</string><null/><null/><string>events/new-years-day</string><string>events/first-day-of-spring</string><string>events/first-day-of-summer</string><string>events/first-day-of-fall</string><string>events/first-day-of-winter</string><string>events/first-day-of-winter1</string><string>about/photo-gallery</string><string>blog/how-to-score-great-seats-to-a-ball-game</string><string>temp</string><string>about/steves-gallery</string><string>steves-gallery1</string><string>about/protected-area</string><string>steves-site</string><string>contact/contact-responses</string><null/></field><field name='ARCHIVEID'><string>0E2DAFA3-B5D4-E6FE-DDDEE6676CAC34BD</string><string>23820BEA-FE24-BDD1-612A24CFC8974A77</string><string>3AA207AE-BC38-EB75-E5D42A216B652A76</string><string>3DB8E86B-9476-AEAB-0AB4374259583CD8</string><string>3DBB129D-C2F7-7BD8-3D289539A99377FB</string><string>6525DE20-B511-D695-B67B504D1F4BBA09</string><string>6534B792-051B-6450-7649ACE148D838E4</string><string>653CF7DC-FD25-7ED9-06BA26B8E00C2E7D</string><string>6549153F-0821-6A8F-848FA30C39F452CB</string><string>6552C960-FBAB-F9F3-773EB36EDFD45C4A</string><string>655B5909-9C29-7D2F-4BC9670AEE225822</string><string>65DD2A49-0B2B-D4F0-71E36DC4451354A4</string><string>69393CC3-0756-D043-F2C0EDBAEDBE571B</string><string>72466835-EE91-9101-8ABDF7CFF99B07BE</string><string>7969D438-F6EF-5CD8-55EA8CEF223E8DDC</string><string>79700FEC-E9AE-05EA-D3FB365370BA1D82</string><string>7DE32F10-C3E7-1D92-69FCAD2BD3F8906E</string><string>9B8ABB03-BE7F-6545-4859AA4B934D1738</string><string>A9C8929B-F99C-2DA3-934BEDA2CB3BB02C</string><string>BA78AD70-E76B-EAA1-78F2E7E2EA5ACCEA</string></field></recordset></data></wddxPacket>
