<wddxPacket version='1.0'><header/><data><recordset rowCount='1' fieldNames='groundtransportrate,budgetid,groundtransportid,groundtransportsubtotal,groundtransportdays,groundtransportqty,groundtransportdesc' type='coldfusion.sql.QueryTable'><field name='groundtransportrate'><number>0.0</number></field><field name='budgetid'><string>4B7C134C-7969-4FCA-BD9CC817A7AFB3DE</string></field><field name='groundtransportid'><string>B886C2BE-9108-4BE8-AB7172528771287A</string></field><field name='groundtransportsubtotal'><number>0.0</number></field><field name='groundtransportdays'><number>0.0</number></field><field name='groundtransportqty'><number>0.0</number></field><field name='groundtransportdesc'><string></string></field></recordset></data></wddxPacket>
