<wddxPacket version='1.0'><header/><data><recordset rowCount='1' fieldNames='signagedecorsubtotal,budgetid,signagedecordesc,signagedecorqty,signagedecorrate,signagedecordays,signagedecorid' type='coldfusion.sql.QueryTable'><field name='signagedecorsubtotal'><number>0.0</number></field><field name='budgetid'><string>4B7C134C-7969-4FCA-BD9CC817A7AFB3DE</string></field><field name='signagedecordesc'><string></string></field><field name='signagedecorqty'><number>0.0</number></field><field name='signagedecorrate'><number>0.0</number></field><field name='signagedecordays'><number>0.0</number></field><field name='signagedecorid'><string>9395EA07-92A3-4D64-A46E64D8A6DE5374</string></field></recordset></data></wddxPacket>
