<wddxPacket version='1.0'><header/><data><recordset rowCount='0' fieldNames='attributeID,extendSetID,siteID,name,label,hint,type,orderno,isActive,required,validation,regex,message,defaultValue,optionList,optionLabelList,adminonly' type='coldfusion.sql.QueryTable'><field name='attributeID'></field><field name='extendSetID'></field><field name='siteID'></field><field name='name'></field><field name='label'></field><field name='hint'></field><field name='type'></field><field name='orderno'></field><field name='isActive'></field><field name='required'></field><field name='validation'></field><field name='regex'></field><field name='message'></field><field name='defaultValue'></field><field name='optionList'></field><field name='optionLabelList'></field><field name='adminonly'></field></recordset></data></wddxPacket>
