<wddxPacket version='1.0'><header/><data><recordset rowCount='1' fieldNames='groundtransportscomments,foodbevstaxamount,securitystax,avsgrandtotal,hasmisc,hasaccommodations,teambuildingstaxamount,avsservicechargeamount,isprimarybudget,teambuildingsservicechargeamount,dailydelegatescomments,budgetgrandsubtotalamount,signagedecorstax,signagedecorsservicecharge,budgetname,avssubtotal,lastmodifiedby,hasmeetingspace,giveawayscomments,securityssubtotal,securitysservicecharge,flightsgrandtotal,foodbevstax,hasgroundtransportation,securitysservicechargeamount,miscstaxamount,meetingid,teambuildingssubtotal,datemodified,teambuildingsgrandtotal,budgetcurrency,budgetstate,giveawaystaxamount,dailydelegatesgrandtotal,budgetcountry,miscsservicecharge,groundtransportsservicechargeamount,hasfoodandbeverage,budgetcity,avstax,groundtransportsservicecharge,securitysgrandtotal,hasteambuilding,budgetgrandtotalamount,budgetdepartmentno,miscssubtotal,budgetgrandtaxamount,foodbevsservicecharge,avsservicecharge,signagedecorsgrandtotal,budgetregion,hasflights,miscsservicechargeamount,meetingspacesgrandtotal,teambuildingsservicecharge,budgetgrandservicechargeamount,signagedecorsservicechargeamount,teambuildingstax,dailydelegatesservicecharge,dailydelegatestaxamount,datecreated,miscscomments,flightssubtotal,signagedecorstaxamount,signagedecorscomments,flightscomments,budgetid,groundtransportsgrandtotal,miscstax,hasaudiovisual,foodbevscomments,avstaxamount,foodbevssubtotal,dailydelegatesservicechargeamount,meetingspacestax,meetingspacescomments,securityscomments,hasgiveaways,giveawayssubtotal,accommodationstax,meetingspacessubtotal,groundtransportssubtotal,miscsgrandtotal,accommodationscomments,meetingspacesservicecharge,groundtransportstax,accommodationsservicecharge,giveawaystax,avscomments,foodbevsgrandtotal,giveawaysgrandtotal,dailydelegatessubtotal,hasdailydelegaterate,accommodationssubtotal,meetingspacesservicechargeamount,signagedecorssubtotal,foodbevsservicechargeamount,hassignage,dailydelegatestax,hassecurity,budgetdivision,teambuildingscomments,employeeid,securitystaxamount,accommodationstaxamount,meetingspacestaxamount,groundtransportstaxamount,accommodationsgrandtotal,accommodationsservicechargeamount' type='coldfusion.sql.QueryTable'><field name='groundtransportscomments'><string></string></field><field name='foodbevstaxamount'><number>0.0</number></field><field name='securitystax'><number>0.0</number></field><field name='avsgrandtotal'><number>0.0</number></field><field name='hasmisc'><number>0.0</number></field><field name='hasaccommodations'><number>0.0</number></field><field name='teambuildingstaxamount'><number>0.0</number></field><field name='avsservicechargeamount'><number>0.0</number></field><field name='isprimarybudget'><number>0.0</number></field><field name='teambuildingsservicechargeamount'><number>0.0</number></field><field name='dailydelegatescomments'><string></string></field><field name='budgetgrandsubtotalamount'><number>225.0</number></field><field name='signagedecorstax'><number>0.0</number></field><field name='signagedecorsservicecharge'><number>0.0</number></field><field name='budgetname'><string>My Budget</string></field><field name='avssubtotal'><number>0.0</number></field><field name='lastmodifiedby'><string>DC085543-7B29-4CFC-9C9649ADFBAE9138</string></field><field name='hasmeetingspace'><number>1.0</number></field><field name='giveawayscomments'><string></string></field><field name='securityssubtotal'><number>0.0</number></field><field name='securitysservicecharge'><number>0.0</number></field><field name='flightsgrandtotal'><number>0.0</number></field><field name='foodbevstax'><number>0.0</number></field><field name='hasgroundtransportation'><number>0.0</number></field><field name='securitysservicechargeamount'><number>0.0</number></field><field name='miscstaxamount'><number>0.0</number></field><field name='meetingid'><string>E8610CD9-C763-49A1-A9DE61B9CAFAABDC</string></field><field name='teambuildingssubtotal'><number>0.0</number></field><field name='datemodified'><dateTime>2016-4-28T20:39:19+0:0</dateTime></field><field name='teambuildingsgrandtotal'><number>0.0</number></field><field name='budgetcurrency'><string>USD</string></field><field name='budgetstate'><string>IL</string></field><field name='giveawaystaxamount'><number>0.0</number></field><field name='dailydelegatesgrandtotal'><number>0.0</number></field><field name='budgetcountry'><string>US</string></field><field name='miscsservicecharge'><number>0.0</number></field><field name='groundtransportsservicechargeamount'><number>0.0</number></field><field name='hasfoodandbeverage'><number>0.0</number></field><field name='budgetcity'><string>Chicago</string></field><field name='avstax'><number>0.0</number></field><field name='groundtransportsservicecharge'><number>0.0</number></field><field name='securitysgrandtotal'><number>0.0</number></field><field name='hasteambuilding'><number>0.0</number></field><field name='budgetgrandtotalamount'><number>225.0</number></field><field name='budgetdepartmentno'><string>0102</string></field><field name='miscssubtotal'><number>0.0</number></field><field name='budgetgrandtaxamount'><number>0.0</number></field><field name='foodbevsservicecharge'><number>0.0</number></field><field name='avsservicecharge'><number>0.0</number></field><field name='signagedecorsgrandtotal'><number>0.0</number></field><field name='budgetregion'><string>AMR</string></field><field name='hasflights'><number>0.0</number></field><field name='miscsservicechargeamount'><number>0.0</number></field><field name='meetingspacesgrandtotal'><number>225.0</number></field><field name='teambuildingsservicecharge'><number>0.0</number></field><field name='budgetgrandservicechargeamount'><number>0.0</number></field><field name='signagedecorsservicechargeamount'><number>0.0</number></field><field name='teambuildingstax'><number>0.0</number></field><field name='dailydelegatesservicecharge'><number>0.0</number></field><field name='dailydelegatestaxamount'><number>0.0</number></field><field name='datecreated'><dateTime>2016-4-26T20:26:18+0:0</dateTime></field><field name='miscscomments'><string></string></field><field name='flightssubtotal'><number>0.0</number></field><field name='signagedecorstaxamount'><number>0.0</number></field><field name='signagedecorscomments'><string></string></field><field name='flightscomments'><string></string></field><field name='budgetid'><string>4B7C134C-7969-4FCA-BD9CC817A7AFB3DE</string></field><field name='groundtransportsgrandtotal'><number>0.0</number></field><field name='miscstax'><number>0.0</number></field><field name='hasaudiovisual'><number>0.0</number></field><field name='foodbevscomments'><string></string></field><field name='avstaxamount'><number>0.0</number></field><field name='foodbevssubtotal'><number>0.0</number></field><field name='dailydelegatesservicechargeamount'><number>0.0</number></field><field name='meetingspacestax'><number>0.0</number></field><field name='meetingspacescomments'><string></string></field><field name='securityscomments'><string></string></field><field name='hasgiveaways'><number>0.0</number></field><field name='giveawayssubtotal'><number>0.0</number></field><field name='accommodationstax'><number>0.0</number></field><field name='meetingspacessubtotal'><number>225.0</number></field><field name='groundtransportssubtotal'><number>0.0</number></field><field name='miscsgrandtotal'><number>0.0</number></field><field name='accommodationscomments'><string></string></field><field name='meetingspacesservicecharge'><number>0.0</number></field><field name='groundtransportstax'><number>0.0</number></field><field name='accommodationsservicecharge'><number>0.0</number></field><field name='giveawaystax'><number>0.0</number></field><field name='avscomments'><string></string></field><field name='foodbevsgrandtotal'><number>0.0</number></field><field name='giveawaysgrandtotal'><number>0.0</number></field><field name='dailydelegatessubtotal'><number>0.0</number></field><field name='hasdailydelegaterate'><number>0.0</number></field><field name='accommodationssubtotal'><number>0.0</number></field><field name='meetingspacesservicechargeamount'><number>0.0</number></field><field name='signagedecorssubtotal'><number>0.0</number></field><field name='foodbevsservicechargeamount'><number>0.0</number></field><field name='hassignage'><number>0.0</number></field><field name='dailydelegatestax'><number>0.0</number></field><field name='hassecurity'><number>0.0</number></field><field name='budgetdivision'><string>0010</string></field><field name='teambuildingscomments'><string></string></field><field name='employeeid'><string>DC085543-7B29-4CFC-9C9649ADFBAE9138</string></field><field name='securitystaxamount'><number>0.0</number></field><field name='accommodationstaxamount'><number>0.0</number></field><field name='meetingspacestaxamount'><number>0.0</number></field><field name='groundtransportstaxamount'><number>0.0</number></field><field name='accommodationsgrandtotal'><number>0.0</number></field><field name='accommodationsservicechargeamount'><number>0.0</number></field></recordset></data></wddxPacket>
