<wddxPacket version='1.0'><header/><data><recordset rowCount='1' fieldNames='budgetid,flightid,flightrate,flightsubtotal,flightdesc,flightqty' type='coldfusion.sql.QueryTable'><field name='budgetid'><string>4B7C134C-7969-4FCA-BD9CC817A7AFB3DE</string></field><field name='flightid'><string>2A08E215-745C-43FB-B68AC95F897DBDE5</string></field><field name='flightrate'><number>0.0</number></field><field name='flightsubtotal'><number>0.0</number></field><field name='flightdesc'><string></string></field><field name='flightqty'><number>0.0</number></field></recordset></data></wddxPacket>
