<wddxPacket version='1.0'><header/><data><recordset rowCount='1' fieldNames='budgetid,teambuildingsubtotal,teambuildingrate,teambuildingdesc,teambuildingid,teambuildingqty' type='coldfusion.sql.QueryTable'><field name='budgetid'><string>4B7C134C-7969-4FCA-BD9CC817A7AFB3DE</string></field><field name='teambuildingsubtotal'><number>0.0</number></field><field name='teambuildingrate'><number>0.0</number></field><field name='teambuildingdesc'><string></string></field><field name='teambuildingid'><string>D37F420B-14E4-4ED5-B7B64F5D3D71C9A1</string></field><field name='teambuildingqty'><number>0.0</number></field></recordset></data></wddxPacket>
