<wddxPacket version='1.0'><header/><data><recordset rowCount='2' fieldNames='requiresgroundtransportation,preferredvenue1,breakoutsessionnotes,generalsessionwirelessinternet,haslunch,meetingpurpose,foodbevpersoncount,hasbreakfast,meetingenddate,breakoutsessionscreen,breakoutsessionstartdate,requiresgroupairtravel,meetingcountry,lastmodifiedby,sponsoringregion,reasonother,breakoutsessionwirelessinternet,breakoutsessionadditionalsecurity,retailassistant,breakoutsessionrearscreenprojection,breakoutsessionwiredinternet,haspmbreak,breakoutsessionpowerstrips,generalsessionroomrekey,financeanalystid,breakoutsessionflipchart,generalsessionadditionalsecurity,hotelnotes,departmentno,employeenamelast,breakoutsessionenddate,employeephone,generalsessionpowerstrips,breakoutsessiongroupsize,daterequested,hasonlineregistration,datemodified,meetinggeneralcomments,surveyurl,requiresmeetingspace,generalsessionroomsetup,methodofpayment,meetingbudgetamount,managername,employeenamefirst,haspreferredvenues,isnonemployeeairfarepaidbyapple,preferredvenue2,generalsessionflipchart,generalsessionadditionalpower,foodbevnotes,meetingstate,projectno,breakoutsessionlcdprojector,employeeemail,generalsessionstartdate,surveysentto,hotelsuitecount,contactnamefirst,breakoutsessionroomsetup,datecreated,meetingbudgetnotes,attendeetype,meetingstatus,isinviteofficials,reasonnotoncampusorstore,requireshotel,hasambreak,generalsessionrearscreenprojection,retailapprover,singleoccupancycount,hasdinner,dateonlineregistrationstart,contactemail,hasoffsiteevent,breakoutsessionadditionalpower,divisionno,datedecisioned,estimatedemployeecount,preferredvenue3,travelercount,generalsessionlcdprojector,meetingstartdate,meetingid,departmentname,datesurveysent,generalsessionscreen,manageremail,generalsessionenddate,generalsessionavneeds,generalsessiongroupsize,generalsessionnotes,meetingname,surveyemailtext,maincurrency,breakoutsessionroomrekey,estimatednonemployeecount,isprovidinggiveaways,contactnamelast,hasreception,hasgeneralsession,generalsessionmicrophone,doubleoccupancycount,hasbreakoutsession,employeeid,meetingcity,generalsessionwiredinternet,breakoutsessionmicrophone,starcitemeetingid,isretailemployee,offsiteeventdesc,meetingbudgettype,isprovidingvalue,breakoutsessionavneeds,ismaincontact' type='coldfusion.sql.QueryTable'><field name='requiresgroundtransportation'><number>0.0</number><number>0.0</number></field><field name='preferredvenue1'><string></string><string></string></field><field name='breakoutsessionnotes'><string></string><string></string></field><field name='generalsessionwirelessinternet'><number>0.0</number><number>0.0</number></field><field name='haslunch'><number>0.0</number><number>0.0</number></field><field name='meetingpurpose'><string>adsfasf</string><string></string></field><field name='foodbevpersoncount'><number>0.0</number><number>0.0</number></field><field name='hasbreakfast'><number>0.0</number><number>0.0</number></field><field name='meetingenddate'><dateTime>2016-6-1T5:0:0+0:0</dateTime><string></string></field><field name='breakoutsessionscreen'><number>0.0</number><number>0.0</number></field><field name='breakoutsessionstartdate'><string></string><string></string></field><field name='requiresgroupairtravel'><number>0.0</number><number>0.0</number></field><field name='meetingcountry'><string>US</string><string></string></field><field name='lastmodifiedby'><string>DC085543-7B29-4CFC-9C9649ADFBAE9138</string><string>DC085543-7B29-4CFC-9C9649ADFBAE9138</string></field><field name='sponsoringregion'><string>AMR</string><string></string></field><field name='reasonother'><string></string><string></string></field><field name='breakoutsessionwirelessinternet'><number>0.0</number><number>0.0</number></field><field name='breakoutsessionadditionalsecurity'><number>0.0</number><number>0.0</number></field><field name='retailassistant'><string></string><string></string></field><field name='breakoutsessionrearscreenprojection'><number>0.0</number><number>0.0</number></field><field name='breakoutsessionwiredinternet'><number>0.0</number><number>0.0</number></field><field name='haspmbreak'><number>0.0</number><number>0.0</number></field><field name='breakoutsessionpowerstrips'><number>0.0</number><number>0.0</number></field><field name='generalsessionroomrekey'><number>0.0</number><number>0.0</number></field><field name='financeanalystid'><string></string><string></string></field><field name='breakoutsessionflipchart'><number>0.0</number><number>0.0</number></field><field name='generalsessionadditionalsecurity'><number>0.0</number><number>0.0</number></field><field name='hotelnotes'><string></string><string></string></field><field name='departmentno'><string>0101</string><string></string></field><field name='employeenamelast'><string>Withington</string><string>Withington</string></field><field name='breakoutsessionenddate'><string></string><string></string></field><field name='employeephone'><string>800.555.1212</string><string></string></field><field name='generalsessionpowerstrips'><number>0.0</number><number>0.0</number></field><field name='breakoutsessiongroupsize'><number>0.0</number><number>0.0</number></field><field name='daterequested'><dateTime>2016-4-26T20:28:49+0:0</dateTime><string></string></field><field name='hasonlineregistration'><number>0.0</number><number>0.0</number></field><field name='datemodified'><dateTime>2016-4-28T20:39:27+0:0</dateTime><dateTime>2016-4-29T21:26:59+0:0</dateTime></field><field name='meetinggeneralcomments'><string></string><string></string></field><field name='surveyurl'><string></string><string></string></field><field name='requiresmeetingspace'><number>0.0</number><number>1.0</number></field><field name='generalsessionroomsetup'><string></string><string></string></field><field name='methodofpayment'><number>0.0</number><number>0.0</number></field><field name='meetingbudgetamount'><number>225.0</number><number>0.0</number></field><field name='managername'><string>asdf</string><string></string></field><field name='employeenamefirst'><string>Steve</string><string>Steve</string></field><field name='haspreferredvenues'><number>0.0</number><number>0.0</number></field><field name='isnonemployeeairfarepaidbyapple'><number>0.0</number><number>0.0</number></field><field name='preferredvenue2'><string></string><string></string></field><field name='generalsessionflipchart'><number>0.0</number><number>0.0</number></field><field name='generalsessionadditionalpower'><number>0.0</number><number>0.0</number></field><field name='foodbevnotes'><string></string><string></string></field><field name='meetingstate'><string>IL</string><string></string></field><field name='projectno'><string>1324124</string><string></string></field><field name='breakoutsessionlcdprojector'><number>0.0</number><number>0.0</number></field><field name='employeeemail'><string>steve@blueriver.com</string><string>steve@blueriver.com</string></field><field name='generalsessionstartdate'><string></string><string></string></field><field name='surveysentto'><string></string><string></string></field><field name='hotelsuitecount'><number>0.0</number><number>0.0</number></field><field name='contactnamefirst'><string></string><string></string></field><field name='breakoutsessionroomsetup'><string></string><string></string></field><field name='datecreated'><dateTime>2016-4-26T20:24:59+0:0</dateTime><dateTime>2016-4-29T21:26:43+0:0</dateTime></field><field name='meetingbudgetnotes'><string></string><string></string></field><field name='attendeetype'><string>Employees</string><string></string></field><field name='meetingstatus'><string>Pending Approval</string><string>Draft</string></field><field name='isinviteofficials'><number>0.0</number><number>0.0</number></field><field name='reasonnotoncampusorstore'><string>Space is not available over dates and times required</string><string></string></field><field name='requireshotel'><number>0.0</number><number>0.0</number></field><field name='hasambreak'><number>0.0</number><number>0.0</number></field><field name='generalsessionrearscreenprojection'><number>0.0</number><number>0.0</number></field><field name='retailapprover'><string></string><string></string></field><field name='singleoccupancycount'><number>0.0</number><number>0.0</number></field><field name='hasdinner'><number>0.0</number><number>0.0</number></field><field name='dateonlineregistrationstart'><string></string><string></string></field><field name='contactemail'><string></string><string></string></field><field name='hasoffsiteevent'><number>0.0</number><number>0.0</number></field><field name='breakoutsessionadditionalpower'><number>0.0</number><number>0.0</number></field><field name='divisionno'><string>0010</string><string></string></field><field name='datedecisioned'><string></string><string></string></field><field name='estimatedemployeecount'><number>200.0</number><number>0.0</number></field><field name='preferredvenue3'><string></string><string></string></field><field name='travelercount'><number>0.0</number><number>0.0</number></field><field name='generalsessionlcdprojector'><number>0.0</number><number>0.0</number></field><field name='meetingstartdate'><dateTime>2016-6-1T5:0:0+0:0</dateTime><string></string></field><field name='meetingid'><string>E8610CD9-C763-49A1-A9DE61B9CAFAABDC</string><string>FA6C54F2-E2E2-4432-8310D64E3C105318</string></field><field name='departmentname'><string>asdf</string><string></string></field><field name='datesurveysent'><string></string><string></string></field><field name='generalsessionscreen'><number>0.0</number><number>0.0</number></field><field name='manageremail'><string>asdf@asdf.com</string><string></string></field><field name='generalsessionenddate'><string></string><string></string></field><field name='generalsessionavneeds'><string></string><string></string></field><field name='generalsessiongroupsize'><number>0.0</number><number>0.0</number></field><field name='generalsessionnotes'><string></string><string></string></field><field name='meetingname'><string>My Meeting</string><string>Test</string></field><field name='surveyemailtext'><string></string><string></string></field><field name='maincurrency'><string>USD</string><string>USD</string></field><field name='breakoutsessionroomrekey'><number>0.0</number><number>0.0</number></field><field name='estimatednonemployeecount'><number>0.0</number><number>0.0</number></field><field name='isprovidinggiveaways'><number>0.0</number><number>0.0</number></field><field name='contactnamelast'><string></string><string></string></field><field name='hasreception'><number>0.0</number><number>0.0</number></field><field name='hasgeneralsession'><number>0.0</number><number>0.0</number></field><field name='generalsessionmicrophone'><number>0.0</number><number>0.0</number></field><field name='doubleoccupancycount'><number>0.0</number><number>0.0</number></field><field name='hasbreakoutsession'><number>0.0</number><number>0.0</number></field><field name='employeeid'><string>DC085543-7B29-4CFC-9C9649ADFBAE9138</string><string>DC085543-7B29-4CFC-9C9649ADFBAE9138</string></field><field name='meetingcity'><string>Chicago</string><string></string></field><field name='generalsessionwiredinternet'><number>0.0</number><number>0.0</number></field><field name='breakoutsessionmicrophone'><number>0.0</number><number>0.0</number></field><field name='starcitemeetingid'><string></string><string></string></field><field name='isretailemployee'><number>0.0</number><number>0.0</number></field><field name='offsiteeventdesc'><string></string><string></string></field><field name='meetingbudgettype'><number>1.0</number><string></string></field><field name='isprovidingvalue'><number>0.0</number><number>0.0</number></field><field name='breakoutsessionavneeds'><string></string><string></string></field><field name='ismaincontact'><number>1.0</number><number>0.0</number></field></recordset></data></wddxPacket>
