<wddxPacket version='1.0'><header/><data><recordset rowCount='1' fieldNames='miscid,miscsubtotal,budgetid,miscdesc,miscqty,miscrate,miscdays' type='coldfusion.sql.QueryTable'><field name='miscid'><string>39DC9E8C-683D-4218-8559943D946A0BFC</string></field><field name='miscsubtotal'><number>0.0</number></field><field name='budgetid'><string>4B7C134C-7969-4FCA-BD9CC817A7AFB3DE</string></field><field name='miscdesc'><string></string></field><field name='miscqty'><number>0.0</number></field><field name='miscrate'><number>0.0</number></field><field name='miscdays'><number>0.0</number></field></recordset></data></wddxPacket>
