<wddxPacket version='1.0'><header/><data><recordset rowCount='4' fieldNames='datestart,dateend,approverid,approverdelegationid,delegatedbyid' type='coldfusion.sql.QueryTable'><field name='datestart'><dateTime>2016-4-5T5:0:0+0:0</dateTime><dateTime>2016-5-2T5:0:0+0:0</dateTime><dateTime>2016-6-1T5:0:0+0:0</dateTime><dateTime>2016-5-3T5:0:0+0:0</dateTime></field><field name='dateend'><dateTime>2016-4-5T5:0:0+0:0</dateTime><dateTime>2016-5-2T5:0:0+0:0</dateTime><dateTime>2016-6-1T5:0:0+0:0</dateTime><dateTime>2016-5-6T5:0:0+0:0</dateTime></field><field name='approverid'><string>800A1DDF-B8CE-4186-B93856CE24938E1C</string><string>C304E1CA-AD83-49FC-B2C1C0DD47BE6BC8</string><string>C304E1CA-AD83-49FC-B2C1C0DD47BE6BC8</string><string>800A1DDF-B8CE-4186-B93856CE24938E1C</string></field><field name='approverdelegationid'><string>6D3E3A23-B5C1-4F49-8BDC8443FBE5EA74</string><string>76211D2F-6DC1-4449-8AFB6F86971B091D</string><string>96D162E0-CB6F-43FF-A561EB838FA943BA</string><string>EBB74143-1DD0-41D9-915EE936D2123F8C</string></field><field name='delegatedbyid'><string>DC085543-7B29-4CFC-9C9649ADFBAE9138</string><string>DC085543-7B29-4CFC-9C9649ADFBAE9138</string><string>DC085543-7B29-4CFC-9C9649ADFBAE9138</string><string>DC085543-7B29-4CFC-9C9649ADFBAE9138</string></field></recordset></data></wddxPacket>
