<wddxPacket version='1.0'><header/><data><recordset rowCount='1' fieldNames='budgetid,dailydelegatepeople,dailydelegatedays,dailydelegateid,dailydelegaterate,dailydelegatesubtotal,dailydelegatedesc' type='coldfusion.sql.QueryTable'><field name='budgetid'><string>4B7C134C-7969-4FCA-BD9CC817A7AFB3DE</string></field><field name='dailydelegatepeople'><number>0.0</number></field><field name='dailydelegatedays'><number>0.0</number></field><field name='dailydelegateid'><string>DFB6F58B-2E72-4E9C-B0F266D5F790557A</string></field><field name='dailydelegaterate'><number>0.0</number></field><field name='dailydelegatesubtotal'><number>0.0</number></field><field name='dailydelegatedesc'><string></string></field></recordset></data></wddxPacket>
