<wddxPacket version='1.0'><header/><data><recordset rowCount='3' fieldNames='PARAMID,FEEDID,PARAM,RELATIONSHIP,FIELD,CONDITION,CRITERIA,DATATYPE' type='coldfusion.sql.QueryTable'><field name='PARAMID'><string>1EF87C11-6450-4742-808044E847D74294</string><string>29BFDE50-D51B-4174-B77ECF88CF315FCF</string><string>8DC288A1-6E31-4A5A-AE13D30C6CA41332</string></field><field name='FEEDID'><string>39CDFB58-0522-4F3F-939BB50E65907295</string><string>0D7C67D7-3664-4F48-8D920CCC95DD88E6</string><string>152BFFF6-7D23-4530-A697398314682DFF</string></field><field name='PARAM'><number>1.0</number><number>1.0</number><number>1.0</number></field><field name='RELATIONSHIP'><string>and</string><string>and</string><string>and</string></field><field name='FIELD'><null/><string>tcontent.displayStart</string><null/></field><field name='CONDITION'><string>Equals</string><string>GTE</string><string>Equals</string></field><field name='CRITERIA'><null/><string>[mura]now()[/mura]</string><null/></field><field name='DATATYPE'><null/><string>timestamp</string><null/></field></recordset></data></wddxPacket>
