<wddxPacket version='1.0'><header/><data><recordset rowCount='10' fieldNames='siteID,contentHistID,requestID,created,chainID,userID,groupID,status' type='coldfusion.sql.QueryTable'><field name='siteID'><string>pw</string><string>dev</string><string>pw</string><string>pw</string><string>pw</string><string>pw</string><string>pw</string><string>pw</string><string>pw</string><string>pw</string></field><field name='contentHistID'><string>99771880-7D7C-4ABF-B7B01A684930389C</string><string>7577AF83-773A-4825-B4D6ED0DB5145157</string><string>FC5885CD-2A3C-4258-8D5E59809400A67F</string><string>4FBFFF50-7880-4EB6-BAEE5688D7D379AE</string><string>A98BF199-C6C8-407E-8C3551065996AE79</string><string>0F7EDBFD-C3D2-4A27-8CE73D91A1154ED6</string><string>8B9A26D2-BBF1-48C5-90FA2CA95AB20503</string><string>9706464D-E129-4388-9DA51288FB6D0A86</string><string>728EC084-3F4B-4C7B-95B0538E2C588403</string><string>9FB2616D-0EDC-4621-A4841180ADDBB24B</string></field><field name='requestID'><string>23C881FB-A0B6-4B6F-A11AFEEA7ACFBE90</string><string>2A75CDB6-323E-43A4-9B64AE7476234E28</string><string>3D9E71D2-4DC0-443C-BC6284693154BD3E</string><string>5FF6DD7C-9549-408E-B34A58D466C69664</string><string>6B3A485F-D122-4469-810571C21AB94E15</string><string>94505584-1BF8-4D18-A8B2712F3C2C5EAC</string><string>ABA5856C-44D2-4E35-ADFB42D3BE0C40CE</string><string>BB8328BD-8694-4EFD-A2B75C92F90B8D0F</string><string>CCBAA53F-2CA0-4D11-95321F41AF96EF49</string><string>F87AB3BF-2163-4FCD-81DCFDA7AD59BEEE</string></field><field name='created'><dateTime>2013-9-30T20:39:3+0:0</dateTime><dateTime>2013-10-31T20:39:6+0:0</dateTime><dateTime>2013-9-30T20:43:4+0:0</dateTime><dateTime>2013-9-30T22:0:49+0:0</dateTime><dateTime>2013-12-5T20:52:28+0:0</dateTime><dateTime>2013-9-30T20:25:34+0:0</dateTime><dateTime>2013-11-7T19:17:29+0:0</dateTime><dateTime>2013-11-7T18:56:33+0:0</dateTime><dateTime>2013-11-7T18:56:33+0:0</dateTime><dateTime>2013-9-30T20:12:40+0:0</dateTime></field><field name='chainID'><string>DA53AFFE-38CC-468E-881E038F38840744</string><string>DA53AFFE-38CC-468E-881E038F38840744</string><string>DA53AFFE-38CC-468E-881E038F38840744</string><string>DA53AFFE-38CC-468E-881E038F38840744</string><string>DA53AFFE-38CC-468E-881E038F38840744</string><string>DA53AFFE-38CC-468E-881E038F38840744</string><string>DA53AFFE-38CC-468E-881E038F38840744</string><string>DA53AFFE-38CC-468E-881E038F38840744</string><string>DA53AFFE-38CC-468E-881E038F38840744</string><string>DA53AFFE-38CC-468E-881E038F38840744</string></field><field name='userID'><string>173C7E2F-BC72-4B53-A7B5165F98E349AF</string><string>22FC551F-FABE-EA01-C6EDD0885DDC1682</string><string>173C7E2F-BC72-4B53-A7B5165F98E349AF</string><string>173C7E2F-BC72-4B53-A7B5165F98E349AF</string><string>22FC551F-FABE-EA01-C6EDD0885DDC1682</string><string>22FC551F-FABE-EA01-C6EDD0885DDC1682</string><string>22FC551F-FABE-EA01-C6EDD0885DDC1682</string><string>22FC551F-FABE-EA01-C6EDD0885DDC1682</string><string>22FC551F-FABE-EA01-C6EDD0885DDC1682</string><string>22FC551F-FABE-EA01-C6EDD0885DDC1682</string></field><field name='groupID'><string>6C7E288A-2757-441F-807ACD36A27088E0</string><string>82ED22C4-221D-4526-8EC40C0199E9E24D</string><string>7599532B-0D1D-4127-8486178919B5BBED</string><string>7599532B-0D1D-4127-8486178919B5BBED</string><string>82ED22C4-221D-4526-8EC40C0199E9E24D</string><string>6C7E288A-2757-441F-807ACD36A27088E0</string><string>82ED22C4-221D-4526-8EC40C0199E9E24D</string><string>7599532B-0D1D-4127-8486178919B5BBED</string><string>82ED22C4-221D-4526-8EC40C0199E9E24D</string><string>34C82B28-BDB4-4122-A8D681EDDC1B1E57</string></field><field name='status'><string>Pending</string><string>Pending</string><string>Approved</string><string>Approved</string><string>Pending</string><string>Pending</string><string>Pending</string><string>Rejected</string><string>Pending</string><string>Pending</string></field></recordset></data></wddxPacket>
