<wddxPacket version='1.0'><header/><data><recordset rowCount='8' fieldNames='tagID,contentID,contentHistID,siteID,tag,taggroup' type='coldfusion.sql.QueryTable'><field name='tagID'><number>728.0</number><number>729.0</number><number>730.0</number><number>731.0</number><number>732.0</number><number>733.0</number><number>734.0</number><number>735.0</number></field><field name='contentID'><string>646B570B-83B3-429E-BA3E30644EF41938</string><string>646B570B-83B3-429E-BA3E30644EF41938</string><string>80C23F7A-067B-4893-AFEE5A9C34180D90</string><string>80C23F7A-067B-4893-AFEE5A9C34180D90</string><string>BC91BD22-4856-41B5-9862E0A2EC90E8CC</string><string>BC91BD22-4856-41B5-9862E0A2EC90E8CC</string><string>2B6FB36D-8D8B-44A4-BEB21F5668F69044</string><string>2B6FB36D-8D8B-44A4-BEB21F5668F69044</string></field><field name='contentHistID'><string>BCFBC346-B4EF-4993-819BBDABC68A7A55</string><string>BCFBC346-B4EF-4993-819BBDABC68A7A55</string><string>19331B33-6FD3-49B4-A6FAAF7685EB70E9</string><string>19331B33-6FD3-49B4-A6FAAF7685EB70E9</string><string>18B6D885-6481-458E-9AED26C1B9B30C54</string><string>18B6D885-6481-458E-9AED26C1B9B30C54</string><string>90977F75-3884-436A-A9BC198603324931</string><string>90977F75-3884-436A-A9BC198603324931</string></field><field name='siteID'><string>MuraBootstrap3</string><string>MuraBootstrap3</string><string>MuraBootstrap3</string><string>MuraBootstrap3</string><string>MuraBootstrap3</string><string>MuraBootstrap3</string><string>MuraBootstrap3</string><string>MuraBootstrap3</string></field><field name='tag'><string>home</string><string>music</string><string>music</string><string>home</string><string>running</string><string>sports</string><string>home</string><string>sports</string></field><field name='taggroup'><string></string><string></string><string></string><string></string><string></string><string></string><string></string><string></string></field></recordset></data></wddxPacket>
