<wddxPacket version='1.0'><header/><data><recordset rowCount='13' fieldNames='categoryID,siteID,parentID,dateCreated,lastUpdate,lastUpdateBy,name,notes,isInterestGroup,isActive,isOpen,sortBy,sortDirection,restrictGroups,path,remoteID,remoteSourceURL,remotePubDate,urltitle,filename,isfeatureable' type='coldfusion.sql.QueryTable'><field name='categoryID'><string>13524550-425D-4EC3-8D6D7A41BAB3965B</string><string>24235762-9939-405E-B335AE54A6232DC0</string><string>2E79E19C-5CB5-4A4D-BA6243E1BC503EE1</string><string>2F5ED6F2-1186-4924-92094069F604D10E</string><string>440367D7-126F-4E4E-A17BA0AB1DE1869B</string><string>4E13A4D5-AA52-4C3F-B89E75B4A37C4840</string><string>95CD19BD-B0E9-4A6B-85CF5ADA24895AC0</string><string>A078491B-1059-4E57-A9CF51F1A3F24200</string><string>B5064FFA-77D5-473A-891496C284D2E585</string><string>BEE2FFDB-14EE-4D63-85067C5AB28FA9D0</string><string>DB30CB1D-6EBF-4D75-9B36DAD7FB4F50CC</string><string>EBF926B9-FC2D-44F6-B0C3E35EA999518B</string><string>F4904099-4283-4325-AD0C55FAF090210B</string></field><field name='siteID'><string>MuraBootstrap3</string><string>MuraBootstrap3</string><string>MuraBootstrap3</string><string>MuraBootstrap3</string><string>MuraBootstrap3</string><string>MuraBootstrap3</string><string>MuraBootstrap3</string><string>MuraBootstrap3</string><string>MuraBootstrap3</string><string>MuraBootstrap3</string><string>MuraBootstrap3</string><string>MuraBootstrap3</string><string>MuraBootstrap3</string></field><field name='parentID'><string>4E13A4D5-AA52-4C3F-B89E75B4A37C4840</string><string>4E13A4D5-AA52-4C3F-B89E75B4A37C4840</string><string>4E13A4D5-AA52-4C3F-B89E75B4A37C4840</string><string>4E13A4D5-AA52-4C3F-B89E75B4A37C4840</string><string>4E13A4D5-AA52-4C3F-B89E75B4A37C4840</string><string></string><string>4E13A4D5-AA52-4C3F-B89E75B4A37C4840</string><string>4E13A4D5-AA52-4C3F-B89E75B4A37C4840</string><string></string><string>4E13A4D5-AA52-4C3F-B89E75B4A37C4840</string><string>4E13A4D5-AA52-4C3F-B89E75B4A37C4840</string><string>B5064FFA-77D5-473A-891496C284D2E585</string><string>B5064FFA-77D5-473A-891496C284D2E585</string></field><field name='dateCreated'><dateTime>2012-11-27T16:12:39+0:0</dateTime><dateTime>2013-9-20T23:39:24+0:0</dateTime><dateTime>2012-11-27T16:9:49+0:0</dateTime><dateTime>2012-11-27T16:10:10+0:0</dateTime><dateTime>2012-11-27T16:13:3+0:0</dateTime><dateTime>2012-11-27T16:9:32+0:0</dateTime><dateTime>2012-11-27T19:36:20+0:0</dateTime><dateTime>2012-11-27T16:10:32+0:0</dateTime><dateTime>2012-11-27T21:8:58+0:0</dateTime><dateTime>2012-11-27T16:11:0+0:0</dateTime><dateTime>2012-11-27T16:10:19+0:0</dateTime><dateTime>2013-9-20T22:31:7+0:0</dateTime><dateTime>2012-11-27T21:9:7+0:0</dateTime></field><field name='lastUpdate'><dateTime>2012-11-27T16:12:39+0:0</dateTime><dateTime>2013-9-20T23:39:24+0:0</dateTime><dateTime>2012-11-27T16:9:49+0:0</dateTime><dateTime>2012-11-27T16:10:10+0:0</dateTime><dateTime>2012-11-27T16:13:3+0:0</dateTime><dateTime>2012-11-27T16:9:32+0:0</dateTime><dateTime>2012-11-27T19:36:20+0:0</dateTime><dateTime>2012-11-27T16:10:32+0:0</dateTime><dateTime>2012-11-27T21:8:58+0:0</dateTime><dateTime>2012-11-27T16:11:0+0:0</dateTime><dateTime>2012-11-27T16:10:19+0:0</dateTime><dateTime>2013-9-20T22:31:7+0:0</dateTime><dateTime>2012-11-27T21:9:7+0:0</dateTime></field><field name='lastUpdateBy'><string>Steve Withington</string><string>Steve Withington</string><string>Steve Withington</string><string>Steve Withington</string><string>Steve Withington</string><string>Steve Withington</string><string>Steve Withington</string><string>Steve Withington</string><string>Steve Withington</string><string>Steve Withington</string><string>Steve Withington</string><string>Steve Withington</string><string>Steve Withington</string></field><field name='name'><string>Opinion</string><string>Weather</string><string>Business</string><string>Politics</string><string>Health &amp; Science</string><string>News Categories</string><string>Technology</string><string>World News</string><string>Event Categories</string><string>Arts &amp; Culture</string><string>Local News</string><string>MuraCon</string><string>Mura CMS Training</string></field><field name='notes'><string></string><string></string><string></string><string></string><string></string><string></string><string></string><string></string><string></string><string></string><string></string><string></string><string></string></field><field name='isInterestGroup'><number>1.0</number><number>1.0</number><number>1.0</number><number>1.0</number><number>1.0</number><number>0.0</number><number>1.0</number><number>1.0</number><number>0.0</number><number>1.0</number><number>1.0</number><number>1.0</number><number>1.0</number></field><field name='isActive'><number>1.0</number><number>1.0</number><number>1.0</number><number>1.0</number><number>1.0</number><number>1.0</number><number>1.0</number><number>1.0</number><number>1.0</number><number>1.0</number><number>1.0</number><number>1.0</number><number>1.0</number></field><field name='isOpen'><number>1.0</number><number>1.0</number><number>1.0</number><number>1.0</number><number>1.0</number><number>0.0</number><number>1.0</number><number>1.0</number><number>0.0</number><number>1.0</number><number>1.0</number><number>1.0</number><number>1.0</number></field><field name='sortBy'><string>orderno</string><string>orderno</string><string>orderno</string><string>orderno</string><string>orderno</string><string>orderno</string><string>orderno</string><string>orderno</string><string>orderno</string><string>orderno</string><string>orderno</string><string>orderno</string><string>orderno</string></field><field name='sortDirection'><string>asc</string><string>asc</string><string>asc</string><string>asc</string><string>asc</string><string>asc</string><string>asc</string><string>asc</string><string>asc</string><string>asc</string><string>asc</string><string>asc</string><string>asc</string></field><field name='restrictGroups'><string></string><string></string><string></string><string></string><string></string><string></string><string></string><string></string><string></string><string></string><string></string><string></string><string></string></field><field name='path'><string>4E13A4D5-AA52-4C3F-B89E75B4A37C4840,13524550-425D-4EC3-8D6D7A41BAB3965B</string><string>4E13A4D5-AA52-4C3F-B89E75B4A37C4840,24235762-9939-405E-B335AE54A6232DC0</string><string>4E13A4D5-AA52-4C3F-B89E75B4A37C4840,2E79E19C-5CB5-4A4D-BA6243E1BC503EE1</string><string>4E13A4D5-AA52-4C3F-B89E75B4A37C4840,2F5ED6F2-1186-4924-92094069F604D10E</string><string>4E13A4D5-AA52-4C3F-B89E75B4A37C4840,440367D7-126F-4E4E-A17BA0AB1DE1869B</string><string>4E13A4D5-AA52-4C3F-B89E75B4A37C4840</string><string>4E13A4D5-AA52-4C3F-B89E75B4A37C4840,95CD19BD-B0E9-4A6B-85CF5ADA24895AC0</string><string>4E13A4D5-AA52-4C3F-B89E75B4A37C4840,A078491B-1059-4E57-A9CF51F1A3F24200</string><string>B5064FFA-77D5-473A-891496C284D2E585</string><string>4E13A4D5-AA52-4C3F-B89E75B4A37C4840,BEE2FFDB-14EE-4D63-85067C5AB28FA9D0</string><string>4E13A4D5-AA52-4C3F-B89E75B4A37C4840,DB30CB1D-6EBF-4D75-9B36DAD7FB4F50CC</string><string>B5064FFA-77D5-473A-891496C284D2E585,EBF926B9-FC2D-44F6-B0C3E35EA999518B</string><string>B5064FFA-77D5-473A-891496C284D2E585,F4904099-4283-4325-AD0C55FAF090210B</string></field><field name='remoteID'><string></string><string></string><string></string><string></string><string></string><string></string><string></string><string></string><string></string><string></string><string></string><string></string><string></string></field><field name='remoteSourceURL'><string></string><string></string><string></string><string></string><string></string><string></string><string></string><string></string><string></string><string></string><string></string><string></string><string></string></field><field name='remotePubDate'><string></string><string></string><string></string><string></string><string></string><string></string><string></string><string></string><string></string><string></string><string></string><string></string><string></string></field><field name='urltitle'><string>opinion</string><string>weather</string><string>business</string><string>politics</string><string>health-science</string><string>news-categories</string><string>technology</string><string>world-news</string><string>event-categories</string><string>arts-culture</string><string>local-news</string><string>muracon</string><string>mura-cms-training</string></field><field name='filename'><string>news-categories/opinion</string><string>news-categories/weather</string><string>news-categories/business</string><string>news-categories/politics</string><string>news-categories/health-science</string><string>news-categories</string><string>news-categories/technology</string><string>news-categories/world-news</string><string>event-categories</string><string>news-categories/arts-culture</string><string>news-categories/local-news</string><string>event-categories/muracon</string><string>event-categories/mura-cms-training</string></field><field name='isfeatureable'><number>0.0</number><number>1.0</number><number>0.0</number><number>0.0</number><number>0.0</number><number>0.0</number><number>0.0</number><number>0.0</number><number>0.0</number><number>0.0</number><number>0.0</number><number>1.0</number><number>0.0</number></field></recordset></data></wddxPacket>
