<wddxPacket version='1.0'><header/><data><recordset rowCount='42' fieldNames='contentID,archiveid,url,siteID,filename' type='coldfusion.sql.QueryTable'><field name='contentID'><string>C43BC53C-60A5-4A41-8FF7209DAA3C2450</string><string>F419B37B-0368-42E9-9378BE16275C420F</string><string>8771314D-DB80-4E83-B74A6AB19795EED5</string><string>75DEAE5D-5FB1-4229-84F5EFD15626C6CE</string><string>06E76421-4405-4431-99A89B05E1BC6670</string><string>DE0E498F-3714-41E6-BC155E8D49BD567C</string><string>5B18DDB5-3C8E-4631-856BD5C417202B82</string><string>3663395B-216F-40E8-947761ECCDE79413</string><string>453E98C7-5B6F-452F-8E9E28FBAD9F11E6</string><string>453E98C7-5B6F-452F-8E9E28FBAD9F11E6</string><string>49BEA787-4D41-487D-9071B01B00EF78CB</string><string>B8AB48DA-52D5-4542-88F37E7276E84AED</string><string>7E684DDE-C637-4330-8BAEB7168FEB2849</string><string>5C40FA66-C1E9-49D4-80B4E7AE60A9478A</string><string>00000000000000000000000000000000001</string><string>3C4988F5-2664-438C-A3541D1DE44DF634</string><string>C6BFF8EF-DB99-4785-873FB10D8AC0F6C0</string><string>C2DE7F6C-BB6B-4497-9C0F0BD5EED8CCC6</string><string>1123DED7-2F42-491A-B918C9C3DBCE151D</string><string>B5D15383-6E99-406B-BFEDB2EC3D8A55A8</string><string>69C1E133-1F6B-4D24-8D3ACC8742018BD4</string><string>BFCAAA6F-363C-479A-8CBB6174B8DFA01A</string><string>54B698FC-128F-4B6A-AB2C83399252FF88</string><string>33AB844A-1C1F-41B2-AA21BCF76A59927F</string><string>7A40AB5A-AC18-40DC-922DEC344BE27C64</string><string>FCD78367-9568-4E20-917BDF8378AB35A0</string><string>C87483F4-9910-4794-B0B6B11086F300A6</string><string>32558A62-2A73-4687-891231E3775526B9</string><string>77C86AA8-443C-4006-BDBB8C7ACA868218</string><string>34769302-E2E7-411B-825BC19FAA7DCDD8</string><string>2590D40E-4825-41C9-842C7801CB15DC1A</string><string>4279DB35-A0F1-4C1B-92AB5B3A68E7D27F</string><string>6A8AB83A-EF68-4C79-8098CE76C435EEA6</string><string>EFE738E8-272C-487E-812821E3761FCAB4</string><string>160DC7FF-A43F-4276-BFDB2AD9BD7AF7DF</string><string>43E15AAE-3009-46E3-B391F5009F2828CF</string><string>6208AD60-A422-4E58-94F1D07C23898C06</string><string>0C37E7A7-0556-46D9-BFC43AFA5932EAE9</string><string>0C37E7A7-0556-46D9-BFC43AFA5932EAE9</string><string>B16BF3AA-E8B6-4210-B599DC6E7BAAB9CD</string><string>EA442FF1-B613-420A-9C491072E103EF1A</string><string>774A2D45-230F-45B5-9F7095A6F9A7CC4B</string></field><field name='archiveid'><string>0BC098E1-1006-4572-B422D6C5429298C7</string><string>0FC42A19-576D-489D-8CBD2A2604BD68D4</string><string>1BB3E6BA-D8C1-440D-82203074C70F0CDA</string><string>1CD33C8B-45A9-47C7-BDC195EC60AD3DE9</string><string>1E7B5740-7949-4126-99937031354DB519</string><string>23BE6585-7660-4DB0-8039B92E8D2D7FCE</string><string>290B3677-718C-466F-95118C84FAF3BB53</string><string>2A960E3D-4016-46D0-A14067186DE28764</string><string>2E7A4032-2B8A-40DD-B6C4A0A71A08E2F0</string><string>3525D9EA-D011-4AB2-9CF818DA57006C30</string><string>36771C09-A608-4ED4-9AA78803F6B35D9C</string><string>37D2EFDB-C39B-4F42-99D9DA5D18C75982</string><string>3DD3B5A3-2F02-4F6B-AF58770DEEA946EB</string><string>3EE5D090-516E-46DC-B8186DF8F1DCADC7</string><string>48AA3A51-480A-4560-A5F00AC6A83709A7</string><string>494476F6-F602-45F1-AE9FEF053D8F5E9D</string><string>510C85AB-214D-4A0A-B222C6CBE9DCBA0B</string><string>54247D64-F847-46C8-9E5ECF644B03C27B</string><string>5FA655A2-8BD7-4DBF-B50BAF2720A1D531</string><string>6CB11C5C-BCB9-4977-838AFEC6C0ED9728</string><string>7272B4E5-A9B6-45A2-888A8F7C52DD9FCF</string><string>72EEC6D2-4041-4279-B25E95F02FD41FBA</string><string>73188E8B-F7A2-4394-AD0DC5BD98DF550B</string><string>8069E83B-7057-436D-B264371E302BB6C4</string><string>89C05AAD-15EA-412E-BDE34DAA6F6121B5</string><string>90CD8218-D1DB-4D5B-8064F4BAAD5FEB59</string><string>922B7BA3-0C54-49ED-BFFBB473C33C8B8C</string><string>95200F5E-7F48-49DD-8A13996D377BDB59</string><string>95393042-1C44-4A5E-92151E8D20390333</string><string>9D331925-A23D-495E-A340F02CB838827E</string><string>A01EA068-B596-42B9-8B1A4DCA74319FD0</string><string>A1AF2B31-899D-4942-BF1C628B65516D72</string><string>BE0CF80E-E994-45B3-9C424D4115648B57</string><string>C70C2DE4-1914-4AD8-B9203EFB33908116</string><string>C79F1E0E-87F0-4AD6-BD10164ACA3E58CB</string><string>CD436D7C-A941-4C83-88D16692392E1B31</string><string>D0790D4F-071C-4A74-B39F7B050F79ED9C</string><string>D180FC56-D656-432B-A7C61AD9B0BDE0C3</string><string>D665399D-D5C7-468F-8597637DBA8BD298</string><string>DDD2F982-A769-4802-9BBA18EAE29AE099</string><string>DE3DA024-51B7-49B8-B4B238873742EFB8</string><string>E0208B5C-1B18-4787-9A8D81DDE5FD7DF3</string></field><field name='url'><string></string><string></string><string></string><string></string><string></string><string></string><string></string><string></string><string></string><string></string><string></string><string></string><string></string><string></string><string></string><string></string><string></string><string></string><string></string><string></string><string></string><string></string><string></string><string></string><string></string><string></string><string></string><string></string><string></string><string></string><string></string><string></string><string></string><string></string><string></string><string></string><string></string><string></string><string></string><string></string><string></string><string></string></field><field name='siteID'><string>default</string><string>demo</string><string>dev</string><string>dev</string><string>dev</string><string>dev</string><string>dev</string><string>dev</string><string>dev</string><string>dev</string><string>default</string><string>dev</string><string>dev</string><string>dev</string><string>dev</string><string>dev</string><string>dev</string><string>dev</string><string>getmura</string><string>dev</string><string>dev</string><string>dev</string><string>dev</string><string>dev</string><string>pw</string><string>dev</string><string>default</string><string>dev</string><string>dev</string><string>dev</string><string>dev</string><string>dev</string><string>dev</string><string>dev</string><string>dev</string><string>dev</string><string>dev</string><string>dev</string><string>dev</string><string>pw</string><string>default</string><string>dev</string></field><field name='filename'><string>news/muracon-2014</string><string></string><string>file-repo/amtrak-cafwpng1</string><string>file-repo/nytropng</string><string>file-repo/cf-communitypng</string><string>file-repo/books-slide</string><string>mura-objects/navigation-examples/folder-navigation/folder-1/folder-11/file-repo/file-repo/attack-amp-defend-ball-tagpdf</string><string>mura-objects/navigation-examples/folder-navigation/folder-1/folder-11/file-repo/file-repo/4-letter-extension</string><string>mura-objects/navigation-examples/folder-navigation/folder-1/folder-11/file-repo/kjhfkljshdflksdjhgdnvmxnvxcnvkldsjhflwefdsnvsdjfhkljdhfgkldfjhglksdfjgh</string><string>mura-objects/navigation-examples/folder-navigation/folder-1/folder-11/file-repo/thisisareallylongtitleforadocumentthatimgoingtouplaod</string><string>news/slider-shadowpng</string><string>mura-objects/navigation-examples/folder-navigation/folder-1/folder-11/file-repo/file-repo/sponsorspng</string><string>gallery/fence-filteredjpg</string><string>file-repo/get-it-done</string><string></string><string>mura-objects/navigation-examples/folder-navigation/folder-1/folder-11/file-repo</string><string>mura-objects/navigation-examples/folder-navigation/folder-1/folder-11/file-repo/file-repo</string><string>file-repo/iccopng</string><string>blog</string><string>file-repo/amtrak-cafwpng</string><string>file-repo/cf-communitypng1</string><string>gallery</string><string>file-repo/adventure-cyclingpng1</string><string>gallery/bench-hi-resjpg</string><string>about/loyalty-program</string><string>gallery/prickv1jpg</string><string>blog</string><string>gallery/cuba-cupjpg</string><string>gallery/night-cityjpg</string><string>news</string><string>file-repo/one-world</string><string>file-repo/zoolandered</string><string>gallery/alejandroescamilla-springmorningjpg</string><string>blog-aggregator</string><string>file-repo/slide-muracloudpng</string><string>file-repo/adventure-cyclingpng</string><string>mura-objects/navigation-examples/folder-navigation/folder-1/folder-11/file-repo/file-repo/pass-to-space-run-with-ball-and-shoot-gamepdf</string><string>thisisareallylongtitlethatineedtohaveto-replicatewhathappenswhenatitleisreallysuperduperlong</string><string>thisisareallylongtitlethatineedtohavetoreplicatewhathappenswhenatitleisreallysuperduperlong</string><string>about/new-contact-page</string><string>about</string><string>blog</string></field></recordset></data></wddxPacket>
