<wddxPacket version='1.0'><header/><data><recordset rowCount='2' fieldNames='commenterID,name,remoteID,email' type='coldfusion.sql.QueryTable'><field name='commenterID'><string>CB498FDF-85EE-450E-8D5F739BB5D545AF</string><string>D89B18D2-87EE-4ACD-94D9DE0D76882E74</string></field><field name='name'><string>Sean Schroeder</string><string>Sean</string></field><field name='remoteID'><string>22FC551F-FABE-EA01-C6EDD0885DDC1682</string><string>sean.schroeder@blueriver.com</string></field><field name='email'><string>s@blueriver.com</string><string>sean.schroeder@blueriver.com</string></field></recordset></data></wddxPacket>
