<wddxPacket version='1.0'><header/><data><recordset rowCount='3' fieldNames='paramID,feedID,param,relationship,field,condition,criteria,dataType' type='coldfusion.sql.QueryTable'><field name='paramID'><string>09B9B5C0-C845-4635-8DE05C2F0F07E8E8</string><string>34AB4DA2-A7F7-4225-9A87FAF232887C75</string><string>64B2C497-BB51-43C2-819C6A5BDA91080D</string></field><field name='feedID'><string>663F09C0-51A6-4B52-A84F5DAAE9441F43</string><string>EDA0CE79-CD3A-45F8-958FBC9FE3F1C32A</string><string>545F4A84-7397-4A2D-B171D010F443710B</string></field><field name='param'><number>1.0</number><number>1.0</number><number>1.0</number></field><field name='relationship'><string>and</string><string>and</string><string>and</string></field><field name='field'><string></string><string></string><string>tcontent.displayStart</string></field><field name='condition'><string>Equals</string><string>Equals</string><string>GTE</string></field><field name='criteria'><string></string><string></string><string>[mura]now()[/mura]</string></field><field name='dataType'><string></string><string></string><string>timestamp</string></field></recordset></data></wddxPacket>
