<wddxPacket version='1.0'><header/><data><recordset rowCount='0' fieldNames='objectID,parentID,siteID,objectClass,objectType,objectSubType,objectLabel,objectstring,deletedDate,deletedBy,deleteid,orderno' type='coldfusion.sql.QueryTable'><field name='objectID'></field><field name='parentID'></field><field name='siteID'></field><field name='objectClass'></field><field name='objectType'></field><field name='objectSubType'></field><field name='objectLabel'></field><field name='objectstring'></field><field name='deletedDate'></field><field name='deletedBy'></field><field name='deleteid'></field><field name='orderno'></field></recordset></data></wddxPacket>
