<wddxPacket version='1.0'><header/><data><recordset rowCount='0' fieldNames='commentid,contentid,contenthistid,url,name,comments,entered,email,siteid,ip,isApproved,subscribe,userID,parentID,path,remoteID,flagCount,isSpam,isDeleted' type='coldfusion.sql.QueryTable'><field name='commentid'></field><field name='contentid'></field><field name='contenthistid'></field><field name='url'></field><field name='name'></field><field name='comments'></field><field name='entered'></field><field name='email'></field><field name='siteid'></field><field name='ip'></field><field name='isApproved'></field><field name='subscribe'></field><field name='userID'></field><field name='parentID'></field><field name='path'></field><field name='remoteID'></field><field name='flagCount'></field><field name='isSpam'></field><field name='isDeleted'></field></recordset></data></wddxPacket>
