<wddxPacket version='1.0'><header/><data><recordset rowCount='3' fieldNames='feedID,itemID,type' type='coldfusion.sql.QueryTable'><field name='feedID'><string>545F4A84-7397-4A2D-B171D010F443710B</string><string>EDA0CE79-CD3A-45F8-958FBC9FE3F1C32A</string><string>663F09C0-51A6-4B52-A84F5DAAE9441F43</string></field><field name='itemID'><string>0DEFD0A5-D073-42B1-B0664DE081C0C82B</string><string>AC5C31B9-5FC4-4EFD-8B9F95E23F43EF5D</string><string>3CDA42FC-9157-482B-BF68804CBF57DB01</string></field><field name='type'><string>contentID</string><string>contentID</string><string>contentID</string></field></recordset></data></wddxPacket>
