<wddxPacket version='1.0'><header/><data><recordset rowCount='8' fieldNames='parentID,groupID,comments,actionType,requestID,created,actiontID,chainID,userID,siteID' type='coldfusion.sql.QueryTable'><field name='parentID'><string></string><string></string><string></string><string></string><string></string><string></string><string></string><string></string></field><field name='groupID'><string>82ED22C4-221D-4526-8EC40C0199E9E24D</string><string>7599532B-0D1D-4127-8486178919B5BBED</string><string>34C82B28-BDB4-4122-A8D681EDDC1B1E57</string><string>7599532B-0D1D-4127-8486178919B5BBED</string><string>82ED22C4-221D-4526-8EC40C0199E9E24D</string><string>6C7E288A-2757-441F-807ACD36A27088E0</string><string>7599532B-0D1D-4127-8486178919B5BBED</string><string>82ED22C4-221D-4526-8EC40C0199E9E24D</string></field><field name='comments'><string></string><string>This is really bad. Do it over.</string><string>Thanks!</string><string></string><string>Looks great!</string><string>Looking good</string><string>Perfect!</string><string></string></field><field name='actionType'><string>Approval</string><string>Rejection</string><string>Approval</string><string>Approval</string><string>Approval</string><string>Approval</string><string>Approval</string><string>Approval</string></field><field name='requestID'><string>3D9E71D2-4DC0-443C-BC6284693154BD3E</string><string>BB8328BD-8694-4EFD-A2B75C92F90B8D0F</string><string>F87AB3BF-2163-4FCD-81DCFDA7AD59BEEE</string><string>3D9E71D2-4DC0-443C-BC6284693154BD3E</string><string>5FF6DD7C-9549-408E-B34A58D466C69664</string><string>F87AB3BF-2163-4FCD-81DCFDA7AD59BEEE</string><string>5FF6DD7C-9549-408E-B34A58D466C69664</string><string>BB8328BD-8694-4EFD-A2B75C92F90B8D0F</string></field><field name='created'><dateTime>2013-9-30T20:44:9+0:0</dateTime><dateTime>2013-11-7T18:59:37+0:0</dateTime><dateTime>2013-9-30T20:41:21+0:0</dateTime><dateTime>2013-9-30T20:44:46+0:0</dateTime><dateTime>2013-9-30T22:3:46+0:0</dateTime><dateTime>2013-9-30T20:22:22+0:0</dateTime><dateTime>2013-9-30T22:4:22+0:0</dateTime><dateTime>2013-11-7T18:57:19+0:0</dateTime></field><field name='actiontID'><string>3AC1A49F-F66D-4BAD-8642792C5B95B304</string><string>4C7AF3D7-0EC2-465F-906F7E3DED6A9A36</string><string>9785A97C-17AE-4CF7-B2E5454474E9BDAF</string><string>ADF417C6-4793-480B-ACF8A572A7BBFE7A</string><string>B46479DC-A653-487B-86C763444D4160C9</string><string>BF01D99B-D9F7-412F-8ACDB9D7A943437F</string><string>D6D4DD62-F7A5-4286-87CC4DEEC037E942</string><string>F5C9988A-7900-4CF4-AB9D0B4C5240CA2F</string></field><field name='chainID'><string>DA53AFFE-38CC-468E-881E038F38840744</string><string>DA53AFFE-38CC-468E-881E038F38840744</string><string>DA53AFFE-38CC-468E-881E038F38840744</string><string>DA53AFFE-38CC-468E-881E038F38840744</string><string>DA53AFFE-38CC-468E-881E038F38840744</string><string>DA53AFFE-38CC-468E-881E038F38840744</string><string>DA53AFFE-38CC-468E-881E038F38840744</string><string>DA53AFFE-38CC-468E-881E038F38840744</string></field><field name='userID'><string>22FC551F-FABE-EA01-C6EDD0885DDC1682</string><string>22FC551F-FABE-EA01-C6EDD0885DDC1682</string><string>22FC551F-FABE-EA01-C6EDD0885DDC1682</string><string>22FC551F-FABE-EA01-C6EDD0885DDC1682</string><string>22FC551F-FABE-EA01-C6EDD0885DDC1682</string><string>173C7E2F-BC72-4B53-A7B5165F98E349AF</string><string>22FC551F-FABE-EA01-C6EDD0885DDC1682</string><string>22FC551F-FABE-EA01-C6EDD0885DDC1682</string></field><field name='siteID'><string>pw</string><string>pw</string><string>pw</string><string>pw</string><string>pw</string><string>pw</string><string>pw</string><string>pw</string></field></recordset></data></wddxPacket>
