<wddxPacket version='1.0'><header/><data><recordset rowCount='12' fieldNames='fileID,contentid,siteid,moduleid,filename,image,imageSmall,imageMedium,fileSize,contentType,contentSubType,fileExt,created,deleted,credits,caption,alttext,remoteSource,remoteSourceURL,remotePubDate,remoteID,remoteURL' type='coldfusion.sql.QueryTable'><field name='fileID'><string>0ECAB988-3EA8-4FD0-AF4CBC2037E2B669</string><string>492AED0F-4E81-4A82-8E9E7D79B2345467</string><string>4FC2E57D-4845-459E-A4A010FAA8B0AE97</string><string>59C4ED7C-062E-4FCA-9633E27828544B90</string><string>6025F270-6131-4C23-923FE6CB857C0309</string><string>6C43B70B-B857-40D3-84747A82273E21E5</string><string>9384D776-C57A-4782-96CFBB6227F0FFC5</string><string>AE2E6093-C0F7-4703-8F4FE2615209AF31</string><string>AE2FA3ED-FE38-4AE6-9E074EA43727DB63</string><string>BC12F140-6C70-44B9-9EDA00687DD26CA7</string><string>CB53B62D-F4EF-4AF3-A3C1B5638C8C49D2</string><string>F3B7343B-D740-463B-BB40F5D0BB882DAA</string></field><field name='contentid'><string>6079E1DA-FB5F-42AF-96CBDA7C608072DD</string><string>0822B24C-A689-440D-9CC4213C05765A7C</string><string>80C23F7A-067B-4893-AFEE5A9C34180D90</string><string>2B6FB36D-8D8B-44A4-BEB21F5668F69044</string><string>9715B03A-4295-40F3-96418F2B6E49C028</string><string>31EBB429-D054-4CA0-8C39CF677CA2F053</string><string>646B570B-83B3-429E-BA3E30644EF41938</string><string>F6A3D87E-9279-4076-97B89978B70F9927</string><string>7C39C789-4093-4398-A9480AE799EBB642</string><string>3B4933B1-D5DC-4876-A86A8EC1FA25994D</string><string>AB300CAF-C90D-4387-96395E35A9BC3C25</string><string>BC91BD22-4856-41B5-9862E0A2EC90E8CC</string></field><field name='siteid'><string>MuraBootstrap3</string><string>MuraBootstrap3</string><string>MuraBootstrap3</string><string>MuraBootstrap3</string><string>MuraBootstrap3</string><string>MuraBootstrap3</string><string>MuraBootstrap3</string><string>MuraBootstrap3</string><string>MuraBootstrap3</string><string>MuraBootstrap3</string><string>MuraBootstrap3</string><string>MuraBootstrap3</string></field><field name='moduleid'><string>00000000000000000000000000000000000</string><string>00000000000000000000000000000000000</string><string>00000000000000000000000000000000000</string><string>00000000000000000000000000000000000</string><string>00000000000000000000000000000000000</string><string>00000000000000000000000000000000000</string><string>00000000000000000000000000000000000</string><string>00000000000000000000000000000000000</string><string>00000000000000000000000000000000000</string><string>00000000000000000000000000000000000</string><string>00000000000000000000000000000000000</string><string>00000000000000000000000000000000000</string></field><field name='filename'><string>sample-annual-report.pdf</string><string>61DFDEB1-45D8-4645-938727BD03E382B0_source.jpg</string><string>A311A76D-F2D9-463D-A26655599CF16982_source.jpg</string><string>6FE5203B-DAB0-41B5-BE1E8E6E9F7ED965_source.jpeg</string><string>30BA5898-1490-4C2E-99A7634A7A9DCDC2_source.jpg</string><string>28A5C6D3-A318-4A18-B80ED3277FD0439E_source.jpg</string><string>955A12E0-9E5E-48BA-922600A519E7A314_source.jpg</string><string>62A8772C-9CE4-4128-84F5CB790A079761_source.jpg</string><string>703E9D29-C979-4416-9E31D111AD5FED93_source.jpg</string><string>5F93A4B4-7E64-440F-9604D2BAF365864B_source.jpg</string><string>C97D5C19-7965-49DC-AA47DEF85C7BDF07_source.jpg</string><string>3FD8FA3B-57C5-4202-B9F03C776E8DD778_source.jpg</string></field><field name='image'><string></string><string></string><string></string><string></string><string></string><string></string><string></string><string></string><string></string><string></string><string></string><string></string></field><field name='imageSmall'><string></string><string></string><string></string><string></string><string></string><string></string><string></string><string></string><string></string><string></string><string></string><string></string></field><field name='imageMedium'><string></string><string></string><string></string><string></string><string></string><string></string><string></string><string></string><string></string><string></string><string></string><string></string></field><field name='fileSize'><number>20318.0</number><number>4245010.0</number><number>473493.0</number><number>3604232.0</number><number>3791376.0</number><number>777056.0</number><number>1071255.0</number><number>4090658.0</number><number>618361.0</number><number>4597525.0</number><number>506108.0</number><number>456354.0</number></field><field name='contentType'><string>application</string><string>image</string><string>image</string><string>image</string><string>image</string><string>image</string><string>image</string><string>image</string><string>image</string><string>image</string><string>image</string><string>image</string></field><field name='contentSubType'><string>pdf</string><string>jpeg</string><string>jpeg</string><string>jpeg</string><string>jpeg</string><string>jpeg</string><string>jpeg</string><string>jpeg</string><string>jpeg</string><string>jpeg</string><string>jpeg</string><string>jpeg</string></field><field name='fileExt'><string>pdf</string><string>jpg</string><string>jpg</string><string>jpeg</string><string>jpg</string><string>jpg</string><string>jpg</string><string>jpg</string><string>jpg</string><string>jpg</string><string>jpg</string><string>jpg</string></field><field name='created'><dateTime>2012-11-27T21:22:32+0:0</dateTime><dateTime>2013-9-25T22:51:50+0:0</dateTime><dateTime>2013-9-25T23:48:37+0:0</dateTime><dateTime>2013-9-25T23:42:25+0:0</dateTime><dateTime>2013-9-25T22:54:5+0:0</dateTime><dateTime>2013-9-25T23:25:33+0:0</dateTime><dateTime>2013-9-25T23:44:28+0:0</dateTime><dateTime>2013-9-25T22:55:17+0:0</dateTime><dateTime>2013-9-25T23:1:39+0:0</dateTime><dateTime>2013-9-25T22:58:32+0:0</dateTime><dateTime>2013-9-25T23:26:34+0:0</dateTime><dateTime>2013-9-25T23:49:16+0:0</dateTime></field><field name='deleted'><number>0.0</number><number>0.0</number><number>0.0</number><number>0.0</number><number>0.0</number><number>0.0</number><number>0.0</number><number>0.0</number><number>0.0</number><number>0.0</number><number>0.0</number><number>0.0</number></field><field name='credits'><string></string><string></string><string></string><string></string><string></string><string></string><string></string><string></string><string></string><string></string><string></string><string></string></field><field name='caption'><string></string><string></string><string>&lt;p&gt;Lorem ipsum dolor sit amet, consectetur adipiscing elit. Praesent suscipit iaculis libero sed tristique. Quisque mollis dolor non tellus placerat vitae sodales lectus porta. Curabitur ut suscipit tellus.&lt;/p&gt;</string><string>&lt;p&gt;Lorem ipsum dolor sit amet, consectetur adipiscing elit. Praesent suscipit iaculis libero sed tristique. Quisque mollis dolor non tellus placerat vitae sodales lectus porta. Curabitur ut suscipit tellus.&lt;/p&gt;</string><string></string><string>&lt;p&gt;Lorem ipsum dolor sit amet, consectetur adipiscing elit. Praesent suscipit iaculis libero sed tristique. Quisque mollis dolor non tellus placerat vitae sodales lectus porta. Curabitur ut suscipit tellus.&lt;/p&gt;</string><string>&lt;p&gt;Lorem ipsum dolor sit amet, consectetur adipiscing elit. Praesent suscipit iaculis libero sed tristique. Quisque mollis dolor non tellus placerat vitae sodales lectus porta. Curabitur ut suscipit tellus.&lt;/p&gt;</string><string></string><string>&lt;p&gt;Lorem ipsum dolor sit amet, consectetur adipiscing elit. Praesent suscipit iaculis libero sed tristique. Quisque mollis dolor non tellus placerat vitae sodales lectus porta. Curabitur ut suscipit tellus.&lt;/p&gt;</string><string></string><string>&lt;p&gt;Lorem ipsum dolor sit amet, consectetur adipiscing elit. Praesent suscipit iaculis libero sed tristique. Quisque mollis dolor non tellus placerat vitae sodales lectus porta. Curabitur ut suscipit tellus.&lt;/p&gt;</string><string>&lt;p&gt;Lorem ipsum dolor sit amet, consectetur adipiscing elit. Praesent suscipit iaculis libero sed tristique. Quisque mollis dolor non tellus placerat vitae sodales lectus porta. Curabitur ut suscipit tellus.&lt;/p&gt;</string></field><field name='alttext'><string></string><string></string><string></string><string></string><string></string><string></string><string></string><string></string><string></string><string></string><string></string><string></string></field><field name='remoteSource'><string></string><string></string><string></string><string></string><string></string><string></string><string></string><string></string><string></string><string></string><string></string><string></string></field><field name='remoteSourceURL'><string></string><string></string><string></string><string></string><string></string><string></string><string></string><string></string><string></string><string></string><string></string><string></string></field><field name='remotePubDate'><string></string><dateTime>2013-9-25T22:52:4+0:0</dateTime><dateTime>2013-9-25T23:48:45+0:0</dateTime><dateTime>2013-9-25T23:42:41+0:0</dateTime><dateTime>2013-9-25T22:54:17+0:0</dateTime><dateTime>2013-9-25T23:25:40+0:0</dateTime><dateTime>2013-9-25T23:44:35+0:0</dateTime><dateTime>2013-9-25T22:55:33+0:0</dateTime><dateTime>2013-9-25T23:1:48+0:0</dateTime><dateTime>2013-9-25T22:58:46+0:0</dateTime><dateTime>2013-9-25T23:26:42+0:0</dateTime><dateTime>2013-9-25T23:49:23+0:0</dateTime></field><field name='remoteID'><string></string><string></string><string></string><string></string><string></string><string></string><string></string><string></string><string></string><string></string><string></string><string></string></field><field name='remoteURL'><string></string><string></string><string></string><string></string><string></string><string></string><string></string><string></string><string></string><string></string><string></string><string></string></field></recordset></data></wddxPacket>
