<wddxPacket version='1.0'><header/><data><recordset rowCount='6' fieldNames='siteID,assignmentID,groupID,orderno,created,chainID,contentID,exemptID' type='coldfusion.sql.QueryTable'><field name='siteID'><string>pw</string><string>pw</string><string>pw</string><string>pw</string><string>dev</string><string>dev</string></field><field name='assignmentID'><string>01657F15-E813-4615-9C0116EF576C7D85</string><string>3D851EF2-C6B0-4967-9172F91E2A363AC5</string><string>477052B5-A221-4354-8C928F12E7A3B7D2</string><string>8E81B6B8-306D-40B2-88F6B20238A9D616</string><string>CF055AC6-4CA1-496A-979F79A3DB6DB406</string><string>DED476FB-250F-42DF-8187CEA981B994A6</string></field><field name='groupID'><string></string><string></string><string></string><string></string><string></string><string></string></field><field name='orderno'><number>1.0</number><number>1.0</number><number>1.0</number><number>1.0</number><number>1.0</number><number>1.0</number></field><field name='created'><string></string><string></string><string></string><string></string><string></string><string></string></field><field name='chainID'><string></string><string>76AB8547-7DE0-4D7E-9375E90B6A7BACF3</string><string></string><string>DA53AFFE-38CC-468E-881E038F38840744</string><string>DA53AFFE-38CC-468E-881E038F38840744</string><string>85DC11D5-BBFB-40A4-B88C885818878D07</string></field><field name='contentID'><string>00000000000000000000000000000000001</string><string>E3FA5F17-EAA6-4341-9BB2A44707B825DB</string><string>00000000000000000000000000000000004</string><string>CF9AE7CD-7DF9-436C-B986ABCD331209E4</string><string>67C87C58-4C03-46C4-8758BB5008B9038D</string><string>7ADFA887-4FCF-4AF0-A11E8D5BFAF7ABB1</string></field><field name='exemptID'><string></string><string></string><string></string><string>7599532B-0D1D-4127-8486178919B5BBED</string><string></string><string></string></field></recordset></data></wddxPacket>
