<wddxPacket version='1.0'><header/><data><recordset rowCount='7' fieldNames='contentHistID,categoryID,contentID,isFeature,orderno,siteID,featureStart,featureStop' type='coldfusion.sql.QueryTable'><field name='contentHistID'><string>31C4A329-3CC4-47A0-83EF4543CCA8E8D2</string><string>31C4A329-3CC4-47A0-83EF4543CCA8E8D2</string><string>3207BF6A-3376-4D2F-9879D62A28C2549F</string><string>387F1659-2F32-4AEF-83E4FA1B5E36C159</string><string>66877D62-2F86-4C97-A54B33F291CB49DF</string><string>66877D62-2F86-4C97-A54B33F291CB49DF</string><string>70BFE322-87AE-4908-8E6C468E8487F58D</string></field><field name='categoryID'><string>BEE2FFDB-14EE-4D63-85067C5AB28FA9D0</string><string>DB30CB1D-6EBF-4D75-9B36DAD7FB4F50CC</string><string>F4904099-4283-4325-AD0C55FAF090210B</string><string>DB30CB1D-6EBF-4D75-9B36DAD7FB4F50CC</string><string>24235762-9939-405E-B335AE54A6232DC0</string><string>DB30CB1D-6EBF-4D75-9B36DAD7FB4F50CC</string><string>EBF926B9-FC2D-44F6-B0C3E35EA999518B</string></field><field name='contentID'><string>31EBB429-D054-4CA0-8C39CF677CA2F053</string><string>31EBB429-D054-4CA0-8C39CF677CA2F053</string><string>DA2EAC13-88EC-473C-B8CE32F9BF93479D</string><string>AB300CAF-C90D-4387-96395E35A9BC3C25</string><string>7C39C789-4093-4398-A9480AE799EBB642</string><string>7C39C789-4093-4398-A9480AE799EBB642</string><string>EE672B67-7B8A-47C3-9FDBEDBCA7235DA0</string></field><field name='isFeature'><number>0.0</number><number>0.0</number><number>0.0</number><number>0.0</number><number>0.0</number><number>0.0</number><number>0.0</number></field><field name='orderno'><number>0.0</number><number>0.0</number><number>0.0</number><number>0.0</number><number>0.0</number><number>0.0</number><number>0.0</number></field><field name='siteID'><string>MuraBootstrap3</string><string>MuraBootstrap3</string><string>MuraBootstrap3</string><string>MuraBootstrap3</string><string>MuraBootstrap3</string><string>MuraBootstrap3</string><string>MuraBootstrap3</string></field><field name='featureStart'><string></string><string></string><string></string><string></string><string></string><string></string><string></string></field><field name='featureStop'><string></string><string></string><string></string><string></string><string></string><string></string><string></string></field></recordset></data></wddxPacket>
