<wddxPacket version='1.0'><header/><data><recordset rowCount='1' fieldNames='lastupdate,name,description,created,siteID,lastupdatebyid,lastupdateby,chainID' type='coldfusion.sql.QueryTable'><field name='lastupdate'><dateTime>2013-9-30T20:7:46+0:0</dateTime></field><field name='name'><string>News Section Workflow</string></field><field name='description'><string>Workflow that forces authors to get approvals from Editors</string></field><field name='created'><dateTime>2013-9-30T20:7:46+0:0</dateTime></field><field name='siteID'><string>pw</string></field><field name='lastupdatebyid'><string>22FC551F-FABE-EA01-C6EDD0885DDC1682</string></field><field name='lastupdateby'><string>Admin User</string></field><field name='chainID'><string>DA53AFFE-38CC-468E-881E038F38840744</string></field></recordset></data></wddxPacket>
