<wddxPacket version='1.0'><header/><data><recordset rowCount='2' fieldNames='MLID,SiteID,Name,Description,LastUpdate,isPurge,isPublic' type='coldfusion.sql.QueryTable'><field name='MLID'><string>B3C5BE0C-7F13-4E83-95352FB4F4219501</string><string>1C93C3E6-F835-4E1F-8D8344A33B571024</string></field><field name='SiteID'><string>MuraBootstrap3</string><string>MuraBootstrap3</string></field><field name='Name'><string>Master Do Not Email List</string><string>Sign Up for Our Mailing List</string></field><field name='Description'><string></string><string></string></field><field name='LastUpdate'><dateTime>2010-12-10T18:55:48+0:0</dateTime><dateTime>2013-9-27T5:54:7+0:0</dateTime></field><field name='isPurge'><number>1.0</number><number>0.0</number></field><field name='isPublic'><number>1.0</number><number>1.0</number></field></recordset></data></wddxPacket>
