<wddxPacket version='1.0'><header/><data><recordset rowCount='4' fieldNames='feedID,siteID,parentID,name,isActive,isPublic,isDefault,isFeaturesOnly,description,maxItems,allowHTML,lang,lastUpdateBy,lastUpdate,dateCreated,restricted,restrictGroups,version,channelLink,Type,sortBy,sortDirection,nextN,displayName,displayRatings,displayComments,altname,remoteID,remoteSourceURL,remotePubDate,imageSize,imageHeight,imageWidth,displayList,showNavOnly,showExcludeSearch,viewalllink,viewalllabel,autoimport,isLocked,cssclass,useCategoryIntersect' type='coldfusion.sql.QueryTable'><field name='feedID'><string>545F4A84-7397-4A2D-B171D010F443710B</string><string>663F09C0-51A6-4B52-A84F5DAAE9441F43</string><string>96561042-E1F8-4212-91F6C5FCA681442C</string><string>EDA0CE79-CD3A-45F8-958FBC9FE3F1C32A</string></field><field name='siteID'><string>MuraBootstrap3</string><string>MuraBootstrap3</string><string>MuraBootstrap3</string><string>MuraBootstrap3</string></field><field name='parentID'><string></string><string></string><string></string><string></string></field><field name='name'><string>Upcoming Events</string><string>Slideshow</string><string>Mura Blog</string><string>From Our Blog</string></field><field name='isActive'><number>1.0</number><number>1.0</number><number>1.0</number><number>1.0</number></field><field name='isPublic'><number>0.0</number><number>0.0</number><number>1.0</number><number>0.0</number></field><field name='isDefault'><number>0.0</number><number>0.0</number><number>0.0</number><number>0.0</number></field><field name='isFeaturesOnly'><number>0.0</number><number>0.0</number><number>0.0</number><number>0.0</number></field><field name='description'><string></string><string></string><string></string><string></string></field><field name='maxItems'><number>20.0</number><number>4.0</number><number>4.0</number><number>3.0</number></field><field name='allowHTML'><number>1.0</number><number>1.0</number><number>1.0</number><number>1.0</number></field><field name='lang'><string>en-us</string><string>en-us</string><string>en-us</string><string>en-us</string></field><field name='lastUpdateBy'><string>Steve Withington</string><string>Steve Withington</string><string>Steve Withington</string><string>Steve Withington</string></field><field name='lastUpdate'><dateTime>2012-11-27T21:14:8+0:0</dateTime><dateTime>2011-11-10T21:13:52+0:0</dateTime><dateTime>2010-12-14T3:49:29+0:0</dateTime><dateTime>2012-11-27T23:57:30+0:0</dateTime></field><field name='dateCreated'><dateTime>2012-11-27T21:14:8+0:0</dateTime><dateTime>2011-11-10T21:13:52+0:0</dateTime><dateTime>2010-12-14T3:49:29+0:0</dateTime><dateTime>2012-11-27T23:57:30+0:0</dateTime></field><field name='restricted'><number>0.0</number><number>0.0</number><number>0.0</number><number>0.0</number></field><field name='restrictGroups'><string></string><string></string><string></string><string></string></field><field name='version'><string>RSS 2.0</string><string>RSS 2.0</string><string>RSS 2.0</string><string>RSS 2.0</string></field><field name='channelLink'><string></string><string></string><string>http://www.getmura.com/tasks/feed/?feedID=AA4D3AF9-C9BA-D852-C5F762EF7FF3F2DF</string><string></string></field><field name='Type'><string>Local</string><string>Local</string><string>Remote</string><string>Local</string></field><field name='sortBy'><string>displayStart</string><string>releaseDate</string><string>lastUpdate</string><string>releaseDate</string></field><field name='sortDirection'><string>asc</string><string>desc</string><string>desc</string><string>desc</string></field><field name='nextN'><number>20.0</number><number>4.0</number><number>20.0</number><number>20.0</number></field><field name='displayName'><number>0.0</number><number>0.0</number><number>0.0</number><number>0.0</number></field><field name='displayRatings'><number>0.0</number><number>0.0</number><number>0.0</number><number>0.0</number></field><field name='displayComments'><number>0.0</number><number>0.0</number><number>0.0</number><number>0.0</number></field><field name='altname'><string></string><string></string><string></string><string></string></field><field name='remoteID'><string></string><string></string><string></string><string></string></field><field name='remoteSourceURL'><string></string><string></string><string></string><string></string></field><field name='remotePubDate'><string></string><string></string><string></string><string></string></field><field name='imageSize'><string>small</string><string>small</string><string>small</string><string>small</string></field><field name='imageHeight'><string>AUTO</string><string>AUTO</string><string>AUTO</string><string>AUTO</string></field><field name='imageWidth'><string>AUTO</string><string>AUTO</string><string>AUTO</string><string>AUTO</string></field><field name='displayList'><string>Date,Title,Image,Summary,Credits,Tags</string><string>Date,Title,Image,Summary,Credits,Tags</string><string>Date,Title,Image,Summary,Credits,Tags</string><string>Date,Title,Image,Summary,Tags</string></field><field name='showNavOnly'><number>1.0</number><number>1.0</number><number>0.0</number><number>1.0</number></field><field name='showExcludeSearch'><number>0.0</number><number>0.0</number><number>0.0</number><number>0.0</number></field><field name='viewalllink'><string></string><string></string><string></string><string></string></field><field name='viewalllabel'><string></string><string></string><string></string><string></string></field><field name='autoimport'><number>0.0</number><number>0.0</number><number>0.0</number><number>0.0</number></field><field name='isLocked'><number>0.0</number><number>1.0</number><number>0.0</number><number>0.0</number></field><field name='cssclass'><string></string><string></string><string></string><string></string></field><field name='useCategoryIntersect'><string></string><string></string><string></string><string></string></field></recordset></data></wddxPacket>
