<wddxPacket version='1.0'><header/><data><recordset rowCount='0' fieldNames='contentID,siteID,views,rating,totalVotes,upVotes,downVotes,comments,majorVersion,minorVersion,lockID' type='coldfusion.sql.QueryTable'><field name='contentID'></field><field name='siteID'></field><field name='views'></field><field name='rating'></field><field name='totalVotes'></field><field name='upVotes'></field><field name='downVotes'></field><field name='comments'></field><field name='majorVersion'></field><field name='minorVersion'></field><field name='lockID'></field></recordset></data></wddxPacket>
