<wddxPacket version='1.0'><header/><data><recordset rowCount='7' fieldNames='contentHistID,relatedID,contentID,siteID,relatedContentSetID,orderNo,externalTitle,externalURL,relatedContentID' type='coldfusion.sql.QueryTable'><field name='contentHistID'><string>4420A0A8-D3D9-4141-8AE15A92640968B1</string><string>4420A0A8-D3D9-4141-8AE15A92640968B1</string><string>4420A0A8-D3D9-4141-8AE15A92640968B1</string><string>4420A0A8-D3D9-4141-8AE15A92640968B1</string><string>4420A0A8-D3D9-4141-8AE15A92640968B1</string><string>5407CDC1-832D-43D9-AD9A2E0E6DAC1070</string><string>90977F75-3884-436A-A9BC198603324931</string></field><field name='relatedID'><string>D28EC5D8-7D19-4869-89CA50AAA3E6C7F6</string><string>1660A907-E18A-46C4-9A72A764A61535DB</string><string>95DC5F1C-8376-4FF1-A3682924BC7309F4</string><string>D4B43F56-CBDD-428F-8C1DDAC167544E56</string><string>7A587718-7AE1-4D73-97F4562C60ABCF5A</string><string>00000000000000000000000000000000001</string><string>31EBB429-D054-4CA0-8C39CF677CA2F053</string></field><field name='contentID'><string>708CEC92-660E-499D-9965740856D78FDC</string><string>708CEC92-660E-499D-9965740856D78FDC</string><string>708CEC92-660E-499D-9965740856D78FDC</string><string>708CEC92-660E-499D-9965740856D78FDC</string><string>708CEC92-660E-499D-9965740856D78FDC</string><string>694ED28D-A992-4694-ADBD528CA3285F26</string><string>2B6FB36D-8D8B-44A4-BEB21F5668F69044</string></field><field name='siteID'><string>MuraBootstrap3</string><string>MuraBootstrap3</string><string>MuraBootstrap3</string><string>MuraBootstrap3</string><string>MuraBootstrap3</string><string>MuraBootstrap3</string><string>MuraBootstrap3</string></field><field name='relatedContentSetID'><string>00000000000000000000000000000000000</string><string>00000000000000000000000000000000000</string><string>00000000000000000000000000000000000</string><string>00000000000000000000000000000000000</string><string>00000000000000000000000000000000000</string><string>00000000000000000000000000000000000</string><string>00000000000000000000000000000000000</string></field><field name='orderNo'><number>1.0</number><number>2.0</number><number>3.0</number><number>4.0</number><number>5.0</number><number>1.0</number><number>1.0</number></field><field name='externalTitle'><string></string><string></string><string></string><string></string><string></string><string></string><string></string></field><field name='externalURL'><string></string><string></string><string></string><string></string><string></string><string></string><string></string></field><field name='relatedContentID'><number>60.0</number><number>61.0</number><number>62.0</number><number>63.0</number><number>64.0</number><number>65.0</number><number>66.0</number></field></recordset></data></wddxPacket>
