<wddxPacket version='1.0'><header/><data><recordset rowCount='40' fieldNames='ContentHistID,ObjectID,Object,ContentID,Name,OrderNo,SiteID,ColumnID,Params' type='coldfusion.sql.QueryTable'><field name='ContentHistID'><string>0C101534-38AD-4B8B-B0A6505D7ED6BFE3</string><string>0C101534-38AD-4B8B-B0A6505D7ED6BFE3</string><string>0C101534-38AD-4B8B-B0A6505D7ED6BFE3</string><string>0C101534-38AD-4B8B-B0A6505D7ED6BFE3</string><string>0C101534-38AD-4B8B-B0A6505D7ED6BFE3</string><string>0FC06410-7DF9-4A68-9F2D0CC7AFFB9829</string><string>116B8889-C48F-4D02-BB97FC9FD8A50270</string><string>1E2AA222-7DF7-4EAC-89A5EADF2FB83077</string><string>2483DE73-D46B-461B-B084E31671D2043C</string><string>343FCF83-B357-4EBF-97E999D792D6DD00</string><string>343FCF83-B357-4EBF-97E999D792D6DD00</string><string>3FCCFCA8-F437-4288-A19A9276EE18A138</string><string>4257D525-67F5-4B7E-95D10829C0449AFA</string><string>4420A0A8-D3D9-4141-8AE15A92640968B1</string><string>5407CDC1-832D-43D9-AD9A2E0E6DAC1070</string><string>5407CDC1-832D-43D9-AD9A2E0E6DAC1070</string><string>5867D882-16B6-4143-8431E85307AB3CF5</string><string>5CA94853-B76C-405F-BA4DC10007A212D0</string><string>6123042C-02FB-4AC5-8AAD8A70C16A5026</string><string>6A133ABB-E48A-4A69-93AD0611E37009E2</string><string>6D513AE3-CEFD-4A3B-97E729996E96320F</string><string>7233DE1F-F6E7-4A4F-AB7FA44E9FE1D152</string><string>72DDC435-D7A2-406C-8BAE977C32F69341</string><string>7FA76789-6834-4E82-A8847228E52935D1</string><string>93C86BFF-82A5-4366-8E403995CB2F06DE</string><string>9B985A73-190A-4DD6-93A847F5A05C5554</string><string>A26E3C43-42AD-4520-8904AEB8C0093281</string><string>A26E3C43-42AD-4520-8904AEB8C0093281</string><string>A5E1A1B1-E205-402D-8C12F3555896E08D</string><string>A7726540-6FAE-4417-93F7F12103C2DE30</string><string>B14D2C5A-C818-4A3D-A4DF35C2C60DEFAF</string><string>B14D2C5A-C818-4A3D-A4DF35C2C60DEFAF</string><string>CB7DDA89-F9E8-494A-8C90BBC7FC57013A</string><string>CF58FFE4-C224-4233-96A7ABBFDB971CE8</string><string>D233FCE8-6DFD-4EAD-9686318F016B5579</string><string>E32282D9-54F9-4FF1-9200EA2A08AEE4A3</string><string>E32282D9-54F9-4FF1-9200EA2A08AEE4A3</string><string>E32282D9-54F9-4FF1-9200EA2A08AEE4A3</string><string>E32282D9-54F9-4FF1-9200EA2A08AEE4A3</string><string>E4108C3F-D26F-49C4-B4DFC8764EDE8EAD</string></field><field name='ObjectID'><string>23C34A2F-1E31-48DF-8F8E5FA3B053569D</string><string>3CDA42FC-9157-482B-BF68804CBF57DB01</string><string>3CDA42FC-9157-482B-BF68804CBF57DB01</string><string>3CDA42FC-9157-482B-BF68804CBF57DB01</string><string>C4B9B350-B620-43CE-B3D43A2DD5BB55E0</string><string>05765802-8B55-4B08-9DDA381025FA7017</string><string>7F44E258-F986-45F1-AB5DC18B7E8DE3AE</string><string>9110C750-ACD2-4585-92BFCD287047A32C</string><string>2A3DA0F2-D632-4D1F-ADE03EE454EF9EFB</string><string>79709340-6DA3-4255-9062C516A46E59DB</string><string>B770E16B-C56B-4748-BA9CD374B8365079</string><string>545F4A84-7397-4A2D-B171D010F443710B</string><string>CC3527C6-618F-4542-AD1921C6E68A4EB4</string><string>09CA7EB9-CD81-4782-B8A76C980EF676B2</string><string>4795379E-8528-4FFE-99CEFF23ECC39A29</string><string>96561042-E1F8-4212-91F6C5FCA681442C</string><string>E90B5B63-7340-454D-A3D8C8504ADDC927</string><string>BE0A256B-24BA-460B-BA94610794DCC252</string><string>832178EE-6E5C-4831-A67AAB9B9F5C3789</string><string>1C93C3E6-F835-4E1F-8D8344A33B571024</string><string>DC389970-42D7-4D2D-914023936384BEA7</string><string>CEC84D45-7C73-40C3-B8A286D2C379A729</string><string>0B79FCD9-DD4F-4356-A765E6D2C41F5C98</string><string>6F527484-B754-4E3B-8D24FF916B3EED8E</string><string>2663B009-7331-456D-818400A56B3D7889</string><string>4363451E-9DD5-4FA9-8B2D0868C334DCAE</string><string>98A28949-4599-44C0-8121A78753F487B7</string><string>DFDC6AD2-FF43-4C14-8CA8F4EB8D6524B6</string><string>2C734595-7074-4676-83DC934250E8ECEA</string><string>51A99F04-3817-4F29-A741582F5146BBB5</string><string>545F4A84-7397-4A2D-B171D010F443710B</string><string>EDA0CE79-CD3A-45F8-958FBC9FE3F1C32A</string><string>C39F4812-31D1-48FC-A3EFDB140CF27FA2</string><string>F984C2EB-72CA-478A-ADB9CCB3B1574076</string><string>F2A2120A-017C-46CA-B3ABF9F05FA2C6E7</string><string>79857C04-E6F8-4F11-922FBB7CE400AD6C</string><string>AC5C31B9-5FC4-4EFD-8B9F95E23F43EF5D</string><string>AC5C31B9-5FC4-4EFD-8B9F95E23F43EF5D</string><string>C4B9B350-B620-43CE-B3D43A2DD5BB55E0</string><string>2CB793B0-2AEB-435C-B3C309F1D22FFD17</string></field><field name='Object'><string>rater</string><string>archive_nav</string><string>calendar_nav</string><string>category_summary</string><string>comments</string><string>standard_nav</string><string>dragable_feeds</string><string>comments</string><string>standard_nav</string><string>standard_nav</string><string>user_tools</string><string>feed</string><string>multilevel_nav</string><string>related_content</string><string>standard_nav</string><string>feed</string><string>site_map</string><string>mailing_list_master</string><string>favorites</string><string>mailing_list</string><string>seq_nav</string><string>standard_nav</string><string>sub_nav</string><string>folder_nav</string><string>tag_cloud</string><string>site_map</string><string>form</string><string>Component</string><string>peer_nav</string><string>user_tools</string><string>feed</string><string>feed</string><string>dragable_feeds</string><string>rater</string><string>event_reminder_form</string><string>tag_cloud</string><string>archive_nav</string><string>calendar_nav</string><string>comments</string><string>site_map</string></field><field name='ContentID'><string>3CDA42FC-9157-482B-BF68804CBF57DB01</string><string>3CDA42FC-9157-482B-BF68804CBF57DB01</string><string>3CDA42FC-9157-482B-BF68804CBF57DB01</string><string>3CDA42FC-9157-482B-BF68804CBF57DB01</string><string>3CDA42FC-9157-482B-BF68804CBF57DB01</string><string>A63C610D-5E51-4990-BCDC1DC4EDF78057</string><string>1660A907-E18A-46C4-9A72A764A61535DB</string><string>D28EC5D8-7D19-4869-89CA50AAA3E6C7F6</string><string>65C01776-A4A2-46A3-A1612617F224EA70</string><string>7A8E4EDB-F235-4690-93098BAA65B752D7</string><string>7A8E4EDB-F235-4690-93098BAA65B752D7</string><string>0DEFD0A5-D073-42B1-B0664DE081C0C82B</string><string>71242EA8-9F53-439C-BB0F32B8F406B791</string><string>708CEC92-660E-499D-9965740856D78FDC</string><string>694ED28D-A992-4694-ADBD528CA3285F26</string><string>694ED28D-A992-4694-ADBD528CA3285F26</string><string>7A0E4F69-3C35-43B0-8E964512B42842C8</string><string>00BD6586-C460-46BC-802237FEE8995BA0</string><string>D4B43F56-CBDD-428F-8C1DDAC167544E56</string><string>FC1DF159-8596-4D3A-9385A35A7F343068</string><string>96DA93B0-BE3D-45AE-844D41C5E32B2A16</string><string>356EE3E1-05B9-4C14-8177D27C692A91E9</string><string>09E8EACA-72E4-463A-91197ACD60F79DC2</string><string>ADC08621-82D8-49DA-BCC130F41830CE0A</string><string>2EFAE4AF-3941-4D76-85EB52A38E870328</string><string>95DC5F1C-8376-4FF1-A3682924BC7309F4</string><string>5E516394-17F9-432A-9732126D6A4FEFAA</string><string>5E516394-17F9-432A-9732126D6A4FEFAA</string><string>533CCA10-0272-49AD-81A18F067589DFDE</string><string>7A587718-7AE1-4D73-97F4562C60ABCF5A</string><string>00000000000000000000000000000000001</string><string>00000000000000000000000000000000001</string><string>E65DB54E-A0C5-4C9C-B0E68E5E375D4C8F</string><string>9ED44C91-6E63-40C2-99D9B7EEC45CA946</string><string>40CDB5EE-05A7-4103-BC35A0E690B647D1</string><string>AC5C31B9-5FC4-4EFD-8B9F95E23F43EF5D</string><string>AC5C31B9-5FC4-4EFD-8B9F95E23F43EF5D</string><string>AC5C31B9-5FC4-4EFD-8B9F95E23F43EF5D</string><string>AC5C31B9-5FC4-4EFD-8B9F95E23F43EF5D</string><string>CC6754E1-72F6-4BE6-9C18AAE6583E7497</string></field><field name='Name'><string>Content Rater</string><string>Home &gt; News  - Archive Navigation</string><string>Home  &gt;News - Calendar Navigation</string><string>News - Category Summary</string><string>Accept Comments</string><string>Standard Navigation</string><string>Dragable Feeds</string><string>Accept Comments</string><string>Standard Navigation</string><string>Standard Navigation</string><string>User Tools</string><string>Upcoming Events - Local Index</string><string>Multi-Level Navigation</string><string>Related Content</string><string>Standard Navigation</string><string>Mura Blog - Remote Feed</string><string>Site Map</string><string>Master Mailing List Sign Up Form</string><string>User Favorites</string><string>Mailing List - Sign Up for Our Mailing List</string><string>Sequential Nav</string><string>Standard Navigation</string><string>Sub Navigation</string><string>Folder Navigation</string><string>Tag Group</string><string>Site Map</string><string>Data Collector - Information Request Form</string><string>Component - Contact Details</string><string>Peer Navigation</string><string>User Tools</string><string>Upcoming Events - Local Index</string><string>From Our Blog - Local Index</string><string>Dragable Feeds</string><string>Content Rater</string><string>Event Reminder Form</string><string>Tag Cloud</string><string>Home &gt; Blog  - Archive Navigation</string><string>Home  &gt;Blog - Calendar Navigation</string><string>Accept Comments</string><string>Site Map</string></field><field name='OrderNo'><number>1.0</number><number>3.0</number><number>4.0</number><number>2.0</number><number>1.0</number><number>1.0</number><number>1.0</number><number>1.0</number><number>1.0</number><number>1.0</number><number>2.0</number><number>1.0</number><number>1.0</number><number>1.0</number><number>1.0</number><number>1.0</number><number>1.0</number><number>1.0</number><number>1.0</number><number>1.0</number><number>1.0</number><number>1.0</number><number>1.0</number><number>1.0</number><number>1.0</number><number>1.0</number><number>1.0</number><number>1.0</number><number>1.0</number><number>1.0</number><number>2.0</number><number>1.0</number><number>1.0</number><number>1.0</number><number>1.0</number><number>1.0</number><number>2.0</number><number>3.0</number><number>1.0</number><number>1.0</number></field><field name='SiteID'><string>MuraBootstrap3</string><string>MuraBootstrap3</string><string>MuraBootstrap3</string><string>MuraBootstrap3</string><string>MuraBootstrap3</string><string>MuraBootstrap3</string><string>MuraBootstrap3</string><string>MuraBootstrap3</string><string>MuraBootstrap3</string><string>MuraBootstrap3</string><string>MuraBootstrap3</string><string>MuraBootstrap3</string><string>MuraBootstrap3</string><string>MuraBootstrap3</string><string>MuraBootstrap3</string><string>MuraBootstrap3</string><string>MuraBootstrap3</string><string>MuraBootstrap3</string><string>MuraBootstrap3</string><string>MuraBootstrap3</string><string>MuraBootstrap3</string><string>MuraBootstrap3</string><string>MuraBootstrap3</string><string>MuraBootstrap3</string><string>MuraBootstrap3</string><string>MuraBootstrap3</string><string>MuraBootstrap3</string><string>MuraBootstrap3</string><string>MuraBootstrap3</string><string>MuraBootstrap3</string><string>MuraBootstrap3</string><string>MuraBootstrap3</string><string>MuraBootstrap3</string><string>MuraBootstrap3</string><string>MuraBootstrap3</string><string>MuraBootstrap3</string><string>MuraBootstrap3</string><string>MuraBootstrap3</string><string>MuraBootstrap3</string><string>MuraBootstrap3</string></field><field name='ColumnID'><number>3.0</number><number>3.0</number><number>3.0</number><number>3.0</number><number>2.0</number><number>1.0</number><number>2.0</number><number>2.0</number><number>1.0</number><number>1.0</number><number>1.0</number><number>3.0</number><number>1.0</number><number>2.0</number><number>1.0</number><number>3.0</number><number>2.0</number><number>2.0</number><number>2.0</number><number>2.0</number><number>2.0</number><number>1.0</number><number>1.0</number><number>1.0</number><number>2.0</number><number>2.0</number><number>2.0</number><number>3.0</number><number>1.0</number><number>2.0</number><number>3.0</number><number>3.0</number><number>2.0</number><number>2.0</number><number>2.0</number><number>3.0</number><number>3.0</number><number>3.0</number><number>2.0</number><number>2.0</number></field><field name='Params'><string></string><string></string><string></string><string>{&quot;displayRSS&quot;:&quot;0&quot;}</string><string></string><string></string><string></string><string></string><string></string><string></string><string></string><string>{&quot;imageSize&quot;:&quot;small&quot;,&quot;imageWidth&quot;:&quot;AUTO&quot;,&quot;imageHeight&quot;:&quot;AUTO&quot;,&quot;displayName&quot;:&quot;1&quot;,&quot;altName&quot;:&quot;&quot;,&quot;cssclass&quot;:&quot;&quot;,&quot;viewalllink&quot;:&quot;&quot;,&quot;viewalllabel&quot;:&quot;&quot;,&quot;maxItems&quot;:&quot;3&quot;,&quot;nextN&quot;:&quot;20&quot;,&quot;displayList&quot;:&quot;Date,Title,Image,Summary,Credits,Tags&quot;}</string><string></string><string>{&quot;relatedContentSetName&quot;:&quot;&quot;,&quot;imageWidth&quot;:&quot;AUTO&quot;,&quot;imageHeight&quot;:&quot;AUTO&quot;,&quot;displayList&quot;:&quot;Title&quot;}</string><string></string><string>{&quot;displaySummaries&quot;:&quot;0&quot;,&quot;viewalllink&quot;:&quot;&quot;,&quot;viewalllabel&quot;:&quot;&quot;}</string><string></string><string></string><string></string><string></string><string></string><string></string><string></string><string></string><string>{&quot;taggroup&quot;:&quot;&quot;}</string><string></string><string></string><string></string><string></string><string></string><string>{&quot;imageSize&quot;:&quot;small&quot;,&quot;imageWidth&quot;:&quot;AUTO&quot;,&quot;imageHeight&quot;:&quot;AUTO&quot;,&quot;displayName&quot;:&quot;1&quot;,&quot;altName&quot;:&quot;&quot;,&quot;cssclass&quot;:&quot;&quot;,&quot;viewalllink&quot;:&quot;&quot;,&quot;viewalllabel&quot;:&quot;&quot;,&quot;maxItems&quot;:&quot;2&quot;,&quot;nextN&quot;:&quot;20&quot;,&quot;displayList&quot;:&quot;Date,Title,Summary&quot;}</string><string>{&quot;imageSize&quot;:&quot;small&quot;,&quot;imageWidth&quot;:&quot;AUTO&quot;,&quot;imageHeight&quot;:&quot;AUTO&quot;,&quot;displayName&quot;:&quot;1&quot;,&quot;altName&quot;:&quot;&quot;,&quot;cssclass&quot;:&quot;&quot;,&quot;viewalllink&quot;:&quot;&quot;,&quot;viewalllabel&quot;:&quot;&quot;,&quot;maxItems&quot;:&quot;1&quot;,&quot;nextN&quot;:&quot;1&quot;,&quot;displayList&quot;:&quot;Title,Date,Summary,Credits&quot;}</string><string></string><string></string><string></string><string></string><string></string><string></string><string></string><string></string></field></recordset></data></wddxPacket>
