<wddxPacket version='1.0'><header/><data><recordset rowCount='13' fieldNames='CATEGORYID,SITEID,PARENTID,DATECREATED,LASTUPDATE,LASTUPDATEBY,NAME,NOTES,ISINTERESTGROUP,ISACTIVE,ISOPEN,SORTBY,SORTDIRECTION,RESTRICTGROUPS,PATH,REMOTEID,REMOTESOURCEURL,REMOTEPUBDATE,URLTITLE,FILENAME,ISFEATUREABLE' type='coldfusion.sql.QueryTable'><field name='CATEGORYID'><string>20071783-5F3C-4CE5-BCD241084645B809</string><string>3DC81766-FCD1-43CF-BDD283D308E620D6</string><string>3F874769-65BA-44F4-8B024C3D88CB185A</string><string>4E3B399D-454E-4E53-A3D94CF4FA2B8F84</string><string>4F44BE73-2D5B-4707-A767CFD5613A8A6B</string><string>5B0631FE-E4C9-4856-B2E9FD2A3D3B0108</string><string>71459232-40FD-4699-A54A828409E15084</string><string>806966E4-BDED-4A6E-BE58559DAB37A369</string><string>9ECD3888-56B8-4A8B-86C5B7B79914B0E1</string><string>A7BFAB26-0C09-493F-A4DBDE0692035D94</string><string>EB702AE2-8107-46A8-B256AE550D8F8F58</string><string>EEC8E32A-CD5F-4578-B9F22B09ABFFA92B</string><string>F55CF6DE-6DB7-4429-8596532F5175F389</string></field><field name='SITEID'><string>default</string><string>default</string><string>default</string><string>default</string><string>default</string><string>default</string><string>default</string><string>default</string><string>default</string><string>default</string><string>default</string><string>default</string><string>default</string></field><field name='PARENTID'><string>4E3B399D-454E-4E53-A3D94CF4FA2B8F84</string><string>4E3B399D-454E-4E53-A3D94CF4FA2B8F84</string><string>4E3B399D-454E-4E53-A3D94CF4FA2B8F84</string><null/><string>4E3B399D-454E-4E53-A3D94CF4FA2B8F84</string><string>4E3B399D-454E-4E53-A3D94CF4FA2B8F84</string><string>4E3B399D-454E-4E53-A3D94CF4FA2B8F84</string><string>4E3B399D-454E-4E53-A3D94CF4FA2B8F84</string><string>4E3B399D-454E-4E53-A3D94CF4FA2B8F84</string><string>EB702AE2-8107-46A8-B256AE550D8F8F58</string><null/><string>EB702AE2-8107-46A8-B256AE550D8F8F58</string><string>4E3B399D-454E-4E53-A3D94CF4FA2B8F84</string></field><field name='DATECREATED'><dateTime>2012-11-27T13:36:20-06:00</dateTime><dateTime>2012-11-27T10:12:39-06:00</dateTime><dateTime>2012-11-27T10:10:32-06:00</dateTime><dateTime>2012-11-27T10:09:32-06:00</dateTime><dateTime>2012-11-27T10:13:03-06:00</dateTime><dateTime>2013-09-20T17:39:24-06:00</dateTime><dateTime>2012-11-27T10:10:19-06:00</dateTime><dateTime>2012-11-27T10:11:00-06:00</dateTime><dateTime>2012-11-27T10:10:10-06:00</dateTime><dateTime>2012-11-27T15:09:07-06:00</dateTime><dateTime>2012-11-27T15:08:58-06:00</dateTime><dateTime>2013-09-20T16:31:07-06:00</dateTime><dateTime>2012-11-27T10:09:49-06:00</dateTime></field><field name='LASTUPDATE'><dateTime>2012-11-27T13:36:20-06:00</dateTime><dateTime>2012-11-27T10:12:39-06:00</dateTime><dateTime>2012-11-27T10:10:32-06:00</dateTime><dateTime>2012-11-27T10:09:32-06:00</dateTime><dateTime>2012-11-27T10:13:03-06:00</dateTime><dateTime>2013-09-20T17:39:24-06:00</dateTime><dateTime>2012-11-27T10:10:19-06:00</dateTime><dateTime>2012-11-27T10:11:00-06:00</dateTime><dateTime>2012-11-27T10:10:10-06:00</dateTime><dateTime>2012-11-27T15:09:07-06:00</dateTime><dateTime>2012-11-27T15:08:58-06:00</dateTime><dateTime>2013-09-20T16:31:07-06:00</dateTime><dateTime>2012-11-27T10:09:49-06:00</dateTime></field><field name='LASTUPDATEBY'><string>Steve Withington</string><string>Steve Withington</string><string>Steve Withington</string><string>Steve Withington</string><string>Steve Withington</string><string>Steve Withington</string><string>Steve Withington</string><string>Steve Withington</string><string>Steve Withington</string><string>Steve Withington</string><string>Steve Withington</string><string>Steve Withington</string><string>Steve Withington</string></field><field name='NAME'><string>Technology</string><string>Opinion</string><string>World News</string><string>News Categories</string><string>Health &amp; Science</string><string>Weather</string><string>Local News</string><string>Arts &amp; Culture</string><string>Politics</string><string>Mura CMS Training</string><string>Event Categories</string><string>MuraCon</string><string>Business</string></field><field name='NOTES'><null/><null/><null/><null/><null/><null/><null/><null/><null/><null/><null/><null/><null/></field><field name='ISINTERESTGROUP'><number>1.0</number><number>1.0</number><number>1.0</number><number>0.0</number><number>1.0</number><number>1.0</number><number>1.0</number><number>1.0</number><number>1.0</number><number>1.0</number><number>0.0</number><number>1.0</number><number>1.0</number></field><field name='ISACTIVE'><number>1.0</number><number>1.0</number><number>1.0</number><number>1.0</number><number>1.0</number><number>1.0</number><number>1.0</number><number>1.0</number><number>1.0</number><number>1.0</number><number>1.0</number><number>1.0</number><number>1.0</number></field><field name='ISOPEN'><number>1.0</number><number>1.0</number><number>1.0</number><number>0.0</number><number>1.0</number><number>1.0</number><number>1.0</number><number>1.0</number><number>1.0</number><number>1.0</number><number>0.0</number><number>1.0</number><number>1.0</number></field><field name='SORTBY'><string>orderno</string><string>orderno</string><string>orderno</string><string>orderno</string><string>orderno</string><string>orderno</string><string>orderno</string><string>orderno</string><string>orderno</string><string>orderno</string><string>orderno</string><string>orderno</string><string>orderno</string></field><field name='SORTDIRECTION'><string>asc</string><string>asc</string><string>asc</string><string>asc</string><string>asc</string><string>asc</string><string>asc</string><string>asc</string><string>asc</string><string>asc</string><string>asc</string><string>asc</string><string>asc</string></field><field name='RESTRICTGROUPS'><null/><null/><null/><null/><null/><null/><null/><null/><null/><null/><null/><null/><null/></field><field name='PATH'><string>4E3B399D-454E-4E53-A3D94CF4FA2B8F84,20071783-5F3C-4CE5-BCD241084645B809</string><string>4E3B399D-454E-4E53-A3D94CF4FA2B8F84,3DC81766-FCD1-43CF-BDD283D308E620D6</string><string>4E3B399D-454E-4E53-A3D94CF4FA2B8F84,3F874769-65BA-44F4-8B024C3D88CB185A</string><string>4E3B399D-454E-4E53-A3D94CF4FA2B8F84</string><string>4E3B399D-454E-4E53-A3D94CF4FA2B8F84,4F44BE73-2D5B-4707-A767CFD5613A8A6B</string><string>4E3B399D-454E-4E53-A3D94CF4FA2B8F84,5B0631FE-E4C9-4856-B2E9FD2A3D3B0108</string><string>4E3B399D-454E-4E53-A3D94CF4FA2B8F84,71459232-40FD-4699-A54A828409E15084</string><string>4E3B399D-454E-4E53-A3D94CF4FA2B8F84,806966E4-BDED-4A6E-BE58559DAB37A369</string><string>4E3B399D-454E-4E53-A3D94CF4FA2B8F84,9ECD3888-56B8-4A8B-86C5B7B79914B0E1</string><string>EB702AE2-8107-46A8-B256AE550D8F8F58,A7BFAB26-0C09-493F-A4DBDE0692035D94</string><string>EB702AE2-8107-46A8-B256AE550D8F8F58</string><string>EB702AE2-8107-46A8-B256AE550D8F8F58,EEC8E32A-CD5F-4578-B9F22B09ABFFA92B</string><string>4E3B399D-454E-4E53-A3D94CF4FA2B8F84,F55CF6DE-6DB7-4429-8596532F5175F389</string></field><field name='REMOTEID'><null/><null/><null/><null/><null/><null/><null/><null/><null/><null/><null/><null/><null/></field><field name='REMOTESOURCEURL'><null/><null/><null/><null/><null/><null/><null/><null/><null/><null/><null/><null/><null/></field><field name='REMOTEPUBDATE'><null/><null/><null/><null/><null/><null/><null/><null/><null/><null/><null/><null/><null/></field><field name='URLTITLE'><string>technology</string><string>opinion</string><string>world-news</string><string>news-categories</string><string>health-science</string><string>weather</string><string>local-news</string><string>arts-culture</string><string>politics</string><string>mura-cms-training</string><string>event-categories</string><string>muracon</string><string>business</string></field><field name='FILENAME'><string>news-categories/technology</string><string>news-categories/opinion</string><string>news-categories/world-news</string><string>news-categories</string><string>news-categories/health-science</string><string>news-categories/weather</string><string>news-categories/local-news</string><string>news-categories/arts-culture</string><string>news-categories/politics</string><string>event-categories/mura-cms-training</string><string>event-categories</string><string>event-categories/muracon</string><string>news-categories/business</string></field><field name='ISFEATUREABLE'><number>0.0</number><number>0.0</number><number>0.0</number><number>0.0</number><number>0.0</number><number>1.0</number><number>0.0</number><number>0.0</number><number>0.0</number><number>0.0</number><number>0.0</number><number>1.0</number><number>0.0</number></field></recordset></data></wddxPacket>
