<wddxPacket version='1.0'><header/><data><recordset rowCount='3' fieldNames='FEEDID,ITEMID,TYPE' type='coldfusion.sql.QueryTable'><field name='FEEDID'><string>152BFFF6-7D23-4530-A697398314682DFF</string><string>0D7C67D7-3664-4F48-8D920CCC95DD88E6</string><string>39CDFB58-0522-4F3F-939BB50E65907295</string></field><field name='ITEMID'><string>EE8B9F35-8546-465E-8E07421E5B8772BB</string><string>2C511F3E-9340-4267-B6F1C6E19D375664</string><string>335348FE-F176-488D-982BA46C1A81BCD0</string></field><field name='TYPE'><string>contentID</string><string>contentID</string><string>contentID</string></field></recordset></data></wddxPacket>
