<wddxPacket version='1.0'><header/><data><recordset rowCount='8' fieldNames='TAGID,CONTENTID,CONTENTHISTID,SITEID,TAG,TAGGROUP' type='coldfusion.sql.QueryTable'><field name='TAGID'><number>95.0</number><number>96.0</number><number>97.0</number><number>98.0</number><number>99.0</number><number>100.0</number><number>101.0</number><number>102.0</number></field><field name='CONTENTID'><string>D93BD5A0-750D-4296-A94008C8F4506978</string><string>D93BD5A0-750D-4296-A94008C8F4506978</string><string>823871EC-E56B-46E2-9A8FEA34BDEBE586</string><string>823871EC-E56B-46E2-9A8FEA34BDEBE586</string><string>177D13C8-8FCB-4CC2-8B3143113C5B2223</string><string>177D13C8-8FCB-4CC2-8B3143113C5B2223</string><string>7F8FA4FA-9B8F-4491-92CFABC72B4A2EC6</string><string>7F8FA4FA-9B8F-4491-92CFABC72B4A2EC6</string></field><field name='CONTENTHISTID'><string>B0A9EC29-38A0-45E2-9821E2CDC3C7CE4C</string><string>B0A9EC29-38A0-45E2-9821E2CDC3C7CE4C</string><string>0040EA67-4ED4-45C4-B2BD6779CEE962A0</string><string>0040EA67-4ED4-45C4-B2BD6779CEE962A0</string><string>72420E15-F1EC-44D2-B2516B69706F71C4</string><string>72420E15-F1EC-44D2-B2516B69706F71C4</string><string>DF44A64E-6FD6-433D-984A495A1D391D41</string><string>DF44A64E-6FD6-433D-984A495A1D391D41</string></field><field name='SITEID'><string>default</string><string>default</string><string>default</string><string>default</string><string>default</string><string>default</string><string>default</string><string>default</string></field><field name='TAG'><string>home</string><string>sports</string><string>home</string><string>music</string><string>music</string><string>home</string><string>running</string><string>sports</string></field><field name='TAGGROUP'><null/><null/><null/><null/><null/><null/><null/><null/></field></recordset></data></wddxPacket>
