<wddxPacket version='1.0'><header/><data><recordset rowCount='5' fieldNames='CONTENTHISTID,RELATEDID,CONTENTID,SITEID,RELATEDCONTENTSETID,ORDERNO,EXTERNALTITLE,EXTERNALURL,RELATEDCONTENTID' type='coldfusion.sql.QueryTable'><field name='CONTENTHISTID'><string>C8A6764B-D45B-DC9C-F9898CE2624A2243</string><string>C8A6764B-D45B-DC9C-F9898CE2624A2243</string><string>C8A6764B-D45B-DC9C-F9898CE2624A2243</string><string>C8A6764B-D45B-DC9C-F9898CE2624A2243</string><string>C8A6764B-D45B-DC9C-F9898CE2624A2243</string></field><field name='RELATEDID'><string>9D18287B-B842-17E5-4C8EC46504277EC3</string><string>9D20056A-BD11-F5BC-D7A785E78377215B</string><string>C88AAC6D-9E9B-3AE4-F76C0F7D22CE8E3F</string><string>C8856A4E-BAB1-DB5F-06EB69A2735D990C</string><string>C86E0A06-DE05-AE17-ECF12E265054C4CB</string></field><field name='CONTENTID'><string>C8944EBC-F174-C9BB-0CE5B1401A56690F</string><string>C8944EBC-F174-C9BB-0CE5B1401A56690F</string><string>C8944EBC-F174-C9BB-0CE5B1401A56690F</string><string>C8944EBC-F174-C9BB-0CE5B1401A56690F</string><string>C8944EBC-F174-C9BB-0CE5B1401A56690F</string></field><field name='SITEID'><string>default</string><string>default</string><string>default</string><string>default</string><string>default</string></field><field name='RELATEDCONTENTSETID'><string>00000000000000000000000000000000000</string><string>00000000000000000000000000000000000</string><string>00000000000000000000000000000000000</string><string>00000000000000000000000000000000000</string><string>00000000000000000000000000000000000</string></field><field name='ORDERNO'><number>1.0</number><number>2.0</number><number>3.0</number><number>4.0</number><number>5.0</number></field><field name='EXTERNALTITLE'><null/><null/><null/><null/><null/></field><field name='EXTERNALURL'><null/><null/><null/><null/><null/></field><field name='RELATEDCONTENTID'><number>2.0</number><number>3.0</number><number>4.0</number><number>5.0</number><number>6.0</number></field></recordset></data></wddxPacket>
