<wddxPacket version='1.0'><header/><data><recordset rowCount='0' fieldNames='CONTENTID,CONTENTHISTID,METAID,SITEID,ALTTEXT,FILEID,CREDITS,CAPTION,REMOTEPUBDATE,REMOTEURL,REMOTEID,REMOTESOURCE,REMOTESOURCEURL' type='coldfusion.sql.QueryTable'><field name='CONTENTID'></field><field name='CONTENTHISTID'></field><field name='METAID'></field><field name='SITEID'></field><field name='ALTTEXT'></field><field name='FILEID'></field><field name='CREDITS'></field><field name='CAPTION'></field><field name='REMOTEPUBDATE'></field><field name='REMOTEURL'></field><field name='REMOTEID'></field><field name='REMOTESOURCE'></field><field name='REMOTESOURCEURL'></field></recordset></data></wddxPacket>
