<wddxPacket version='1.0'><header/><data><recordset rowCount='2' fieldNames='PARENTID,GROUPID,COMMENTS,ACTIONTYPE,REQUESTID,CREATED,ACTIONTID,CHAINID,USERID,SITEID' type='coldfusion.sql.QueryTable'><field name='PARENTID'><string></string><string></string></field><field name='GROUPID'><string>3C93658D-BE3B-3231-2B737FC8B099489B</string><string>64C5CE1F-EC64-8A3F-A7F8D756A1988223</string></field><field name='COMMENTS'><null/><string>No good.</string></field><field name='ACTIONTYPE'><string>Approval</string><string>Rejection</string></field><field name='REQUESTID'><string>651688CD-0D6F-68DD-07C2A0C42F5DB214</string><string>651688CD-0D6F-68DD-07C2A0C42F5DB214</string></field><field name='CREATED'><dateTime>2013-04-09T15:35:38-06:00</dateTime><dateTime>2013-04-09T15:38:54-06:00</dateTime></field><field name='ACTIONTID'><string>651C4C71-D691-D893-02E7BA13CFEFAE0D</string><string>653A2CA8-9421-188E-765CAB9D2B5CA070</string></field><field name='CHAINID'><string>64E8E7E4-C9BD-A9FF-131186F3BD63ECF1</string><string>64E8E7E4-C9BD-A9FF-131186F3BD63ECF1</string></field><field name='USERID'><string>3C93651F-A288-137A-CEF788B4B2E025FB</string><string>3C93651F-A288-137A-CEF788B4B2E025FB</string></field><field name='SITEID'><string>default</string><string>default</string></field></recordset></data></wddxPacket>
