<wddxPacket version='1.0'><header/><data><recordset rowCount='1' fieldNames='SITEID,ASSIGNMENTID,CONTENTID,CHAINID,EXEMPTID' type='coldfusion.sql.QueryTable'><field name='SITEID'><string>default</string></field><field name='ASSIGNMENTID'><string>651285FF-A09C-ADF0-A9A0F8684F81CE95</string></field><field name='CONTENTID'><string>00000000000000000000000000000000001</string></field><field name='CHAINID'><string>E5710893-0A3F-2B35-FD110527FEB9089E</string></field><field name='EXEMPTID'><null/></field></recordset></data></wddxPacket>
