<wddxPacket version='1.0'><header/><data><recordset rowCount='2' fieldNames='paramID,feedID,param,relationship,field,condition,criteria,dataType' type='coldfusion.sql.QueryTable'><field name='paramID'><string>472B62BD-61D9-499C-9594C6D24A0F81CF</string><string>61708F02-0D7A-4025-B775878AE8DA1A46</string></field><field name='feedID'><string>DA165B3D-4E83-4F89-B1FD2D0804FD354F</string><string>69E07EF8-49A6-4506-ABE61E0A8C461EBD</string></field><field name='param'><number>1.0</number><number>1.0</number></field><field name='relationship'><string>and</string><string>and</string></field><field name='field'><string></string><string></string></field><field name='condition'><string>Equals</string><string>Equals</string></field><field name='criteria'><string></string><string></string></field><field name='dataType'><string></string><string>varchar</string></field></recordset></data></wddxPacket>
