<wddxPacket version='1.0'><header/><data><recordset rowCount='0' fieldNames='contenthistid,credits,metaID,remoteSource,caption,remoteSourceURL,remotePubDate,contentid,fileid,altText,remoteID,remoteURL,siteID,exif' type='coldfusion.sql.QueryTable'><field name='contenthistid'></field><field name='credits'></field><field name='metaID'></field><field name='remoteSource'></field><field name='caption'></field><field name='remoteSourceURL'></field><field name='remotePubDate'></field><field name='contentid'></field><field name='fileid'></field><field name='altText'></field><field name='remoteID'></field><field name='remoteURL'></field><field name='siteID'></field><field name='exif'></field></recordset></data></wddxPacket>
