<wddxPacket version='1.0'><header/><data><recordset rowCount='2' fieldNames='MLID,SiteID,Name,Description,LastUpdate,isPurge,isPublic' type='coldfusion.sql.QueryTable'><field name='MLID'><string>931827B2-09F3-49A3-8C8E110A08A58758</string><string>ADB52B4B-ECD7-437C-80ADA7628933AA70</string></field><field name='SiteID'><string>default</string><string>default</string></field><field name='Name'><string>Master Do Not Email List</string><string>Sign Up for Our Mailing List</string></field><field name='Description'><string></string><string></string></field><field name='LastUpdate'><dateTime>2010-12-10T18:55:48+0:0</dateTime><dateTime>2013-9-27T5:54:7+0:0</dateTime></field><field name='isPurge'><number>1.0</number><number>0.0</number></field><field name='isPublic'><number>1.0</number><number>1.0</number></field></recordset></data></wddxPacket>
