<wddxPacket version='1.0'><header/><data><recordset rowCount='2' fieldNames='feedID,itemID,type' type='coldfusion.sql.QueryTable'><field name='feedID'><string>69E07EF8-49A6-4506-ABE61E0A8C461EBD</string><string>DA165B3D-4E83-4F89-B1FD2D0804FD354F</string></field><field name='itemID'><string>9F0C5400-65C0-4BD9-857C740145E5BEA3</string><string>BDD56288-B269-424F-9D5347502B68F510</string></field><field name='type'><string>contentID</string><string>contentID</string></field></recordset></data></wddxPacket>
