<wddxPacket version='1.0'><header/><data><recordset rowCount='10' fieldNames='categoryID,siteID,parentID,dateCreated,lastUpdate,lastUpdateBy,name,notes,isInterestGroup,isActive,isOpen,sortBy,sortDirection,restrictGroups,path,remoteID,remoteSourceURL,remotePubDate,urltitle,filename,isfeatureable' type='coldfusion.sql.QueryTable'><field name='categoryID'><string>420A3012-6275-40DA-9A31DF44B5298DD9</string><string>44F633C9-926B-4A29-8C6B47E4BC19B1F8</string><string>47014533-BB3C-4526-A4A62FAE44A22381</string><string>93B6FDB8-C78B-48DC-9727A8B4000324F6</string><string>9BD831CD-F132-4607-A0522412B14B5F84</string><string>AA109127-C39B-4AD5-B47853468F028F20</string><string>B0D68683-2AEB-47D0-B8AEC84B8BCB4DF1</string><string>E0D0EB9D-FC18-4E2E-B0F25014B94D7F16</string><string>F38B02EE-3631-4DF6-B504DDE5330DFA91</string><string>F6264C62-48DE-476B-94CF3EFEB1F445E3</string></field><field name='siteID'><string>default</string><string>default</string><string>default</string><string>default</string><string>default</string><string>default</string><string>default</string><string>default</string><string>default</string><string>default</string></field><field name='parentID'><string>9BD831CD-F132-4607-A0522412B14B5F84</string><string>9BD831CD-F132-4607-A0522412B14B5F84</string><string>9BD831CD-F132-4607-A0522412B14B5F84</string><string>9BD831CD-F132-4607-A0522412B14B5F84</string><string></string><string>9BD831CD-F132-4607-A0522412B14B5F84</string><string>9BD831CD-F132-4607-A0522412B14B5F84</string><string>9BD831CD-F132-4607-A0522412B14B5F84</string><string>9BD831CD-F132-4607-A0522412B14B5F84</string><string>9BD831CD-F132-4607-A0522412B14B5F84</string></field><field name='dateCreated'><dateTime>2012-11-27T16:11:0+0:0</dateTime><dateTime>2012-11-27T16:12:39+0:0</dateTime><dateTime>2012-11-27T16:10:10+0:0</dateTime><dateTime>2012-11-27T16:13:3+0:0</dateTime><dateTime>2012-11-27T16:9:32+0:0</dateTime><dateTime>2012-11-27T19:36:20+0:0</dateTime><dateTime>2012-11-27T16:9:49+0:0</dateTime><dateTime>2012-11-27T16:10:32+0:0</dateTime><dateTime>2013-9-20T23:39:24+0:0</dateTime><dateTime>2012-11-27T16:10:19+0:0</dateTime></field><field name='lastUpdate'><dateTime>2012-11-27T16:11:0+0:0</dateTime><dateTime>2012-11-27T16:12:39+0:0</dateTime><dateTime>2012-11-27T16:10:10+0:0</dateTime><dateTime>2012-11-27T16:13:3+0:0</dateTime><dateTime>2012-11-27T16:9:32+0:0</dateTime><dateTime>2012-11-27T19:36:20+0:0</dateTime><dateTime>2012-11-27T16:9:49+0:0</dateTime><dateTime>2012-11-27T16:10:32+0:0</dateTime><dateTime>2013-9-20T23:39:24+0:0</dateTime><dateTime>2012-11-27T16:10:19+0:0</dateTime></field><field name='lastUpdateBy'><string>Steve Withington</string><string>Steve Withington</string><string>Steve Withington</string><string>Steve Withington</string><string>Steve Withington</string><string>Steve Withington</string><string>Steve Withington</string><string>Steve Withington</string><string>Steve Withington</string><string>Steve Withington</string></field><field name='name'><string>Arts &amp; Culture</string><string>Opinion</string><string>Politics</string><string>Health &amp; Science</string><string>News Categories</string><string>Technology</string><string>Business</string><string>World News</string><string>Weather</string><string>Local News</string></field><field name='notes'><string></string><string></string><string></string><string></string><string></string><string></string><string></string><string></string><string></string><string></string></field><field name='isInterestGroup'><number>1.0</number><number>1.0</number><number>1.0</number><number>1.0</number><number>0.0</number><number>1.0</number><number>1.0</number><number>1.0</number><number>1.0</number><number>1.0</number></field><field name='isActive'><number>1.0</number><number>1.0</number><number>1.0</number><number>1.0</number><number>1.0</number><number>1.0</number><number>1.0</number><number>1.0</number><number>1.0</number><number>1.0</number></field><field name='isOpen'><number>1.0</number><number>1.0</number><number>1.0</number><number>1.0</number><number>0.0</number><number>1.0</number><number>1.0</number><number>1.0</number><number>1.0</number><number>1.0</number></field><field name='sortBy'><string>orderno</string><string>orderno</string><string>orderno</string><string>orderno</string><string>orderno</string><string>orderno</string><string>orderno</string><string>orderno</string><string>orderno</string><string>orderno</string></field><field name='sortDirection'><string>asc</string><string>asc</string><string>asc</string><string>asc</string><string>asc</string><string>asc</string><string>asc</string><string>asc</string><string>asc</string><string>asc</string></field><field name='restrictGroups'><string></string><string></string><string></string><string></string><string></string><string></string><string></string><string></string><string></string><string></string></field><field name='path'><string>9BD831CD-F132-4607-A0522412B14B5F84,420A3012-6275-40DA-9A31DF44B5298DD9</string><string>9BD831CD-F132-4607-A0522412B14B5F84,44F633C9-926B-4A29-8C6B47E4BC19B1F8</string><string>9BD831CD-F132-4607-A0522412B14B5F84,47014533-BB3C-4526-A4A62FAE44A22381</string><string>9BD831CD-F132-4607-A0522412B14B5F84,93B6FDB8-C78B-48DC-9727A8B4000324F6</string><string>9BD831CD-F132-4607-A0522412B14B5F84</string><string>9BD831CD-F132-4607-A0522412B14B5F84,AA109127-C39B-4AD5-B47853468F028F20</string><string>9BD831CD-F132-4607-A0522412B14B5F84,B0D68683-2AEB-47D0-B8AEC84B8BCB4DF1</string><string>9BD831CD-F132-4607-A0522412B14B5F84,E0D0EB9D-FC18-4E2E-B0F25014B94D7F16</string><string>9BD831CD-F132-4607-A0522412B14B5F84,F38B02EE-3631-4DF6-B504DDE5330DFA91</string><string>9BD831CD-F132-4607-A0522412B14B5F84,F6264C62-48DE-476B-94CF3EFEB1F445E3</string></field><field name='remoteID'><string></string><string></string><string></string><string></string><string></string><string></string><string></string><string></string><string></string><string></string></field><field name='remoteSourceURL'><string></string><string></string><string></string><string></string><string></string><string></string><string></string><string></string><string></string><string></string></field><field name='remotePubDate'><string></string><string></string><string></string><string></string><string></string><string></string><string></string><string></string><string></string><string></string></field><field name='urltitle'><string>arts-culture</string><string>opinion</string><string>politics</string><string>health-science</string><string>news-categories</string><string>technology</string><string>business</string><string>world-news</string><string>weather</string><string>local-news</string></field><field name='filename'><string>news-categories/arts-culture</string><string>news-categories/opinion</string><string>news-categories/politics</string><string>news-categories/health-science</string><string>news-categories</string><string>news-categories/technology</string><string>news-categories/business</string><string>news-categories/world-news</string><string>news-categories/weather</string><string>news-categories/local-news</string></field><field name='isfeatureable'><number>1.0</number><number>1.0</number><number>1.0</number><number>1.0</number><number>0.0</number><number>1.0</number><number>1.0</number><number>1.0</number><number>1.0</number><number>1.0</number></field></recordset></data></wddxPacket>
