<wddxPacket version='1.0'><header/><data><recordset rowCount='11' fieldNames='contentHistID,categoryID,contentID,isFeature,orderno,siteID,featureStart,featureStop' type='coldfusion.sql.QueryTable'><field name='contentHistID'><string>16F8F770-2952-4865-8296FAECE63AE56A</string><string>16F8F770-2952-4865-8296FAECE63AE56A</string><string>16F8F770-2952-4865-8296FAECE63AE56A</string><string>1AA4BC52-9326-44CE-A8DA4D833CDF665C</string><string>4F4897B9-6685-4B78-95F8229ED2E4A0B1</string><string>4F4897B9-6685-4B78-95F8229ED2E4A0B1</string><string>4F52528D-A674-4908-99FF498DCB3E2542</string><string>4F52528D-A674-4908-99FF498DCB3E2542</string><string>4F52528D-A674-4908-99FF498DCB3E2542</string><string>D8BD645C-9F7C-4D42-837CCB9ABA6595CA</string><string>D8BD645C-9F7C-4D42-837CCB9ABA6595CA</string></field><field name='categoryID'><string>44F633C9-926B-4A29-8C6B47E4BC19B1F8</string><string>93B6FDB8-C78B-48DC-9727A8B4000324F6</string><string>F38B02EE-3631-4DF6-B504DDE5330DFA91</string><string>93B6FDB8-C78B-48DC-9727A8B4000324F6</string><string>420A3012-6275-40DA-9A31DF44B5298DD9</string><string>F6264C62-48DE-476B-94CF3EFEB1F445E3</string><string>93B6FDB8-C78B-48DC-9727A8B4000324F6</string><string>B0D68683-2AEB-47D0-B8AEC84B8BCB4DF1</string><string>F6264C62-48DE-476B-94CF3EFEB1F445E3</string><string>F38B02EE-3631-4DF6-B504DDE5330DFA91</string><string>F6264C62-48DE-476B-94CF3EFEB1F445E3</string></field><field name='contentID'><string>9CECDBE4-E72C-4A07-9DB3CF73FCC01858</string><string>9CECDBE4-E72C-4A07-9DB3CF73FCC01858</string><string>9CECDBE4-E72C-4A07-9DB3CF73FCC01858</string><string>424C4471-075D-44EC-83BF71F49AE54F8B</string><string>519C40DE-2A6E-4A41-911CCB1E8C4E2025</string><string>519C40DE-2A6E-4A41-911CCB1E8C4E2025</string><string>B81CB23D-A186-4494-AE34A45706FC6EE1</string><string>B81CB23D-A186-4494-AE34A45706FC6EE1</string><string>B81CB23D-A186-4494-AE34A45706FC6EE1</string><string>D26D652A-2C8A-4E72-8B007B42565D2A9A</string><string>D26D652A-2C8A-4E72-8B007B42565D2A9A</string></field><field name='isFeature'><number>0.0</number><number>0.0</number><number>0.0</number><number>1.0</number><number>0.0</number><number>0.0</number><number>0.0</number><number>0.0</number><number>0.0</number><number>0.0</number><number>0.0</number></field><field name='orderno'><number>0.0</number><number>0.0</number><number>0.0</number><number>0.0</number><number>0.0</number><number>0.0</number><number>0.0</number><number>0.0</number><number>0.0</number><number>0.0</number><number>0.0</number></field><field name='siteID'><string>default</string><string>default</string><string>default</string><string>default</string><string>default</string><string>default</string><string>default</string><string>default</string><string>default</string><string>default</string><string>default</string></field><field name='featureStart'><string></string><string></string><string></string><string></string><string></string><string></string><string></string><string></string><string></string><string></string><string></string></field><field name='featureStop'><string></string><string></string><string></string><string></string><string></string><string></string><string></string><string></string><string></string><string></string><string></string></field></recordset></data></wddxPacket>
