<wddxPacket version='1.0'><header/><data><recordset rowCount='39' fieldNames='ContentHistID,ObjectID,Object,ContentID,Name,OrderNo,SiteID,ColumnID,Params' type='coldfusion.sql.QueryTable'><field name='ContentHistID'><string>07018F77-C2A9-418D-AED28B32AAFCD4FA</string><string>07018F77-C2A9-418D-AED28B32AAFCD4FA</string><string>0BAE850D-7149-41FA-8DB06A5C7DFC8A34</string><string>1BA3B248-272C-49DB-A758724AE9029104</string><string>2301A577-2825-4787-8BF1629FD31620E6</string><string>2B2D23C9-2752-4792-AF2C6DD80229D4B7</string><string>2C94E152-E5A2-4DFF-8D49AC98256159B5</string><string>2CD73D79-53EF-4569-ABEE82BD3E5D011B</string><string>323DAFE0-4041-421D-B1C5A378CE903ED6</string><string>34E33EC4-0A84-4D6E-BD2B289905C7009C</string><string>39F5E6D8-EBC1-4F31-A447782EC68A010F</string><string>3F17EB8D-38C4-432D-A106C7CAD25534AA</string><string>42BBEB29-3339-4A24-BBCA3CDA7028CB18</string><string>42BBEB29-3339-4A24-BBCA3CDA7028CB18</string><string>45C3CEE4-9A9A-4A80-AEEED79E0E3A8276</string><string>46143B20-F31B-45F6-A89F1A5E9FF8898F</string><string>46143B20-F31B-45F6-A89F1A5E9FF8898F</string><string>46143B20-F31B-45F6-A89F1A5E9FF8898F</string><string>46143B20-F31B-45F6-A89F1A5E9FF8898F</string><string>46143B20-F31B-45F6-A89F1A5E9FF8898F</string><string>52342B3A-B61C-4AAE-A97B6336AEAF0572</string><string>55FBDBFF-2174-4696-90639CA3D0C6AF79</string><string>616703A2-1F47-4E0D-BBA3A5E5E02CF99A</string><string>616703A2-1F47-4E0D-BBA3A5E5E02CF99A</string><string>616703A2-1F47-4E0D-BBA3A5E5E02CF99A</string><string>616703A2-1F47-4E0D-BBA3A5E5E02CF99A</string><string>756B0233-1556-4410-93483E70766954F6</string><string>756B0233-1556-4410-93483E70766954F6</string><string>756B0233-1556-4410-93483E70766954F6</string><string>894499BE-E909-4C97-B2ABC6D95585EC04</string><string>8AB85D1A-724D-4AB0-A28F2FB480F186D7</string><string>AC3E5B96-42F5-4E86-AE7034CB717B4A5B</string><string>ADA6C13A-CF46-4EB4-A2CDEC9A17A7314B</string><string>D7797749-358B-4C24-A0D942018C7AD67C</string><string>DC75D404-E284-4320-BA9CEA7A445964A1</string><string>E8A7C77C-C681-410D-89005D86A4DFADC4</string><string>F073A49F-6EF4-42A7-9A364D9001963BF5</string><string>F3393285-B81C-4755-9D2AA90A34800A39</string><string>F75A304B-E44B-42DD-B5CF99664C073606</string></field><field name='ObjectID'><string>750F82BD-0F00-4891-9CA583F0CB4490A6</string><string>DA165B3D-4E83-4F89-B1FD2D0804FD354F</string><string>4CECB6C1-0620-40B6-92B3001D9CCC6B42</string><string>2A04D164-C08B-4608-A0B60A46D4862847</string><string>C5B94317-19FE-4583-BEEF0137B30C1279</string><string>108C05BF-94E6-4598-9E826F244DBD3240</string><string>0A51EEA1-1333-4F6A-8C7FA37A449F1C79</string><string>1BF3DDBB-67AD-4976-B63501922FCA8B51</string><string>90746A21-7A8B-4D26-A585BE47BBBA8690</string><string>5110DD2B-6789-4EC9-83F0225EA5CEAB1E</string><string>8437758E-5108-48A1-95EB8C2DF6538F4D</string><string>8117A960-AF5C-411A-95BFEF918C5D9FF0</string><string>02327B2D-2632-4250-99E8553E639BC6FE</string><string>2EBD4A7C-F188-4D2E-BACC2291C71EF8AF</string><string>0AD11AE4-1DCF-443F-A0FEAED8BF0D7758</string><string>18468B4A-26CF-4ED3-9DD678A9DE3BD066</string><string>9F0C5400-65C0-4BD9-857C740145E5BEA3</string><string>9F0C5400-65C0-4BD9-857C740145E5BEA3</string><string>9F0C5400-65C0-4BD9-857C740145E5BEA3</string><string>FBC11520-F362-4B36-8D526A6BF15C0C0B</string><string>69395ABA-7EB6-423E-B8FBC8EAC84E34C8</string><string>94331D76-BEA0-4A15-8A14C12BB7BB8369</string><string>42E2E818-671C-4B83-A8865959A7BC0C16</string><string>BDD56288-B269-424F-9D5347502B68F510</string><string>BDD56288-B269-424F-9D5347502B68F510</string><string>FBC11520-F362-4B36-8D526A6BF15C0C0B</string><string>1FE7B2D2-20BD-4639-A177A8B77D502CF6</string><string>750F82BD-0F00-4891-9CA583F0CB4490A6</string><string>845452AE-D450-4325-888A6187E4D0E305</string><string>47F162A3-0C26-4070-9403D52B8185DCE9</string><string>49544C3D-39C3-4FEE-B4F4D36B44B75C8D</string><string>A91D2BD9-D2A2-4374-A098B7C3B2E00AD3</string><string>ADB52B4B-ECD7-437C-80ADA7628933AA70</string><string>A9340597-4D21-4806-9A053E76AF2E78DC</string><string>77E80D71-21D6-4A0C-B24E43FDC1F46C76</string><string>011FA905-FDEB-436A-9A0E74857344168B</string><string>44BA746B-0E67-48E6-B55ED5035A67A86B</string><string>77FC050D-B9A4-41FC-92E3CC0E64CA9C2E</string><string>6E7B9C56-5558-43FD-A26971CBA2EFCD7B</string></field><field name='Object'><string>feed</string><string>feed</string><string>feed</string><string>favorites</string><string>comments</string><string>tag_cloud</string><string>dragable_feeds</string><string>folder_nav</string><string>seq_nav</string><string>multilevel_nav</string><string>user_tools</string><string>form</string><string>user_tools</string><string>standard_nav</string><string>standard_nav</string><string>rater</string><string>archive_nav</string><string>calendar_nav</string><string>category_summary</string><string>comments</string><string>sub_nav</string><string>site_map</string><string>tag_cloud</string><string>archive_nav</string><string>calendar_nav</string><string>comments</string><string>standard_nav</string><string>feed</string><string>Component</string><string>standard_nav</string><string>site_map</string><string>site_map</string><string>mailing_list</string><string>related_content</string><string>standard_nav</string><string>mailing_list_master</string><string>rater</string><string>event_reminder_form</string><string>peer_nav</string></field><field name='ContentID'><string>00000000000000000000000000000000001</string><string>00000000000000000000000000000000001</string><string>DB223B7D-8437-4764-A560533F99ED9516</string><string>452F13E1-60B9-4AF5-BEF4D8B4F6642B0D</string><string>35574551-53D7-4158-AC610DBCFAD18CA4</string><string>D54A4277-3B75-407A-B35FE65BD70B1A6E</string><string>25B7AE0C-1C7E-4335-B3DD37B3A2F2C5BE</string><string>A5D6E44D-16D6-46DD-A9503B282A270F0B</string><string>5FFC2AD3-A657-4A7F-8DD65B9366262F3F</string><string>50EB4609-1093-4F19-A811915FC8CE9FCB</string><string>DAC3E5E6-4CA6-4B06-A774B4F6D7D63F04</string><string>378D2F26-E241-40A3-9EC7348E8EE45882</string><string>A31943DF-A2E9-4118-A35DF0BCD9CC7DAA</string><string>A31943DF-A2E9-4118-A35DF0BCD9CC7DAA</string><string>64CF08E8-09B1-423C-A9D18C9B42D5E127</string><string>9F0C5400-65C0-4BD9-857C740145E5BEA3</string><string>9F0C5400-65C0-4BD9-857C740145E5BEA3</string><string>9F0C5400-65C0-4BD9-857C740145E5BEA3</string><string>9F0C5400-65C0-4BD9-857C740145E5BEA3</string><string>9F0C5400-65C0-4BD9-857C740145E5BEA3</string><string>A3493A00-DC1E-4899-A0180E979CE3F083</string><string>D5500855-548D-402A-BECB1FD320AFBE39</string><string>BDD56288-B269-424F-9D5347502B68F510</string><string>BDD56288-B269-424F-9D5347502B68F510</string><string>BDD56288-B269-424F-9D5347502B68F510</string><string>BDD56288-B269-424F-9D5347502B68F510</string><string>0ED0ECD0-CDBB-491C-80ACA3E57489C087</string><string>0ED0ECD0-CDBB-491C-80ACA3E57489C087</string><string>0ED0ECD0-CDBB-491C-80ACA3E57489C087</string><string>74A20194-A6AB-4D6A-B4E8468AE19325C6</string><string>99F306FA-79DE-472A-ABD5A6F1DFA913EE</string><string>531DA3A4-EE08-41F8-8806F6A64E06DFEB</string><string>EF98176F-70E3-44AA-8FFC22F24CCD720A</string><string>DC82801D-59DA-431C-86245291FA17C019</string><string>CCD78D40-B4BB-41BC-BE97413E0590A089</string><string>AF958090-C7E2-468F-82D2F822C69C7D5F</string><string>399A01BA-EA63-414C-BD4AAE9223DFFF95</string><string>4A60B543-938C-4273-B8E7D5221A7718D0</string><string>F250E304-D0CE-4F21-935BD4CBD7186BC0</string></field><field name='Name'><string>Mura Blog - Remote Feed</string><string>From Our Blog - Local Index</string><string>Upcoming Events - Local Index</string><string>User Favorites</string><string>Accept Comments</string><string>Tag Group</string><string>Dragable Feeds</string><string>Folder Navigation</string><string>Sequential Nav</string><string>Multi-Level Navigation</string><string>User Tools</string><string>Data Collector - Information Request</string><string>User Tools</string><string>Standard Navigation</string><string>Standard Navigation</string><string>Content Rater</string><string>Home  &gt; News - Archive Navigation</string><string>Home  &gt; News - Calendar Navigation</string><string>News - Category Summary</string><string>Accept Comments</string><string>Sub Navigation</string><string>Site Map</string><string>Tag Group</string><string>Home  &gt; Blog - Archive Navigation</string><string>Home  &gt; Blog - Calendar Navigation</string><string>Accept Comments</string><string>Standard Navigation</string><string>Mura Blog - Remote Feed</string><string>Sample Component</string><string>Standard Navigation</string><string>Site Map</string><string>Site Map</string><string>Mailing List - Sign Up for Our Mailing List</string><string>Related Content</string><string>Standard Navigation</string><string>Master Mailing List Sign Up Form</string><string>Content Rater</string><string>Event Reminder Form</string><string>Peer Navigation</string></field><field name='OrderNo'><number>2.0</number><number>1.0</number><number>1.0</number><number>1.0</number><number>1.0</number><number>1.0</number><number>1.0</number><number>1.0</number><number>1.0</number><number>1.0</number><number>1.0</number><number>1.0</number><number>2.0</number><number>1.0</number><number>1.0</number><number>1.0</number><number>2.0</number><number>1.0</number><number>2.0</number><number>1.0</number><number>1.0</number><number>1.0</number><number>3.0</number><number>2.0</number><number>1.0</number><number>1.0</number><number>1.0</number><number>1.0</number><number>2.0</number><number>1.0</number><number>1.0</number><number>1.0</number><number>1.0</number><number>1.0</number><number>1.0</number><number>1.0</number><number>1.0</number><number>1.0</number><number>1.0</number></field><field name='SiteID'><string>default</string><string>default</string><string>default</string><string>default</string><string>default</string><string>default</string><string>default</string><string>default</string><string>default</string><string>default</string><string>default</string><string>default</string><string>default</string><string>default</string><string>default</string><string>default</string><string>default</string><string>default</string><string>default</string><string>default</string><string>default</string><string>default</string><string>default</string><string>default</string><string>default</string><string>default</string><string>default</string><string>default</string><string>default</string><string>default</string><string>default</string><string>default</string><string>default</string><string>default</string><string>default</string><string>default</string><string>default</string><string>default</string><string>default</string></field><field name='ColumnID'><number>3.0</number><number>3.0</number><number>3.0</number><number>2.0</number><number>2.0</number><number>2.0</number><number>2.0</number><number>1.0</number><number>2.0</number><number>1.0</number><number>2.0</number><number>3.0</number><number>1.0</number><number>1.0</number><number>1.0</number><number>3.0</number><number>1.0</number><number>1.0</number><number>3.0</number><number>2.0</number><number>1.0</number><number>2.0</number><number>3.0</number><number>3.0</number><number>3.0</number><number>2.0</number><number>1.0</number><number>3.0</number><number>1.0</number><number>1.0</number><number>2.0</number><number>2.0</number><number>2.0</number><number>2.0</number><number>1.0</number><number>2.0</number><number>2.0</number><number>2.0</number><number>1.0</number></field><field name='Params'><string>{&quot;displaySummaries&quot;:&quot;0&quot;,&quot;viewalllink&quot;:&quot;&quot;,&quot;viewalllabel&quot;:&quot;&quot;}</string><string>{&quot;imageSize&quot;:&quot;small&quot;,&quot;imageWidth&quot;:&quot;AUTO&quot;,&quot;imageHeight&quot;:&quot;AUTO&quot;,&quot;displayName&quot;:&quot;1&quot;,&quot;altName&quot;:&quot;From Our Blog&quot;,&quot;cssclass&quot;:&quot;&quot;,&quot;viewalllink&quot;:&quot;&quot;,&quot;viewalllabel&quot;:&quot;&quot;,&quot;maxItems&quot;:&quot;1&quot;,&quot;nextN&quot;:&quot;20&quot;,&quot;displayList&quot;:&quot;Date,Title,Summary,Credits&quot;}</string><string>{&quot;imageSize&quot;:&quot;small&quot;,&quot;imageWidth&quot;:&quot;AUTO&quot;,&quot;imageHeight&quot;:&quot;AUTO&quot;,&quot;displayName&quot;:&quot;1&quot;,&quot;altName&quot;:&quot;&quot;,&quot;cssclass&quot;:&quot;&quot;,&quot;viewalllink&quot;:&quot;&quot;,&quot;viewalllabel&quot;:&quot;&quot;,&quot;maxItems&quot;:&quot;3&quot;,&quot;nextN&quot;:&quot;20&quot;,&quot;displayList&quot;:&quot;Date,Title,Image,Summary,Credits,Tags&quot;}</string><string></string><string></string><string>{&quot;taggroup&quot;:&quot;&quot;}</string><string></string><string></string><string></string><string></string><string></string><string></string><string></string><string></string><string></string><string></string><string></string><string></string><string>{&quot;displayRSS&quot;:&quot;0&quot;}</string><string></string><string></string><string></string><string>{&quot;taggroup&quot;:&quot;Blog&quot;}</string><string></string><string></string><string></string><string></string><string>{&quot;displaySummaries&quot;:&quot;1&quot;,&quot;viewalllink&quot;:&quot;&quot;,&quot;viewalllabel&quot;:&quot;&quot;}</string><string></string><string></string><string></string><string></string><string></string><string>{&quot;relatedContentSetName&quot;:&quot;&quot;,&quot;imageWidth&quot;:&quot;AUTO&quot;,&quot;imageHeight&quot;:&quot;AUTO&quot;,&quot;displayList&quot;:&quot;Title&quot;}</string><string></string><string></string><string></string><string></string><string></string></field></recordset></data></wddxPacket>
