<wddxPacket version='1.0'><header/><data><recordset rowCount='5' fieldNames='contentHistID,relatedID,contentID,siteID,relatedContentSetID,orderNo,relatedContentID' type='coldfusion.sql.QueryTable'><field name='contentHistID'><string>D7797749-358B-4C24-A0D942018C7AD67C</string><string>D7797749-358B-4C24-A0D942018C7AD67C</string><string>D7797749-358B-4C24-A0D942018C7AD67C</string><string>D7797749-358B-4C24-A0D942018C7AD67C</string><string>756B0233-1556-4410-93483E70766954F6</string></field><field name='relatedID'><string>35574551-53D7-4158-AC610DBCFAD18CA4</string><string>531DA3A4-EE08-41F8-8806F6A64E06DFEB</string><string>452F13E1-60B9-4AF5-BEF4D8B4F6642B0D</string><string>DAC3E5E6-4CA6-4B06-A774B4F6D7D63F04</string><string>00000000000000000000000000000000001</string></field><field name='contentID'><string>DC82801D-59DA-431C-86245291FA17C019</string><string>DC82801D-59DA-431C-86245291FA17C019</string><string>DC82801D-59DA-431C-86245291FA17C019</string><string>DC82801D-59DA-431C-86245291FA17C019</string><string>0ED0ECD0-CDBB-491C-80ACA3E57489C087</string></field><field name='siteID'><string>default</string><string>default</string><string>default</string><string>default</string><string>default</string></field><field name='relatedContentSetID'><string>00000000000000000000000000000000000</string><string>00000000000000000000000000000000000</string><string>00000000000000000000000000000000000</string><string>00000000000000000000000000000000000</string><string>00000000000000000000000000000000000</string></field><field name='orderNo'><number>1.0</number><number>3.0</number><number>4.0</number><number>5.0</number><number>1.0</number></field><field name='relatedContentID'><number>20.0</number><number>21.0</number><number>22.0</number><number>23.0</number><number>37.0</number></field></recordset></data></wddxPacket>
