<wddxPacket version='1.0'><header/><data><recordset rowCount='18' fieldNames='tagID,contentID,contentHistID,siteID,tag,taggroup' type='coldfusion.sql.QueryTable'><field name='tagID'><number>81.0</number><number>82.0</number><number>83.0</number><number>84.0</number><number>85.0</number><number>86.0</number><number>87.0</number><number>88.0</number><number>89.0</number><number>90.0</number><number>91.0</number><number>92.0</number><number>95.0</number><number>96.0</number><number>97.0</number><number>98.0</number><number>99.0</number><number>100.0</number></field><field name='contentID'><string>424741FE-20BC-4D15-916045A487DC12C2</string><string>566C72DA-6D6A-4A1D-B3788D0B9FACD4E0</string><string>3405DFBE-4B96-4B67-9592D826E3B6B2F9</string><string>D70ECC7D-C93F-4D2E-968904FDDA64871A</string><string>935B3780-1E86-44B6-97B5E1A23CB49CD1</string><string>D232AF23-3959-4AB7-9D1EDA458E53E087</string><string>39909050-F189-494B-AA00C0C51C496568</string><string>BF9BDB12-0C1F-412C-9A79EBC04A2F7411</string><string>BF9BDB12-0C1F-412C-9A79EBC04A2F7411</string><string>580D4AE8-AB68-4E1F-8D0793AE3B3AA425</string><string>03C8E4F4-488F-4BB0-B24EC81178FD2FBD</string><string>03C8E4F4-488F-4BB0-B24EC81178FD2FBD</string><string>4A5C8802-02B0-459B-BA8F3D152621C244</string><string>4A5C8802-02B0-459B-BA8F3D152621C244</string><string>93B593F0-EC2D-4EF0-89465CFC42592875</string><string>93B593F0-EC2D-4EF0-89465CFC42592875</string><string>06885ACD-691F-431A-BCC24E2490FE5D4C</string><string>06885ACD-691F-431A-BCC24E2490FE5D4C</string></field><field name='contentHistID'><string>6C09D03D-2782-423D-945E367AAE5C7D37</string><string>2CF9AE67-1222-4863-B1CFA47EE562C3B3</string><string>EB750244-2A73-4CAF-B1612B8D7B1F8759</string><string>7484415B-B15B-42E3-90B232E207F5F9DD</string><string>881FA1F5-9588-4EE2-8EF877431C9C7FD8</string><string>405615B6-5C93-4025-891F7124420CD01E</string><string>57E85D8F-005F-4B80-9AE6CF9AC3B48378</string><string>75F2184A-81DA-442E-AFEDB456C731C36D</string><string>75F2184A-81DA-442E-AFEDB456C731C36D</string><string>FD9F6D20-65AD-4EB7-8913A2231AD652B1</string><string>22274688-C329-4996-8E826C57090FF6DA</string><string>22274688-C329-4996-8E826C57090FF6DA</string><string>3FFC3E2C-D2D9-4A8D-9DB325E469C80FC6</string><string>3FFC3E2C-D2D9-4A8D-9DB325E469C80FC6</string><string>5D3E2503-6581-4143-8CCB5F6715D71937</string><string>5D3E2503-6581-4143-8CCB5F6715D71937</string><string>344935A1-B79C-44E5-A2B390F40B335C83</string><string>344935A1-B79C-44E5-A2B390F40B335C83</string></field><field name='siteID'><string>default</string><string>default</string><string>default</string><string>default</string><string>default</string><string>default</string><string>default</string><string>default</string><string>default</string><string>default</string><string>default</string><string>default</string><string>default</string><string>default</string><string>default</string><string>default</string><string>default</string><string>default</string></field><field name='tag'><string>Training</string><string>Training</string><string>Season</string><string>Holiday</string><string>Season</string><string>Season</string><string>Season</string><string>surfing</string><string>life</string><string>family</string><string>travel</string><string>family</string><string>family</string><string>friends</string><string>life</string><string>money</string><string>life</string><string>comedy</string></field><field name='taggroup'><string>Events</string><string>Events</string><string>Events</string><string>Events</string><string>Events</string><string>Events</string><string>Events</string><string>Blog</string><string>Blog</string><string>Blog</string><string>Blog</string><string>Blog</string><string>Blog</string><string>Blog</string><string>Blog</string><string>Blog</string><string>Blog</string><string>Blog</string></field></recordset></data></wddxPacket>
