<wddxPacket version='1.0'><header/><data><recordset rowCount='0' fieldNames='signagedecorsubtotal,budgetid,signagedecordesc,signagedecorqty,signagedecorrate,signagedecordays,signagedecorid' type='coldfusion.sql.QueryTable'><field name='signagedecorsubtotal'></field><field name='budgetid'></field><field name='signagedecordesc'></field><field name='signagedecorqty'></field><field name='signagedecorrate'></field><field name='signagedecordays'></field><field name='signagedecorid'></field></recordset></data></wddxPacket>
