<wddxPacket version='1.0'><header/><data><recordset rowCount='34' fieldNames='ContentHistID,ObjectID,Object,ContentID,Name,OrderNo,SiteID,ColumnID,Params' type='coldfusion.sql.QueryTable'><field name='ContentHistID'><string>08A6E2CD-B40C-4753-9A6DAC2B1BB1F993</string><string>0AE735B9-35B8-409D-AE53E34762C20FB3</string><string>0BC671B5-F8A1-4F1F-92D294B239790158</string><string>145B2578-D4FA-463A-9820EAA7CDC8F644</string><string>23239A94-3E4D-4159-B083B69A8252DED2</string><string>23239A94-3E4D-4159-B083B69A8252DED2</string><string>23239A94-3E4D-4159-B083B69A8252DED2</string><string>23239A94-3E4D-4159-B083B69A8252DED2</string><string>2361C588-725C-4506-9E5B0EFF9A6035CA</string><string>32A83754-C870-474D-91426110E095F1A4</string><string>50774C93-F7BA-488F-A22EE7D9E954344D</string><string>50774C93-F7BA-488F-A22EE7D9E954344D</string><string>50774C93-F7BA-488F-A22EE7D9E954344D</string><string>5208201C-9669-48AC-882E75F1862BB8AE</string><string>5208201C-9669-48AC-882E75F1862BB8AE</string><string>5208201C-9669-48AC-882E75F1862BB8AE</string><string>5208201C-9669-48AC-882E75F1862BB8AE</string><string>544CD2FA-3BE8-430F-94C71C7AB927F247</string><string>5B21068F-9C7A-42F2-99A99A856537580C</string><string>5B21068F-9C7A-42F2-99A99A856537580C</string><string>5DEB51D7-0345-4FB7-96F32E01804C6EF9</string><string>6CA6CB79-0681-4045-AE7A1DA16BE07B0B</string><string>9302293D-E704-477E-BE99F986F429B6B8</string><string>A7685233-CB12-4E28-A6E0FAA1573FF184</string><string>A837A7E6-A088-465C-A464430B716754F4</string><string>ADB93056-9E9F-40A0-A9A527A1BE500568</string><string>B8B75CAB-3535-4467-89BD845A6693EF5B</string><string>BDA464CA-26B4-4386-A6EB7B3B118E6F81</string><string>C1DCEAAC-2BEA-4EAC-AE69647D13201AB9</string><string>CA5D4FC9-B90E-4167-84600143706D5EE8</string><string>CFE310F0-E5E4-41C5-90BED64244AF35EF</string><string>CFF825B0-1A2E-46CD-870558DABFD0E78C</string><string>CFF825B0-1A2E-46CD-870558DABFD0E78C</string><string>D7ADA7E7-A3AF-4011-80C35A897FFC121E</string></field><field name='ObjectID'><string>0CD558B1-4A1F-4254-881742AE2F7E8005</string><string>D56FADA8-3127-4997-AEC11FFE067582BC</string><string>3B1BE210-D147-4686-9CF4B32A7201D04E</string><string>8F347BEF-CCE4-476C-A94359940435A1CE</string><string>BD90D095-C9E6-44F5-BA5F8C4441921A2E</string><string>C49322BC-8345-4801-A4E8C7A5B5E01003</string><string>C49322BC-8345-4801-A4E8C7A5B5E01003</string><string>C49322BC-8345-4801-A4E8C7A5B5E01003</string><string>72B48A51-21A2-49FF-B49005FDEF675D6A</string><string>93A42102-C95F-4FBE-AC61B37A9FC8C04B</string><string>63C9AEB8-9867-489A-856C9705EE10359C</string><string>75265ADD-926A-496B-892064751CC1F214</string><string>9298620B-6F97-4044-A6418EC0C68C3C6B</string><string>604E7C73-5C66-4891-A1C8A5394B35AE2D</string><string>604E7C73-5C66-4891-A1C8A5394B35AE2D</string><string>820B9C03-6186-45E9-80DED8A1FE4AF8AF</string><string>BD90D095-C9E6-44F5-BA5F8C4441921A2E</string><string>4696AF1A-E7CF-4CA2-BA97DCEC9286F395</string><string>9298620B-6F97-4044-A6418EC0C68C3C6B</string><string>C12E21FD-D889-4F79-9FE405F21E6887A3</string><string>51405935-5419-4041-A22B963F60177550</string><string>049258F3-0FF4-4F7E-BDA89FFDE0CA2F4C</string><string>D9654706-C167-485E-8506065317C8FF2C</string><string>F3AE03CE-3CEE-4614-B003B55BA445A907</string><string>5D69F165-14AE-4E2A-AC4AB26C1430CD0B</string><string>533BCA44-635B-4AE8-9D6D6F4AFE85F6E0</string><string>54A4A15A-3DD6-4793-B0D060E1F20840BD</string><string>DA19B2F8-30B9-4D52-A4D9083CBDDF4F58</string><string>974C9ACA-3F72-4ECD-B5373CE2C7899EB1</string><string>A7891C1E-EF07-41EE-B1D564FEA072539A</string><string>52CE0B94-9259-4E75-86B02801366D936F</string><string>021DDF87-CF4E-4495-80B5B5026397E4F0</string><string>BB3DB1F0-1797-445B-A9E3605CC7EDAE6E</string><string>063B4482-F494-4105-98A934686479332B</string></field><field name='Object'><string>site_map</string><string>favorites</string><string>feed</string><string>folder_nav</string><string>comments</string><string>archive_nav</string><string>calendar_nav</string><string>category_summary</string><string>sub_nav</string><string>dragable_feeds</string><string>collection</string><string>feed</string><string>feed</string><string>archive_nav</string><string>calendar_nav</string><string>tag_cloud</string><string>comments</string><string>site_map</string><string>feed</string><string>standard_nav</string><string>standard_nav</string><string>multilevel_nav</string><string>user_tools</string><string>tag_cloud</string><string>form</string><string>standard_nav</string><string>seq_nav</string><string>comments</string><string>peer_nav</string><string>event_reminder_form</string><string>related_content</string><string>standard_nav</string><string>user_tools</string><string>standard_nav</string></field><field name='ContentID'><string>BC8CE928-E47A-4439-A061852D1213D532</string><string>DE0C0A42-93E9-4F8A-A2779466BBC38D21</string><string>827AD0D2-8C30-4BCC-89E56D616A07C8E0</string><string>D703EF57-DE5E-4D21-874FA594D48FB41C</string><string>C49322BC-8345-4801-A4E8C7A5B5E01003</string><string>C49322BC-8345-4801-A4E8C7A5B5E01003</string><string>C49322BC-8345-4801-A4E8C7A5B5E01003</string><string>C49322BC-8345-4801-A4E8C7A5B5E01003</string><string>0C1B1CCB-7487-4268-93602727F85EE6CE</string><string>169A2D72-FABE-4939-AA3F75E2D0F5B156</string><string>00000000000000000000000000000000001</string><string>00000000000000000000000000000000001</string><string>00000000000000000000000000000000001</string><string>604E7C73-5C66-4891-A1C8A5394B35AE2D</string><string>604E7C73-5C66-4891-A1C8A5394B35AE2D</string><string>604E7C73-5C66-4891-A1C8A5394B35AE2D</string><string>604E7C73-5C66-4891-A1C8A5394B35AE2D</string><string>41E94BBD-6800-4ACC-A9E2957DE61DEF83</string><string>3AE97F44-AD15-48F2-BF108E841D7DAB3C</string><string>3AE97F44-AD15-48F2-BF108E841D7DAB3C</string><string>9C089316-3DF4-48FD-BB2C16EB6411594C</string><string>4284FC47-EA5B-42B4-A069EE99E9347B0D</string><string>B7BEE588-B37A-4854-8070BD42357FB352</string><string>EB3243AA-6A62-42B1-8806757F36330487</string><string>991E5F73-6ABB-4B87-96810136A7D25C87</string><string>E97077E6-F5DB-4D3A-BB431D16B78E0619</string><string>5BA04B1E-AFC5-4D60-B8996B093982F1D2</string><string>E5B86450-9F3D-4AE8-84D8AF8D42148F68</string><string>7E15F9AD-05EA-433A-9E2F8C55C6048323</string><string>7F14F707-2852-4D72-8B22299DF48B0DAD</string><string>9F968102-C375-49B0-9F41B7C44F21ED90</string><string>BB9B4DD5-0B43-4FB0-A6692E2B6F9A9F4A</string><string>BB9B4DD5-0B43-4FB0-A6692E2B6F9A9F4A</string><string>EB01B463-6729-477D-AB6C1EA15C68A21B</string></field><field name='Name'><string>Site Map</string><string>User Favorites</string><string>Upcoming Events - Local Index</string><string>Folder Navigation</string><string>&lt;i class='mi-cog'&gt;&lt;/i&gt; Comments</string><string>Home  &gt; News - Archive Navigation</string><string>Home  &gt; News - Calendar Navigation</string><string>&lt;i class='mi-cog'&gt;&lt;/i&gt; Category_summary</string><string>Sub Navigation</string><string>Dragable Feeds</string><string>&lt;i class=&quot;mi-th-list&quot;&gt;&lt;/i&gt; Collection</string><string>From Our Blog - Local Index</string><string>Mura Blog - Remote Feed</string><string>Home  &gt; Blog - Archive Navigation</string><string>Home  &gt; Blog - Calendar Navigation</string><string>&lt;i class='mi-cog'&gt;&lt;/i&gt; Tag Group</string><string>&lt;i class='mi-cog'&gt;&lt;/i&gt; Comments</string><string>Site Map</string><string>&lt;i class='mi-cog'&gt;&lt;/i&gt; Feed</string><string>Standard Navigation</string><string>Standard Navigation</string><string>Multi-Level Navigation</string><string>User Tools</string><string>Tag Group</string><string>&lt;i class=&quot;mi-toggle-on&quot;&gt;&lt;/i&gt; Form</string><string>Standard Navigation</string><string>Sequential Nav</string><string>Accept Comments</string><string>Peer Navigation</string><string>Event Reminder Form</string><string>Related Content</string><string>Standard Navigation</string><string>User Tools</string><string>Standard Navigation</string></field><field name='OrderNo'><number>1.0</number><number>1.0</number><number>1.0</number><number>1.0</number><number>1.0</number><number>2.0</number><number>1.0</number><number>1.0</number><number>1.0</number><number>1.0</number><number>1.0</number><number>1.0</number><number>2.0</number><number>2.0</number><number>1.0</number><number>3.0</number><number>1.0</number><number>1.0</number><number>1.0</number><number>1.0</number><number>1.0</number><number>1.0</number><number>1.0</number><number>1.0</number><number>1.0</number><number>1.0</number><number>1.0</number><number>1.0</number><number>1.0</number><number>1.0</number><number>1.0</number><number>1.0</number><number>2.0</number><number>1.0</number></field><field name='SiteID'><string>default</string><string>default</string><string>default</string><string>default</string><string>default</string><string>default</string><string>default</string><string>default</string><string>default</string><string>default</string><string>default</string><string>default</string><string>default</string><string>default</string><string>default</string><string>default</string><string>default</string><string>default</string><string>default</string><string>default</string><string>default</string><string>default</string><string>default</string><string>default</string><string>default</string><string>default</string><string>default</string><string>default</string><string>default</string><string>default</string><string>default</string><string>default</string><string>default</string><string>default</string></field><field name='ColumnID'><number>2.0</number><number>2.0</number><number>3.0</number><number>1.0</number><number>2.0</number><number>1.0</number><number>1.0</number><number>3.0</number><number>1.0</number><number>2.0</number><number>2.0</number><number>3.0</number><number>3.0</number><number>3.0</number><number>3.0</number><number>3.0</number><number>2.0</number><number>2.0</number><number>3.0</number><number>1.0</number><number>1.0</number><number>1.0</number><number>2.0</number><number>2.0</number><number>3.0</number><number>1.0</number><number>2.0</number><number>2.0</number><number>1.0</number><number>2.0</number><number>2.0</number><number>1.0</number><number>1.0</number><number>1.0</number></field><field name='Params'><string></string><string></string><string>{&quot;imageSize&quot;:&quot;small&quot;,&quot;imageWidth&quot;:&quot;AUTO&quot;,&quot;imageHeight&quot;:&quot;AUTO&quot;,&quot;displayName&quot;:&quot;1&quot;,&quot;altName&quot;:&quot;&quot;,&quot;cssclass&quot;:&quot;&quot;,&quot;viewalllink&quot;:&quot;&quot;,&quot;viewalllabel&quot;:&quot;&quot;,&quot;maxItems&quot;:&quot;3&quot;,&quot;nextN&quot;:&quot;20&quot;,&quot;displayList&quot;:&quot;Date,Title,Image,Summary,Credits,Tags&quot;}</string><string></string><string>{&quot;object&quot;:&quot;comments&quot;,&quot;render&quot;:&quot;server&quot;,&quot;objectname&quot;:&quot;&lt;i class='mi-cog'&gt;&lt;/i&gt; Comments&quot;,&quot;deletecomment&quot;:&quot;&quot;,&quot;spamcomment&quot;:&quot;&quot;,&quot;approvedcomment&quot;:&quot;&quot;,&quot;inited&quot;:true}</string><string>{&quot;object&quot;:&quot;archive_nav&quot;,&quot;render&quot;:&quot;server&quot;,&quot;objectname&quot;:&quot;Home  &gt; News - Archive Navigation&quot;}</string><string>{&quot;object&quot;:&quot;calendar_nav&quot;,&quot;render&quot;:&quot;server&quot;,&quot;objectname&quot;:&quot;Home  &gt; News - Calendar Navigation&quot;}</string><string>{&quot;object&quot;:&quot;category_summary&quot;,&quot;displayrss&quot;:0,&quot;render&quot;:&quot;server&quot;,&quot;objectname&quot;:&quot;&lt;i class='mi-cog'&gt;&lt;/i&gt; Category_summary&quot;}</string><string></string><string></string><string>{&quot;object&quot;:&quot;collection&quot;,&quot;objectname&quot;:&quot;&lt;i class=\&quot;mi-th-list\&quot;&gt;&lt;/i&gt; Collection&quot;,&quot;inited&quot;:true,&quot;sourcetype&quot;:&quot;localindex&quot;,&quot;label&quot;:&quot;From Our Blog&quot;,&quot;css&quot;:&quot;&quot;,&quot;&quot;:&quot;&quot;,&quot;source&quot;:&quot;75265ADD-926A-496B-892064751CC1F214&quot;,&quot;layout&quot;:&quot;grid&quot;,&quot;imagesize&quot;:&quot;carouselimage&quot;,&quot;imageheight&quot;:&quot;AUTO&quot;,&quot;imagewidth&quot;:&quot;AUTO&quot;,&quot;displaylist&quot;:&quot;Image,Date,Title,Summary,Credits&quot;,&quot;modalimages&quot;:false,&quot;maxitems&quot;:3,&quot;nextn&quot;:20,&quot;gridstyle&quot;:&quot;mura-grid-three&quot;,&quot;render&quot;:&quot;server&quot;,&quot;items&quot;:&quot;&quot;,&quot;viewalllink&quot;:&quot;&quot;,&quot;viewalllabel&quot;:&quot;&quot;,&quot;sourceid&quot;:&quot;75265ADD-926A-496B-892064751CC1F214&quot;,&quot;cssclass&quot;:&quot;home-news&quot;,&quot;class&quot;:&quot;home-news&quot;}</string><string>{&quot;imageSize&quot;:&quot;small&quot;,&quot;imageWidth&quot;:&quot;AUTO&quot;,&quot;imageHeight&quot;:&quot;AUTO&quot;,&quot;displayName&quot;:&quot;1&quot;,&quot;altName&quot;:&quot;From Our Blog&quot;,&quot;cssclass&quot;:&quot;&quot;,&quot;viewalllink&quot;:&quot;&quot;,&quot;viewalllabel&quot;:&quot;&quot;,&quot;maxItems&quot;:&quot;1&quot;,&quot;nextN&quot;:&quot;20&quot;,&quot;displayList&quot;:&quot;Date,Title,Summary,Credits&quot;}</string><string>{&quot;displaySummaries&quot;:&quot;0&quot;,&quot;viewalllink&quot;:&quot;&quot;,&quot;viewalllabel&quot;:&quot;&quot;}</string><string>{&quot;object&quot;:&quot;archive_nav&quot;,&quot;render&quot;:&quot;server&quot;,&quot;objectname&quot;:&quot;Home  &gt; Blog - Archive Navigation&quot;}</string><string>{&quot;object&quot;:&quot;calendar_nav&quot;,&quot;render&quot;:&quot;server&quot;,&quot;objectname&quot;:&quot;Home  &gt; Blog - Calendar Navigation&quot;}</string><string>{&quot;object&quot;:&quot;tag_cloud&quot;,&quot;taggroup&quot;:&quot;&quot;,&quot;objectname&quot;:&quot;&lt;i class='mi-cog'&gt;&lt;/i&gt; Tag Group&quot;,&quot;cssclass&quot;:&quot;&quot;,&quot;class&quot;:&quot;&quot;,&quot;inited&quot;:true}</string><string>{&quot;object&quot;:&quot;comments&quot;,&quot;render&quot;:&quot;server&quot;,&quot;objectname&quot;:&quot;&lt;i class='mi-cog'&gt;&lt;/i&gt; Comments&quot;,&quot;deletecomment&quot;:&quot;&quot;,&quot;spamcomment&quot;:&quot;&quot;,&quot;approvedcomment&quot;:&quot;&quot;,&quot;inited&quot;:true}</string><string></string><string>{&quot;object&quot;:&quot;feed&quot;,&quot;displaysummaries&quot;:1,&quot;viewalllink&quot;:&quot;&quot;,&quot;viewalllabel&quot;:&quot;&quot;,&quot;render&quot;:&quot;server&quot;,&quot;objectname&quot;:&quot;&lt;i class='mi-cog'&gt;&lt;/i&gt; Feed&quot;}</string><string>{&quot;object&quot;:&quot;standard_nav&quot;,&quot;render&quot;:&quot;server&quot;,&quot;objectname&quot;:&quot;Standard Navigation&quot;}</string><string></string><string></string><string></string><string>{&quot;taggroup&quot;:&quot;&quot;}</string><string>{&quot;object&quot;:&quot;form&quot;,&quot;objectname&quot;:&quot;&lt;i class=\&quot;mi-toggle-on\&quot;&gt;&lt;/i&gt; Form&quot;,&quot;inited&quot;:true,&quot;view&quot;:&quot;form&quot;,&quot;render&quot;:&quot;client&quot;,&quot;label&quot;:&quot;Contact Us&quot;,&quot;cssclass&quot;:&quot;&quot;,&quot;class&quot;:&quot;&quot;,&quot;name&quot;:&quot;Information Request&quot;}</string><string></string><string></string><string></string><string></string><string></string><string>{&quot;relatedContentSetName&quot;:&quot;&quot;,&quot;imageWidth&quot;:&quot;AUTO&quot;,&quot;imageHeight&quot;:&quot;AUTO&quot;,&quot;displayList&quot;:&quot;Title&quot;}</string><string></string><string></string><string></string></field></recordset></data></wddxPacket>
