<wddxPacket version='1.0'><header/><data><recordset rowCount='0' fieldNames='budgetid,meetingspacerate,meetingspaceid,meetingspaceqty,meetingspaceunits,meetingspacesubtotal,meetingspacedesc,meetingspacedays' type='coldfusion.sql.QueryTable'><field name='budgetid'></field><field name='meetingspacerate'></field><field name='meetingspaceid'></field><field name='meetingspaceqty'></field><field name='meetingspaceunits'></field><field name='meetingspacesubtotal'></field><field name='meetingspacedesc'></field><field name='meetingspacedays'></field></recordset></data></wddxPacket>
