<wddxPacket version='1.0'><header/><data><recordset rowCount='0' fieldNames='budgetid,dailydelegatepeople,dailydelegatedays,dailydelegateid,dailydelegaterate,dailydelegatesubtotal,dailydelegatedesc' type='coldfusion.sql.QueryTable'><field name='budgetid'></field><field name='dailydelegatepeople'></field><field name='dailydelegatedays'></field><field name='dailydelegateid'></field><field name='dailydelegaterate'></field><field name='dailydelegatesubtotal'></field><field name='dailydelegatedesc'></field></recordset></data></wddxPacket>
