<wddxPacket version='1.0'><header/><data><recordset rowCount='0' fieldNames='groundtransportscomments,foodbevstaxamount,securitystax,avsgrandtotal,hasmisc,hasaccommodations,teambuildingstaxamount,avsservicechargeamount,isprimarybudget,teambuildingsservicechargeamount,dailydelegatescomments,budgetgrandsubtotalamount,signagedecorstax,signagedecorsservicecharge,budgetname,avssubtotal,lastmodifiedby,hasmeetingspace,giveawayscomments,securityssubtotal,securitysservicecharge,flightsgrandtotal,foodbevstax,hasgroundtransportation,securitysservicechargeamount,miscstaxamount,meetingid,teambuildingssubtotal,datemodified,teambuildingsgrandtotal,budgetcurrency,budgetstate,giveawaystaxamount,dailydelegatesgrandtotal,budgetcountry,miscsservicecharge,groundtransportsservicechargeamount,hasfoodandbeverage,budgetcity,avstax,groundtransportsservicecharge,securitysgrandtotal,hasteambuilding,budgetgrandtotalamount,budgetdepartmentno,miscssubtotal,budgetgrandtaxamount,foodbevsservicecharge,avsservicecharge,signagedecorsgrandtotal,budgetregion,hasflights,miscsservicechargeamount,meetingspacesgrandtotal,teambuildingsservicecharge,budgetgrandservicechargeamount,signagedecorsservicechargeamount,teambuildingstax,dailydelegatesservicecharge,dailydelegatestaxamount,datecreated,miscscomments,flightssubtotal,signagedecorstaxamount,signagedecorscomments,flightscomments,budgetid,groundtransportsgrandtotal,miscstax,hasaudiovisual,foodbevscomments,avstaxamount,foodbevssubtotal,dailydelegatesservicechargeamount,meetingspacestax,meetingspacescomments,securityscomments,hasgiveaways,giveawayssubtotal,accommodationstax,meetingspacessubtotal,groundtransportssubtotal,miscsgrandtotal,accommodationscomments,meetingspacesservicecharge,groundtransportstax,accommodationsservicecharge,giveawaystax,avscomments,foodbevsgrandtotal,giveawaysgrandtotal,dailydelegatessubtotal,hasdailydelegaterate,accommodationssubtotal,meetingspacesservicechargeamount,signagedecorssubtotal,foodbevsservicechargeamount,hassignage,dailydelegatestax,hassecurity,budgetdivision,teambuildingscomments,employeeid,securitystaxamount,accommodationstaxamount,meetingspacestaxamount,groundtransportstaxamount,accommodationsgrandtotal,accommodationsservicechargeamount' type='coldfusion.sql.QueryTable'><field name='groundtransportscomments'></field><field name='foodbevstaxamount'></field><field name='securitystax'></field><field name='avsgrandtotal'></field><field name='hasmisc'></field><field name='hasaccommodations'></field><field name='teambuildingstaxamount'></field><field name='avsservicechargeamount'></field><field name='isprimarybudget'></field><field name='teambuildingsservicechargeamount'></field><field name='dailydelegatescomments'></field><field name='budgetgrandsubtotalamount'></field><field name='signagedecorstax'></field><field name='signagedecorsservicecharge'></field><field name='budgetname'></field><field name='avssubtotal'></field><field name='lastmodifiedby'></field><field name='hasmeetingspace'></field><field name='giveawayscomments'></field><field name='securityssubtotal'></field><field name='securitysservicecharge'></field><field name='flightsgrandtotal'></field><field name='foodbevstax'></field><field name='hasgroundtransportation'></field><field name='securitysservicechargeamount'></field><field name='miscstaxamount'></field><field name='meetingid'></field><field name='teambuildingssubtotal'></field><field name='datemodified'></field><field name='teambuildingsgrandtotal'></field><field name='budgetcurrency'></field><field name='budgetstate'></field><field name='giveawaystaxamount'></field><field name='dailydelegatesgrandtotal'></field><field name='budgetcountry'></field><field name='miscsservicecharge'></field><field name='groundtransportsservicechargeamount'></field><field name='hasfoodandbeverage'></field><field name='budgetcity'></field><field name='avstax'></field><field name='groundtransportsservicecharge'></field><field name='securitysgrandtotal'></field><field name='hasteambuilding'></field><field name='budgetgrandtotalamount'></field><field name='budgetdepartmentno'></field><field name='miscssubtotal'></field><field name='budgetgrandtaxamount'></field><field name='foodbevsservicecharge'></field><field name='avsservicecharge'></field><field name='signagedecorsgrandtotal'></field><field name='budgetregion'></field><field name='hasflights'></field><field name='miscsservicechargeamount'></field><field name='meetingspacesgrandtotal'></field><field name='teambuildingsservicecharge'></field><field name='budgetgrandservicechargeamount'></field><field name='signagedecorsservicechargeamount'></field><field name='teambuildingstax'></field><field name='dailydelegatesservicecharge'></field><field name='dailydelegatestaxamount'></field><field name='datecreated'></field><field name='miscscomments'></field><field name='flightssubtotal'></field><field name='signagedecorstaxamount'></field><field name='signagedecorscomments'></field><field name='flightscomments'></field><field name='budgetid'></field><field name='groundtransportsgrandtotal'></field><field name='miscstax'></field><field name='hasaudiovisual'></field><field name='foodbevscomments'></field><field name='avstaxamount'></field><field name='foodbevssubtotal'></field><field name='dailydelegatesservicechargeamount'></field><field name='meetingspacestax'></field><field name='meetingspacescomments'></field><field name='securityscomments'></field><field name='hasgiveaways'></field><field name='giveawayssubtotal'></field><field name='accommodationstax'></field><field name='meetingspacessubtotal'></field><field name='groundtransportssubtotal'></field><field name='miscsgrandtotal'></field><field name='accommodationscomments'></field><field name='meetingspacesservicecharge'></field><field name='groundtransportstax'></field><field name='accommodationsservicecharge'></field><field name='giveawaystax'></field><field name='avscomments'></field><field name='foodbevsgrandtotal'></field><field name='giveawaysgrandtotal'></field><field name='dailydelegatessubtotal'></field><field name='hasdailydelegaterate'></field><field name='accommodationssubtotal'></field><field name='meetingspacesservicechargeamount'></field><field name='signagedecorssubtotal'></field><field name='foodbevsservicechargeamount'></field><field name='hassignage'></field><field name='dailydelegatestax'></field><field name='hassecurity'></field><field name='budgetdivision'></field><field name='teambuildingscomments'></field><field name='employeeid'></field><field name='securitystaxamount'></field><field name='accommodationstaxamount'></field><field name='meetingspacestaxamount'></field><field name='groundtransportstaxamount'></field><field name='accommodationsgrandtotal'></field><field name='accommodationsservicechargeamount'></field></recordset></data></wddxPacket>
