<wddxPacket version='1.0'><header/><data><recordset rowCount='0' fieldNames='groundtransportrate,budgetid,groundtransportid,groundtransportsubtotal,groundtransportdays,groundtransportqty,groundtransportdesc' type='coldfusion.sql.QueryTable'><field name='groundtransportrate'></field><field name='budgetid'></field><field name='groundtransportid'></field><field name='groundtransportsubtotal'></field><field name='groundtransportdays'></field><field name='groundtransportqty'></field><field name='groundtransportdesc'></field></recordset></data></wddxPacket>
