<wddxPacket version='1.0'><header/><data><recordset rowCount='1' fieldNames='domain,siteid,theme,largeImageWidth,largeImageHeight,smallImageWidth,smallImageHeight,mediumImageWidth,mediumImageHeight,columnCount,columnNames,primaryColumn,baseID,customtaggroups,placeholderImgID,placeholderImgExt' type='coldfusion.sql.QueryTable'><field name='domain'><string>m</string></field><field name='siteid'><string>default</string></field><field name='theme'><string>MuraBootstrap3</string></field><field name='largeImageWidth'><string>AUTO</string></field><field name='largeImageHeight'><string>600</string></field><field name='smallImageWidth'><string>80</string></field><field name='smallImageHeight'><string>80</string></field><field name='mediumImageWidth'><string>180</string></field><field name='mediumImageHeight'><string>180</string></field><field name='columnCount'><number>3.0</number></field><field name='columnNames'><string>Left Column^Main Content^Right Column</string></field><field name='primaryColumn'><number>2.0</number></field><field name='baseID'><string>766F0FB5-8F7B-4586-8815D54B7DCA485D</string></field><field name='customtaggroups'><string>News^Blog</string></field><field name='placeholderImgID'><string></string></field><field name='placeholderImgExt'><string></string></field></recordset></data></wddxPacket>
