<wddxPacket version='1.0'><header/><data><recordset rowCount='10' fieldNames='signagedecorsubtotal,budgetid,signagedecordesc,signagedecorqty,signagedecorrate,signagedecordays,signagedecorid' type='coldfusion.sql.QueryTable'><field name='signagedecorsubtotal'><number>0.0</number><number>0.0</number><number>0.0</number><number>0.0</number><number>0.0</number><number>0.0</number><number>0.0</number><number>0.0</number><number>0.0</number><number>0.0</number></field><field name='budgetid'><string>89D3D1DD-7D74-44A9-8C0073FA8A8EC8C0</string><string>099F0317-7AFC-4E6E-BEE1B7ED612C942A</string><string>1DAECAE3-EC6E-4147-9D592F8F474E005B</string><string>4E877929-CF74-4BB1-BAF772EC71BBD989</string><string>F9373077-BCC7-403E-BA20D580F5C990B2</string><string>7F6081BB-18E7-4F1B-A8AF40C1104DD985</string><string>4B7C134C-7969-4FCA-BD9CC817A7AFB3DE</string><string>AD0AAB8F-C253-4EF7-A2F894FD74C3A2CC</string><string>7AD89586-9FF8-4311-9820DE47B8CB35C2</string><string>B38A3052-CDBE-4AE1-9DF156EF18074E50</string></field><field name='signagedecordesc'><string></string><string></string><string></string><string></string><string></string><string></string><string></string><string></string><string></string><string></string></field><field name='signagedecorqty'><number>0.0</number><number>0.0</number><number>0.0</number><number>0.0</number><number>0.0</number><number>0.0</number><number>0.0</number><number>0.0</number><number>0.0</number><number>0.0</number></field><field name='signagedecorrate'><number>0.0</number><number>0.0</number><number>0.0</number><number>0.0</number><number>0.0</number><number>0.0</number><number>0.0</number><number>0.0</number><number>0.0</number><number>0.0</number></field><field name='signagedecordays'><number>0.0</number><number>0.0</number><number>0.0</number><number>0.0</number><number>0.0</number><number>0.0</number><number>0.0</number><number>0.0</number><number>0.0</number><number>0.0</number></field><field name='signagedecorid'><string>0217D6CA-913B-4A4F-AC15FA5768DA9C5A</string><string>038F0961-BE0B-4A87-9A45CF93E1CA501E</string><string>34BBB3EB-E6B7-48E1-9C6E35A8D7C09AEC</string><string>5AAB5112-1B13-400D-B6A15DF92EADDE18</string><string>673F944E-6239-4827-A9556E748C53CD2C</string><string>881A78AC-DD70-4777-9166B2FDD5C37AC9</string><string>9395EA07-92A3-4D64-A46E64D8A6DE5374</string><string>BFE1EB13-AFA8-4BAE-BFAB04E8117FE977</string><string>CA930FB2-3F1A-41CE-9BF634908932DE1F</string><string>E9A2A6EA-44D4-47E9-9057E31D1516947D</string></field></recordset></data></wddxPacket>
