<wddxPacket version='1.0'><header/><data><recordset rowCount='3' fieldNames='contactsubject,contactmessage,contactid,datecreated,namelast,contactregion,phone,namefirst,email' type='coldfusion.sql.QueryTable'><field name='contactsubject'><string>Testing</string><string>Testing</string><string>Testing</string></field><field name='contactmessage'><string>Cool</string><string>Someone spoke to me yesterday regarding the meeting request that I had opened (Market SL/Senior Meeting: HR Training). They advised me that they have had issues with people not showing up in 0056 and wanted to verify that I have all the department numbers and such. I did confirm with my Retail Assistant that I do have the correct information. They did advise that its taken so long because it went to the wrong approver because of a backend issue.</string><string>Someone spoke to me yesterday regarding the meeting request that I had opened (Market SL/Senior Meeting: HR Training). They advised me that they have had issues with people not showing up in 0056 and wanted to verify that I have all the department numbers and such. I did confirm with my Retail Assistant that I do have the correct information. They did advise that its taken so long because it went to the wrong approver because of a backend issue.</string></field><field name='contactid'><string>200E8B5F-FE89-4D3D-993307F049DFC66A</string><string>498CE79E-872C-4F5C-8A106666ECB61C18</string><string>5A8E99BE-CA34-4C2A-A535DE55694020DE</string></field><field name='datecreated'><dateTime>2016-8-29T19:52:7+0:0</dateTime><dateTime>2016-7-25T17:20:34+0:0</dateTime><dateTime>2016-7-25T17:23:2+0:0</dateTime></field><field name='namelast'><string>Withington</string><string>Withington</string><string>Withington</string></field><field name='contactregion'><string>AMR</string><string>AMR</string><string>AMR</string></field><field name='phone'><string></string><string></string><string></string></field><field name='namefirst'><string>Steve</string><string>Steve</string><string>Steve</string></field><field name='email'><string>steve@blueriver.com</string><string>steve@blueriver.com</string><string>steve@blueriver.com</string></field></recordset></data></wddxPacket>
