<wddxPacket version='1.0'><header/><data><recordset rowCount='12' fieldNames='groundtransportscomments,foodbevstaxamount,securitystax,avsgrandtotal,hasmisc,hasaccommodations,teambuildingstaxamount,avsservicechargeamount,isprimarybudget,teambuildingsservicechargeamount,dailydelegatescomments,budgetgrandsubtotalamount,signagedecorstax,signagedecorsservicecharge,budgetname,avssubtotal,lastmodifiedby,hasmeetingspace,giveawayscomments,securityssubtotal,securitysservicecharge,flightsgrandtotal,foodbevstax,hasgroundtransportation,securitysservicechargeamount,miscstaxamount,meetingid,teambuildingssubtotal,datemodified,teambuildingsgrandtotal,budgetcurrency,budgetstate,giveawaystaxamount,dailydelegatesgrandtotal,budgetcountry,miscsservicecharge,groundtransportsservicechargeamount,hasfoodandbeverage,budgetcity,avstax,groundtransportsservicecharge,securitysgrandtotal,hasteambuilding,budgetgrandtotalamount,budgetdepartmentno,miscssubtotal,budgetgrandtaxamount,foodbevsservicecharge,avsservicecharge,signagedecorsgrandtotal,budgetregion,hasflights,miscsservicechargeamount,meetingspacesgrandtotal,teambuildingsservicecharge,budgetgrandservicechargeamount,signagedecorsservicechargeamount,teambuildingstax,dailydelegatesservicecharge,dailydelegatestaxamount,datecreated,miscscomments,flightssubtotal,signagedecorstaxamount,signagedecorscomments,flightscomments,budgetid,groundtransportsgrandtotal,miscstax,hasaudiovisual,foodbevscomments,avstaxamount,foodbevssubtotal,dailydelegatesservicechargeamount,meetingspacestax,meetingspacescomments,securityscomments,hasgiveaways,giveawayssubtotal,accommodationstax,meetingspacessubtotal,groundtransportssubtotal,miscsgrandtotal,accommodationscomments,meetingspacesservicecharge,groundtransportstax,accommodationsservicecharge,giveawaystax,avscomments,foodbevsgrandtotal,giveawaysgrandtotal,dailydelegatessubtotal,hasdailydelegaterate,accommodationssubtotal,meetingspacesservicechargeamount,signagedecorssubtotal,foodbevsservicechargeamount,hassignage,dailydelegatestax,hassecurity,budgetdivision,teambuildingscomments,employeeid,securitystaxamount,accommodationstaxamount,meetingspacestaxamount,groundtransportstaxamount,accommodationsgrandtotal,accommodationsservicechargeamount,budgethaserrors,haserrors,budgetprojectno,budgetmethodofpayment' type='coldfusion.sql.QueryTable'><field name='groundtransportscomments'><string></string><string></string><string></string><string></string><string></string><string></string><string></string><string></string><string></string><string></string><string></string><string></string></field><field name='foodbevstaxamount'><number>0.0</number><number>0.0</number><number>0.0</number><number>0.0</number><number>0.0</number><number>0.0</number><number>0.0</number><number>0.0</number><number>0.0</number><number>0.0</number><number>0.0</number><number>0.0</number></field><field name='securitystax'><number>0.0</number><number>0.0</number><number>0.0</number><number>0.0</number><number>0.0</number><number>0.0</number><number>0.0</number><number>0.0</number><number>0.0</number><number>0.0</number><number>0.0</number><number>0.0</number></field><field name='avsgrandtotal'><number>0.0</number><number>0.0</number><number>0.0</number><number>0.0</number><number>0.0</number><number>0.0</number><number>0.0</number><number>0.0</number><number>0.0</number><number>0.0</number><number>0.0</number><number>0.0</number></field><field name='hasmisc'><number>0.0</number><number>0.0</number><number>0.0</number><number>0.0</number><number>0.0</number><number>0.0</number><number>0.0</number><number>0.0</number><number>0.0</number><number>0.0</number><number>0.0</number><number>0.0</number></field><field name='hasaccommodations'><number>0.0</number><number>0.0</number><number>0.0</number><number>0.0</number><number>0.0</number><number>0.0</number><number>0.0</number><number>0.0</number><number>0.0</number><number>0.0</number><number>0.0</number><number>0.0</number></field><field name='teambuildingstaxamount'><number>0.0</number><number>0.0</number><number>0.0</number><number>0.0</number><number>0.0</number><number>0.0</number><number>0.0</number><number>0.0</number><number>0.0</number><number>0.0</number><number>0.0</number><number>0.0</number></field><field name='avsservicechargeamount'><number>0.0</number><number>0.0</number><number>0.0</number><number>0.0</number><number>0.0</number><number>0.0</number><number>0.0</number><number>0.0</number><number>0.0</number><number>0.0</number><number>0.0</number><number>0.0</number></field><field name='isprimarybudget'><number>1.0</number><number>0.0</number><number>1.0</number><number>0.0</number><number>0.0</number><number>1.0</number><number>0.0</number><number>0.0</number><number>1.0</number><number>0.0</number><number>1.0</number><number>0.0</number></field><field name='teambuildingsservicechargeamount'><number>0.0</number><number>0.0</number><number>0.0</number><number>0.0</number><number>0.0</number><number>0.0</number><number>0.0</number><number>0.0</number><number>0.0</number><number>0.0</number><number>0.0</number><number>0.0</number></field><field name='dailydelegatescomments'><string></string><string></string><string></string><string></string><string></string><string></string><string></string><string></string><string></string><string></string><string></string><string></string></field><field name='budgetgrandsubtotalamount'><number>0.0</number><number>0.0</number><number>0.0</number><number>225.0</number><number>0.0</number><number>150.0</number><number>0.0</number><number>0.0</number><number>0.0</number><number>0.0</number><number>14567.0</number><number>0.0</number></field><field name='signagedecorstax'><number>0.0</number><number>0.0</number><number>0.0</number><number>0.0</number><number>0.0</number><number>0.0</number><number>0.0</number><number>0.0</number><number>0.0</number><number>0.0</number><number>0.0</number><number>0.0</number></field><field name='signagedecorsservicecharge'><number>0.0</number><number>0.0</number><number>0.0</number><number>0.0</number><number>0.0</number><number>0.0</number><number>0.0</number><number>0.0</number><number>0.0</number><number>0.0</number><number>0.0</number><number>0.0</number></field><field name='budgetname'><string>Budget 5</string><string>Budget 6</string><string>Meeting 1 AWESOME Budget</string><string>My Budget</string><string>Budget 2</string><string>My Meeting Budget</string><string>Whatever Budget</string><string>Budget 7</string><string>Budget 3</string><string>Whatever Budget</string><string>Budget 1</string><string>Budget 4</string></field><field name='avssubtotal'><number>0.0</number><number>0.0</number><number>0.0</number><number>0.0</number><number>0.0</number><number>0.0</number><number>0.0</number><number>0.0</number><number>0.0</number><number>0.0</number><number>0.0</number><number>0.0</number></field><field name='lastmodifiedby'><string>DC085543-7B29-4CFC-9C9649ADFBAE9138</string><string>DC085543-7B29-4CFC-9C9649ADFBAE9138</string><string>DC085543-7B29-4CFC-9C9649ADFBAE9138</string><string>DC085543-7B29-4CFC-9C9649ADFBAE9138</string><string>DC085543-7B29-4CFC-9C9649ADFBAE9138</string><string>800A1DDF-B8CE-4186-B93856CE24938E1C</string><string>DC085543-7B29-4CFC-9C9649ADFBAE9138</string><string>DC085543-7B29-4CFC-9C9649ADFBAE9138</string><string>DC085543-7B29-4CFC-9C9649ADFBAE9138</string><string>DC085543-7B29-4CFC-9C9649ADFBAE9138</string><string>DC085543-7B29-4CFC-9C9649ADFBAE9138</string><string>DC085543-7B29-4CFC-9C9649ADFBAE9138</string></field><field name='hasmeetingspace'><number>1.0</number><number>0.0</number><number>0.0</number><number>1.0</number><number>0.0</number><number>1.0</number><number>0.0</number><number>0.0</number><number>0.0</number><number>0.0</number><number>1.0</number><number>0.0</number></field><field name='giveawayscomments'><string></string><string></string><string></string><string></string><string></string><string></string><string></string><string></string><string></string><string></string><string></string><string></string></field><field name='securityssubtotal'><number>0.0</number><number>0.0</number><number>0.0</number><number>0.0</number><number>0.0</number><number>0.0</number><number>0.0</number><number>0.0</number><number>0.0</number><number>0.0</number><number>0.0</number><number>0.0</number></field><field name='securitysservicecharge'><number>0.0</number><number>0.0</number><number>0.0</number><number>0.0</number><number>0.0</number><number>0.0</number><number>0.0</number><number>0.0</number><number>0.0</number><number>0.0</number><number>0.0</number><number>0.0</number></field><field name='flightsgrandtotal'><number>0.0</number><number>0.0</number><number>0.0</number><number>0.0</number><number>0.0</number><number>0.0</number><number>0.0</number><number>0.0</number><number>0.0</number><number>0.0</number><number>567.0</number><number>0.0</number></field><field name='foodbevstax'><number>0.0</number><number>0.0</number><number>0.0</number><number>0.0</number><number>0.0</number><number>0.0</number><number>0.0</number><number>0.0</number><number>0.0</number><number>0.0</number><number>0.0</number><number>0.0</number></field><field name='hasgroundtransportation'><number>1.0</number><number>0.0</number><number>0.0</number><number>0.0</number><number>0.0</number><number>0.0</number><number>0.0</number><number>0.0</number><number>0.0</number><number>0.0</number><number>0.0</number><number>0.0</number></field><field name='securitysservicechargeamount'><number>0.0</number><number>0.0</number><number>0.0</number><number>0.0</number><number>0.0</number><number>0.0</number><number>0.0</number><number>0.0</number><number>0.0</number><number>0.0</number><number>0.0</number><number>0.0</number></field><field name='miscstaxamount'><number>0.0</number><number>0.0</number><number>0.0</number><number>0.0</number><number>0.0</number><number>0.0</number><number>0.0</number><number>0.0</number><number>0.0</number><number>0.0</number><number>0.0</number><number>0.0</number></field><field name='meetingid'><string>7C25651D-BE42-4F59-90936EA39D04DE5D</string><string></string><string>02B7BCDE-E9CB-4557-8C666F8A3C8DCFC6</string><string>E8610CD9-C763-49A1-A9DE61B9CAFAABDC</string><string></string><string>8A8A4F4A-7778-42BB-8DE0144FB6A7EAD0</string><string>7C25651D-BE42-4F59-90936EA39D04DE5D</string><string></string><string>D699C9E8-71DA-4F9A-89548C92734AF444</string><string></string><string>E8610CD9-C763-49A1-A9DE61B9CAFAABDC</string><string>E8610CD9-C763-49A1-A9DE61B9CAFAABDC</string></field><field name='teambuildingssubtotal'><number>0.0</number><number>0.0</number><number>0.0</number><number>0.0</number><number>0.0</number><number>0.0</number><number>0.0</number><number>0.0</number><number>0.0</number><number>0.0</number><number>0.0</number><number>0.0</number></field><field name='datemodified'><dateTime>2016-8-30T15:41:7+0:0</dateTime><dateTime>2016-8-30T15:26:39+0:0</dateTime><dateTime>2016-8-30T18:58:14+0:0</dateTime><dateTime>2016-8-30T19:40:10+0:0</dateTime><dateTime>2016-8-30T18:34:1+0:0</dateTime><dateTime>2016-6-23T21:16:26+0:0</dateTime><dateTime>2016-8-30T14:1:53+0:0</dateTime><dateTime>2016-8-30T17:9:45+0:0</dateTime><dateTime>2016-8-30T15:31:9+0:0</dateTime><dateTime>2016-8-30T18:2:36+0:0</dateTime><dateTime>2016-8-30T19:40:10+0:0</dateTime><dateTime>2016-8-30T19:40:10+0:0</dateTime></field><field name='teambuildingsgrandtotal'><number>0.0</number><number>0.0</number><number>0.0</number><number>0.0</number><number>0.0</number><number>0.0</number><number>0.0</number><number>0.0</number><number>0.0</number><number>0.0</number><number>0.0</number><number>0.0</number></field><field name='budgetcurrency'><string>USD</string><string>USD</string><string>USD</string><string>USD</string><string>USD</string><string>USD</string><string>USD</string><string>USD</string><string>USD</string><string>USD</string><string>USD</string><string>USD</string></field><field name='budgetstate'><string>CA</string><string></string><string></string><string>IL</string><string>IL</string><string>IL</string><string></string><string></string><string></string><string></string><string>IL</string><string></string></field><field name='giveawaystaxamount'><number>0.0</number><number>0.0</number><number>0.0</number><number>0.0</number><number>0.0</number><number>0.0</number><number>0.0</number><number>0.0</number><number>0.0</number><number>0.0</number><number>0.0</number><number>0.0</number></field><field name='dailydelegatesgrandtotal'><number>0.0</number><number>0.0</number><number>0.0</number><number>0.0</number><number>0.0</number><number>0.0</number><number>0.0</number><number>0.0</number><number>0.0</number><number>0.0</number><number>0.0</number><number>0.0</number></field><field name='budgetcountry'><string>US</string><string></string><string></string><string>US</string><string>US</string><string>US</string><string></string><string></string><string></string><string></string><string>US</string><string></string></field><field name='miscsservicecharge'><number>0.0</number><number>0.0</number><number>0.0</number><number>0.0</number><number>0.0</number><number>0.0</number><number>0.0</number><number>0.0</number><number>0.0</number><number>0.0</number><number>0.0</number><number>0.0</number></field><field name='groundtransportsservicechargeamount'><number>0.0</number><number>0.0</number><number>0.0</number><number>0.0</number><number>0.0</number><number>0.0</number><number>0.0</number><number>0.0</number><number>0.0</number><number>0.0</number><number>0.0</number><number>0.0</number></field><field name='hasfoodandbeverage'><number>1.0</number><number>0.0</number><number>0.0</number><number>0.0</number><number>0.0</number><number>0.0</number><number>0.0</number><number>0.0</number><number>0.0</number><number>0.0</number><number>0.0</number><number>0.0</number></field><field name='budgetcity'><string>Sacramento</string><string></string><string></string><string>Chicago</string><string>Chicago</string><string>Chicago</string><string></string><string></string><string></string><string></string><string>Chicago</string><string></string></field><field name='avstax'><number>0.0</number><number>0.0</number><number>0.0</number><number>0.0</number><number>0.0</number><number>0.0</number><number>0.0</number><number>0.0</number><number>0.0</number><number>0.0</number><number>0.0</number><number>0.0</number></field><field name='groundtransportsservicecharge'><number>0.0</number><number>0.0</number><number>0.0</number><number>0.0</number><number>0.0</number><number>0.0</number><number>0.0</number><number>0.0</number><number>0.0</number><number>0.0</number><number>0.0</number><number>0.0</number></field><field name='securitysgrandtotal'><number>0.0</number><number>0.0</number><number>0.0</number><number>0.0</number><number>0.0</number><number>0.0</number><number>0.0</number><number>0.0</number><number>0.0</number><number>0.0</number><number>0.0</number><number>0.0</number></field><field name='hasteambuilding'><number>0.0</number><number>0.0</number><number>0.0</number><number>0.0</number><number>0.0</number><number>0.0</number><number>0.0</number><number>0.0</number><number>0.0</number><number>0.0</number><number>0.0</number><number>0.0</number></field><field name='budgetgrandtotalamount'><number>0.0</number><number>0.0</number><number>0.0</number><number>225.0</number><number>0.0</number><number>150.0</number><number>0.0</number><number>0.0</number><number>0.0</number><number>0.0</number><number>14567.0</number><number>0.0</number></field><field name='budgetdepartmentno'><string></string><string></string><string></string><string></string><string>4810</string><string>0117</string><string></string><string></string><string></string><string></string><string>0121</string><string></string></field><field name='miscssubtotal'><number>0.0</number><number>0.0</number><number>0.0</number><number>0.0</number><number>0.0</number><number>0.0</number><number>0.0</number><number>0.0</number><number>0.0</number><number>0.0</number><number>0.0</number><number>0.0</number></field><field name='budgetgrandtaxamount'><number>0.0</number><number>0.0</number><number>0.0</number><number>0.0</number><number>0.0</number><number>0.0</number><number>0.0</number><number>0.0</number><number>0.0</number><number>0.0</number><number>0.0</number><number>0.0</number></field><field name='foodbevsservicecharge'><number>0.0</number><number>0.0</number><number>0.0</number><number>0.0</number><number>0.0</number><number>0.0</number><number>0.0</number><number>0.0</number><number>0.0</number><number>0.0</number><number>0.0</number><number>0.0</number></field><field name='avsservicecharge'><number>0.0</number><number>0.0</number><number>0.0</number><number>0.0</number><number>0.0</number><number>0.0</number><number>0.0</number><number>0.0</number><number>0.0</number><number>0.0</number><number>0.0</number><number>0.0</number></field><field name='signagedecorsgrandtotal'><number>0.0</number><number>0.0</number><number>0.0</number><number>0.0</number><number>0.0</number><number>0.0</number><number>0.0</number><number>0.0</number><number>0.0</number><number>0.0</number><number>0.0</number><number>0.0</number></field><field name='budgetregion'><string>AMR</string><string></string><string></string><string>AMR</string><string>AMR</string><string>AMR</string><string></string><string></string><string></string><string></string><string>AMR</string><string></string></field><field name='hasflights'><number>1.0</number><number>0.0</number><number>0.0</number><number>0.0</number><number>0.0</number><number>0.0</number><number>0.0</number><number>0.0</number><number>0.0</number><number>0.0</number><number>1.0</number><number>0.0</number></field><field name='miscsservicechargeamount'><number>0.0</number><number>0.0</number><number>0.0</number><number>0.0</number><number>0.0</number><number>0.0</number><number>0.0</number><number>0.0</number><number>0.0</number><number>0.0</number><number>0.0</number><number>0.0</number></field><field name='meetingspacesgrandtotal'><number>0.0</number><number>0.0</number><number>0.0</number><number>225.0</number><number>0.0</number><number>150.0</number><number>0.0</number><number>0.0</number><number>0.0</number><number>0.0</number><number>14000.0</number><number>0.0</number></field><field name='teambuildingsservicecharge'><number>0.0</number><number>0.0</number><number>0.0</number><number>0.0</number><number>0.0</number><number>0.0</number><number>0.0</number><number>0.0</number><number>0.0</number><number>0.0</number><number>0.0</number><number>0.0</number></field><field name='budgetgrandservicechargeamount'><number>0.0</number><number>0.0</number><number>0.0</number><number>0.0</number><number>0.0</number><number>0.0</number><number>0.0</number><number>0.0</number><number>0.0</number><number>0.0</number><number>0.0</number><number>0.0</number></field><field name='signagedecorsservicechargeamount'><number>0.0</number><number>0.0</number><number>0.0</number><number>0.0</number><number>0.0</number><number>0.0</number><number>0.0</number><number>0.0</number><number>0.0</number><number>0.0</number><number>0.0</number><number>0.0</number></field><field name='teambuildingstax'><number>0.0</number><number>0.0</number><number>0.0</number><number>0.0</number><number>0.0</number><number>0.0</number><number>0.0</number><number>0.0</number><number>0.0</number><number>0.0</number><number>0.0</number><number>0.0</number></field><field name='dailydelegatesservicecharge'><number>0.0</number><number>0.0</number><number>0.0</number><number>0.0</number><number>0.0</number><number>0.0</number><number>0.0</number><number>0.0</number><number>0.0</number><number>0.0</number><number>0.0</number><number>0.0</number></field><field name='dailydelegatestaxamount'><number>0.0</number><number>0.0</number><number>0.0</number><number>0.0</number><number>0.0</number><number>0.0</number><number>0.0</number><number>0.0</number><number>0.0</number><number>0.0</number><number>0.0</number><number>0.0</number></field><field name='datecreated'><dateTime>2016-7-25T19:28:7+0:0</dateTime><dateTime>2016-7-25T19:28:14+0:0</dateTime><dateTime>2016-8-30T18:58:1+0:0</dateTime><dateTime>2016-4-26T20:26:18+0:0</dateTime><dateTime>2016-7-25T19:1:58+0:0</dateTime><dateTime>2016-6-23T20:21:11+0:0</dateTime><dateTime>2016-8-30T14:1:53+0:0</dateTime><dateTime>2016-7-25T19:28:21+0:0</dateTime><dateTime>2016-5-4T16:30:35+0:0</dateTime><dateTime>2016-8-30T13:55:20+0:0</dateTime><dateTime>2016-5-4T16:30:16+0:0</dateTime><dateTime>2016-5-4T16:30:43+0:0</dateTime></field><field name='miscscomments'><string></string><string></string><string></string><string></string><string></string><string></string><string></string><string></string><string></string><string></string><string></string><string></string></field><field name='flightssubtotal'><number>0.0</number><number>0.0</number><number>0.0</number><number>0.0</number><number>0.0</number><number>0.0</number><number>0.0</number><number>0.0</number><number>0.0</number><number>0.0</number><number>567.0</number><number>0.0</number></field><field name='signagedecorstaxamount'><number>0.0</number><number>0.0</number><number>0.0</number><number>0.0</number><number>0.0</number><number>0.0</number><number>0.0</number><number>0.0</number><number>0.0</number><number>0.0</number><number>0.0</number><number>0.0</number></field><field name='signagedecorscomments'><string></string><string></string><string></string><string></string><string></string><string></string><string></string><string></string><string></string><string></string><string></string><string></string></field><field name='flightscomments'><string></string><string></string><string></string><string></string><string></string><string></string><string></string><string></string><string></string><string></string><string></string><string></string></field><field name='budgetid'><string>099F0317-7AFC-4E6E-BEE1B7ED612C942A</string><string>1DAECAE3-EC6E-4147-9D592F8F474E005B</string><string>1E766B1D-A79C-492A-8C74F025CC08F361</string><string>4B7C134C-7969-4FCA-BD9CC817A7AFB3DE</string><string>4E877929-CF74-4BB1-BAF772EC71BBD989</string><string>7F6081BB-18E7-4F1B-A8AF40C1104DD985</string><string>A3DF641D-477A-4178-9502CE4B47D167D7</string><string>AD0AAB8F-C253-4EF7-A2F894FD74C3A2CC</string><string>B38A3052-CDBE-4AE1-9DF156EF18074E50</string><string>E37676FE-B9E9-45DF-A28302157C9828CF</string><string>F9373077-BCC7-403E-BA20D580F5C990B2</string><string>FE2D1606-2A10-401D-8C2A13F2E4150638</string></field><field name='groundtransportsgrandtotal'><number>0.0</number><number>0.0</number><number>0.0</number><number>0.0</number><number>0.0</number><number>0.0</number><number>0.0</number><number>0.0</number><number>0.0</number><number>0.0</number><number>0.0</number><number>0.0</number></field><field name='miscstax'><number>0.0</number><number>0.0</number><number>0.0</number><number>0.0</number><number>0.0</number><number>0.0</number><number>0.0</number><number>0.0</number><number>0.0</number><number>0.0</number><number>0.0</number><number>0.0</number></field><field name='hasaudiovisual'><number>1.0</number><number>0.0</number><number>0.0</number><number>0.0</number><number>0.0</number><number>0.0</number><number>0.0</number><number>0.0</number><number>0.0</number><number>0.0</number><number>0.0</number><number>0.0</number></field><field name='foodbevscomments'><string></string><string></string><string></string><string></string><string></string><string></string><string></string><string></string><string></string><string></string><string></string><string></string></field><field name='avstaxamount'><number>0.0</number><number>0.0</number><number>0.0</number><number>0.0</number><number>0.0</number><number>0.0</number><number>0.0</number><number>0.0</number><number>0.0</number><number>0.0</number><number>0.0</number><number>0.0</number></field><field name='foodbevssubtotal'><number>0.0</number><number>0.0</number><number>0.0</number><number>0.0</number><number>0.0</number><number>0.0</number><number>0.0</number><number>0.0</number><number>0.0</number><number>0.0</number><number>0.0</number><number>0.0</number></field><field name='dailydelegatesservicechargeamount'><number>0.0</number><number>0.0</number><number>0.0</number><number>0.0</number><number>0.0</number><number>0.0</number><number>0.0</number><number>0.0</number><number>0.0</number><number>0.0</number><number>0.0</number><number>0.0</number></field><field name='meetingspacestax'><number>0.0</number><number>0.0</number><number>0.0</number><number>0.0</number><string></string><number>0.0</number><number>0.0</number><number>0.0</number><number>0.0</number><number>0.0</number><number>0.0</number><number>0.0</number></field><field name='meetingspacescomments'><string></string><string></string><string></string><string></string><string></string><string></string><string></string><string></string><string></string><string></string><string></string><string></string></field><field name='securityscomments'><string></string><string></string><string></string><string></string><string></string><string></string><string></string><string></string><string></string><string></string><string></string><string></string></field><field name='hasgiveaways'><number>0.0</number><number>0.0</number><number>0.0</number><number>0.0</number><number>0.0</number><number>0.0</number><number>0.0</number><number>0.0</number><number>0.0</number><number>0.0</number><number>0.0</number><number>0.0</number></field><field name='giveawayssubtotal'><number>0.0</number><number>0.0</number><number>0.0</number><number>0.0</number><number>0.0</number><number>0.0</number><number>0.0</number><number>0.0</number><number>0.0</number><number>0.0</number><number>0.0</number><number>0.0</number></field><field name='accommodationstax'><number>0.0</number><number>0.0</number><number>0.0</number><number>0.0</number><number>0.0</number><number>0.0</number><number>0.0</number><number>0.0</number><number>0.0</number><number>0.0</number><number>0.0</number><number>0.0</number></field><field name='meetingspacessubtotal'><number>0.0</number><number>0.0</number><number>0.0</number><number>225.0</number><number>0.0</number><number>150.0</number><number>0.0</number><number>0.0</number><number>0.0</number><number>0.0</number><number>14000.0</number><number>0.0</number></field><field name='groundtransportssubtotal'><number>0.0</number><number>0.0</number><number>0.0</number><number>0.0</number><number>0.0</number><number>0.0</number><number>0.0</number><number>0.0</number><number>0.0</number><number>0.0</number><number>0.0</number><number>0.0</number></field><field name='miscsgrandtotal'><number>0.0</number><number>0.0</number><number>0.0</number><number>0.0</number><number>0.0</number><number>0.0</number><number>0.0</number><number>0.0</number><number>0.0</number><number>0.0</number><number>0.0</number><number>0.0</number></field><field name='accommodationscomments'><string></string><string></string><string></string><string></string><string></string><string></string><string></string><string></string><string></string><string></string><string></string><string></string></field><field name='meetingspacesservicecharge'><number>0.0</number><number>0.0</number><number>0.0</number><number>0.0</number><string></string><number>0.0</number><number>0.0</number><number>0.0</number><number>0.0</number><number>0.0</number><number>0.0</number><number>0.0</number></field><field name='groundtransportstax'><number>0.0</number><number>0.0</number><number>0.0</number><number>0.0</number><number>0.0</number><number>0.0</number><number>0.0</number><number>0.0</number><number>0.0</number><number>0.0</number><number>0.0</number><number>0.0</number></field><field name='accommodationsservicecharge'><number>0.0</number><number>0.0</number><number>0.0</number><number>0.0</number><number>0.0</number><number>0.0</number><number>0.0</number><number>0.0</number><number>0.0</number><number>0.0</number><number>0.0</number><number>0.0</number></field><field name='giveawaystax'><number>0.0</number><number>0.0</number><number>0.0</number><number>0.0</number><number>0.0</number><number>0.0</number><number>0.0</number><number>0.0</number><number>0.0</number><number>0.0</number><number>0.0</number><number>0.0</number></field><field name='avscomments'><string></string><string></string><string></string><string></string><string></string><string></string><string></string><string></string><string></string><string></string><string></string><string></string></field><field name='foodbevsgrandtotal'><number>0.0</number><number>0.0</number><number>0.0</number><number>0.0</number><number>0.0</number><number>0.0</number><number>0.0</number><number>0.0</number><number>0.0</number><number>0.0</number><number>0.0</number><number>0.0</number></field><field name='giveawaysgrandtotal'><number>0.0</number><number>0.0</number><number>0.0</number><number>0.0</number><number>0.0</number><number>0.0</number><number>0.0</number><number>0.0</number><number>0.0</number><number>0.0</number><number>0.0</number><number>0.0</number></field><field name='dailydelegatessubtotal'><number>0.0</number><number>0.0</number><number>0.0</number><number>0.0</number><number>0.0</number><number>0.0</number><number>0.0</number><number>0.0</number><number>0.0</number><number>0.0</number><number>0.0</number><number>0.0</number></field><field name='hasdailydelegaterate'><number>0.0</number><number>0.0</number><number>0.0</number><number>0.0</number><number>0.0</number><number>0.0</number><number>0.0</number><number>0.0</number><number>0.0</number><number>0.0</number><number>0.0</number><number>0.0</number></field><field name='accommodationssubtotal'><number>0.0</number><number>0.0</number><number>0.0</number><number>0.0</number><number>0.0</number><number>0.0</number><number>0.0</number><number>0.0</number><number>0.0</number><number>0.0</number><number>0.0</number><number>0.0</number></field><field name='meetingspacesservicechargeamount'><number>0.0</number><number>0.0</number><number>0.0</number><number>0.0</number><number>0.0</number><number>0.0</number><number>0.0</number><number>0.0</number><number>0.0</number><number>0.0</number><number>0.0</number><number>0.0</number></field><field name='signagedecorssubtotal'><number>0.0</number><number>0.0</number><number>0.0</number><number>0.0</number><number>0.0</number><number>0.0</number><number>0.0</number><number>0.0</number><number>0.0</number><number>0.0</number><number>0.0</number><number>0.0</number></field><field name='foodbevsservicechargeamount'><number>0.0</number><number>0.0</number><number>0.0</number><number>0.0</number><number>0.0</number><number>0.0</number><number>0.0</number><number>0.0</number><number>0.0</number><number>0.0</number><number>0.0</number><number>0.0</number></field><field name='hassignage'><number>0.0</number><number>0.0</number><number>0.0</number><number>0.0</number><number>0.0</number><number>0.0</number><number>0.0</number><number>0.0</number><number>0.0</number><number>0.0</number><number>0.0</number><number>0.0</number></field><field name='dailydelegatestax'><number>0.0</number><number>0.0</number><number>0.0</number><number>0.0</number><number>0.0</number><number>0.0</number><number>0.0</number><number>0.0</number><number>0.0</number><number>0.0</number><number>0.0</number><number>0.0</number></field><field name='hassecurity'><number>0.0</number><number>0.0</number><number>0.0</number><number>0.0</number><number>0.0</number><number>0.0</number><number>0.0</number><number>0.0</number><number>0.0</number><number>0.0</number><number>0.0</number><number>0.0</number></field><field name='budgetdivision'><string></string><string></string><string></string><string>0010</string><string>0048</string><string>0012</string><string></string><string></string><string></string><string></string><string>0012</string><string></string></field><field name='teambuildingscomments'><string></string><string></string><string></string><string></string><string></string><string></string><string></string><string></string><string></string><string></string><string></string><string></string></field><field name='employeeid'><string>DC085543-7B29-4CFC-9C9649ADFBAE9138</string><string>DC085543-7B29-4CFC-9C9649ADFBAE9138</string><string>DC085543-7B29-4CFC-9C9649ADFBAE9138</string><string>DC085543-7B29-4CFC-9C9649ADFBAE9138</string><string>DC085543-7B29-4CFC-9C9649ADFBAE9138</string><string>800A1DDF-B8CE-4186-B93856CE24938E1C</string><string>DC085543-7B29-4CFC-9C9649ADFBAE9138</string><string>DC085543-7B29-4CFC-9C9649ADFBAE9138</string><string>DC085543-7B29-4CFC-9C9649ADFBAE9138</string><string>DC085543-7B29-4CFC-9C9649ADFBAE9138</string><string>DC085543-7B29-4CFC-9C9649ADFBAE9138</string><string>DC085543-7B29-4CFC-9C9649ADFBAE9138</string></field><field name='securitystaxamount'><number>0.0</number><number>0.0</number><number>0.0</number><number>0.0</number><number>0.0</number><number>0.0</number><number>0.0</number><number>0.0</number><number>0.0</number><number>0.0</number><number>0.0</number><number>0.0</number></field><field name='accommodationstaxamount'><number>0.0</number><number>0.0</number><number>0.0</number><number>0.0</number><number>0.0</number><number>0.0</number><number>0.0</number><number>0.0</number><number>0.0</number><number>0.0</number><number>0.0</number><number>0.0</number></field><field name='meetingspacestaxamount'><number>0.0</number><number>0.0</number><number>0.0</number><number>0.0</number><number>0.0</number><number>0.0</number><number>0.0</number><number>0.0</number><number>0.0</number><number>0.0</number><number>0.0</number><number>0.0</number></field><field name='groundtransportstaxamount'><number>0.0</number><number>0.0</number><number>0.0</number><number>0.0</number><number>0.0</number><number>0.0</number><number>0.0</number><number>0.0</number><number>0.0</number><number>0.0</number><number>0.0</number><number>0.0</number></field><field name='accommodationsgrandtotal'><number>0.0</number><number>0.0</number><number>0.0</number><number>0.0</number><number>0.0</number><number>0.0</number><number>0.0</number><number>0.0</number><number>0.0</number><number>0.0</number><number>0.0</number><number>0.0</number></field><field name='accommodationsservicechargeamount'><number>0.0</number><number>0.0</number><number>0.0</number><number>0.0</number><number>0.0</number><number>0.0</number><number>0.0</number><number>0.0</number><number>0.0</number><number>0.0</number><number>0.0</number><number>0.0</number></field><field name='budgethaserrors'><string>0</string><string>0</string><string>0</string><string>0</string><string>0</string><string>0</string><string>0</string><string>0</string><string>0</string><string>0</string><string>0</string><string>0</string></field><field name='haserrors'><string>1</string><string>1</string><string>1</string><string>1</string><string>1</string><string>0</string><string>1</string><string>1</string><string>1</string><string>1</string><string>0</string><string>1</string></field><field name='budgetprojectno'><string></string><string></string><string></string><string></string><string></string><string></string><string></string><string></string><string></string><string></string><string></string><string></string></field><field name='budgetmethodofpayment'><number>0.0</number><number>0.0</number><number>0.0</number><number>0.0</number><number>0.0</number><number>0.0</number><number>0.0</number><number>0.0</number><number>0.0</number><number>0.0</number><number>0.0</number><number>0.0</number></field></recordset></data></wddxPacket>
