<wddxPacket version='1.0'><header/><data><recordset rowCount='9' fieldNames='requiresgroundtransportation,preferredvenue1,breakoutsessionnotes,generalsessionwirelessinternet,haslunch,meetingpurpose,foodbevpersoncount,hasbreakfast,meetingenddate,breakoutsessionscreen,breakoutsessionstartdate,requiresgroupairtravel,meetingcountry,lastmodifiedby,sponsoringregion,reasonother,breakoutsessionwirelessinternet,breakoutsessionadditionalsecurity,retailassistant,breakoutsessionrearscreenprojection,breakoutsessionwiredinternet,haspmbreak,breakoutsessionpowerstrips,generalsessionroomrekey,financeanalystid,breakoutsessionflipchart,generalsessionadditionalsecurity,hotelnotes,departmentno,employeenamelast,breakoutsessionenddate,employeephone,generalsessionpowerstrips,breakoutsessiongroupsize,daterequested,hasonlineregistration,datemodified,meetinggeneralcomments,surveyurl,requiresmeetingspace,generalsessionroomsetup,methodofpayment,meetingbudgetamount,managername,employeenamefirst,haspreferredvenues,isnonemployeeairfarepaidbyapple,preferredvenue2,generalsessionflipchart,generalsessionadditionalpower,foodbevnotes,meetingstate,projectno,breakoutsessionlcdprojector,employeeemail,generalsessionstartdate,surveysentto,hotelsuitecount,contactnamefirst,breakoutsessionroomsetup,datecreated,meetingbudgetnotes,attendeetype,meetingstatus,isinviteofficials,reasonnotoncampusorstore,requireshotel,hasambreak,generalsessionrearscreenprojection,retailapprover,singleoccupancycount,hasdinner,dateonlineregistrationstart,contactemail,hasoffsiteevent,breakoutsessionadditionalpower,divisionno,datedecisioned,estimatedemployeecount,preferredvenue3,travelercount,generalsessionlcdprojector,meetingstartdate,meetingid,departmentname,datesurveysent,generalsessionscreen,manageremail,generalsessionenddate,generalsessionavneeds,generalsessiongroupsize,generalsessionnotes,meetingname,surveyemailtext,maincurrency,breakoutsessionroomrekey,estimatednonemployeecount,isprovidinggiveaways,contactnamelast,hasreception,hasgeneralsession,generalsessionmicrophone,doubleoccupancycount,hasbreakoutsession,employeeid,meetingcity,generalsessionwiredinternet,breakoutsessionmicrophone,starcitemeetingid,isretailemployee,offsiteeventdesc,meetingbudgettype,isprovidingvalue,breakoutsessionavneeds,ismaincontact,requiresreapproval' type='coldfusion.sql.QueryTable'><field name='requiresgroundtransportation'><number>0.0</number><number>0.0</number><number>0.0</number><number>0.0</number><number>0.0</number><number>0.0</number><number>0.0</number><number>0.0</number><number>0.0</number></field><field name='preferredvenue1'><string></string><string></string><string></string><string></string><string></string><string></string><string></string><string></string><string></string></field><field name='breakoutsessionnotes'><string></string><string></string><string></string><string></string><string></string><string></string><string></string><string></string><string></string></field><field name='generalsessionwirelessinternet'><number>0.0</number><number>0.0</number><number>0.0</number><number>0.0</number><number>0.0</number><number>0.0</number><number>0.0</number><number>0.0</number><number>0.0</number></field><field name='haslunch'><number>0.0</number><number>0.0</number><number>0.0</number><number>0.0</number><number>0.0</number><number>0.0</number><number>0.0</number><number>0.0</number><number>0.0</number></field><field name='meetingpurpose'><string>asdf</string><string></string><string></string><string>asdfa</string><string></string><string></string><string>asdf</string><string>adsfasf</string><string>asdf</string></field><field name='foodbevpersoncount'><number>0.0</number><number>0.0</number><number>0.0</number><number>0.0</number><number>0.0</number><number>0.0</number><number>0.0</number><number>0.0</number><number>0.0</number></field><field name='hasbreakfast'><number>0.0</number><number>0.0</number><number>0.0</number><number>0.0</number><number>0.0</number><number>0.0</number><number>0.0</number><number>0.0</number><number>0.0</number></field><field name='meetingenddate'><dateTime>2016-9-1T5:0:0+0:0</dateTime><string></string><string></string><dateTime>2016-8-13T5:0:0+0:0</dateTime><string></string><string></string><dateTime>2016-10-8T5:0:0+0:0</dateTime><dateTime>2016-6-1T5:0:0+0:0</dateTime><dateTime>2016-5-28T5:0:0+0:0</dateTime></field><field name='breakoutsessionscreen'><number>0.0</number><number>0.0</number><number>0.0</number><number>0.0</number><number>0.0</number><number>0.0</number><number>0.0</number><number>0.0</number><number>0.0</number></field><field name='breakoutsessionstartdate'><string></string><string></string><string></string><string></string><string></string><string></string><string></string><string></string><string></string></field><field name='requiresgroupairtravel'><number>0.0</number><number>0.0</number><number>0.0</number><number>0.0</number><number>0.0</number><number>0.0</number><number>0.0</number><number>0.0</number><number>0.0</number></field><field name='meetingcountry'><string>US</string><string></string><string></string><string>US</string><string>CA</string><string></string><string>US</string><string>US</string><string>US</string></field><field name='lastmodifiedby'><string>DC085543-7B29-4CFC-9C9649ADFBAE9138</string><string>C304E1CA-AD83-49FC-B2C1C0DD47BE6BC8</string><string>DC085543-7B29-4CFC-9C9649ADFBAE9138</string><string>4361B804-1B88-4BFF-84BDB341F8358F5A</string><string>DC085543-7B29-4CFC-9C9649ADFBAE9138</string><string>800A1DDF-B8CE-4186-B93856CE24938E1C</string><string>DC085543-7B29-4CFC-9C9649ADFBAE9138</string><string>DC085543-7B29-4CFC-9C9649ADFBAE9138</string><string>DC085543-7B29-4CFC-9C9649ADFBAE9138</string></field><field name='sponsoringregion'><string>AMR</string><string></string><string></string><string>AMR</string><string></string><string></string><string>AMR</string><string>AMR</string><string>APAC</string></field><field name='reasonother'><string></string><string></string><string></string><string></string><string></string><string></string><string></string><string></string><string></string></field><field name='breakoutsessionwirelessinternet'><number>0.0</number><number>0.0</number><number>0.0</number><number>0.0</number><number>0.0</number><number>0.0</number><number>0.0</number><number>0.0</number><number>0.0</number></field><field name='breakoutsessionadditionalsecurity'><number>0.0</number><number>0.0</number><number>0.0</number><number>0.0</number><number>0.0</number><number>0.0</number><number>0.0</number><number>0.0</number><number>0.0</number></field><field name='retailassistant'><string></string><string></string><string></string><string></string><string></string><string></string><string></string><string></string><string></string></field><field name='breakoutsessionrearscreenprojection'><number>0.0</number><number>0.0</number><number>0.0</number><number>0.0</number><number>0.0</number><number>0.0</number><number>0.0</number><number>0.0</number><number>0.0</number></field><field name='breakoutsessionwiredinternet'><number>0.0</number><number>0.0</number><number>0.0</number><number>0.0</number><number>0.0</number><number>0.0</number><number>0.0</number><number>0.0</number><number>0.0</number></field><field name='haspmbreak'><number>0.0</number><number>0.0</number><number>0.0</number><number>0.0</number><number>0.0</number><number>0.0</number><number>0.0</number><number>0.0</number><number>0.0</number></field><field name='breakoutsessionpowerstrips'><number>0.0</number><number>0.0</number><number>0.0</number><number>0.0</number><number>0.0</number><number>0.0</number><number>0.0</number><number>0.0</number><number>0.0</number></field><field name='generalsessionroomrekey'><number>0.0</number><number>0.0</number><number>0.0</number><number>0.0</number><number>0.0</number><number>0.0</number><number>0.0</number><number>0.0</number><number>0.0</number></field><field name='financeanalystid'><string></string><string></string><string></string><string></string><string></string><string></string><string></string><string></string><string></string></field><field name='breakoutsessionflipchart'><number>0.0</number><number>0.0</number><number>0.0</number><number>0.0</number><number>0.0</number><number>0.0</number><number>0.0</number><number>0.0</number><number>0.0</number></field><field name='generalsessionadditionalsecurity'><number>0.0</number><number>0.0</number><number>0.0</number><number>0.0</number><number>0.0</number><number>0.0</number><number>0.0</number><number>0.0</number><number>0.0</number></field><field name='hotelnotes'><string></string><string></string><string></string><string></string><string></string><string></string><string></string><string></string><string></string></field><field name='departmentno'><string>0003</string><string></string><string></string><string>0106</string><string></string><string></string><string>0116</string><string>0604</string><string>4444</string></field><field name='employeenamelast'><string>Withington</string><string>Approver</string><string>Withington</string><string>Approver</string><string>Withington</string><string>Marketing</string><string>Withington</string><string>Withington</string><string>Withington</string></field><field name='breakoutsessionenddate'><string></string><string></string><string></string><string></string><string></string><string></string><string></string><string></string><string></string></field><field name='employeephone'><string>8005551212</string><string></string><string></string><string>8005551212</string><string></string><string></string><string>8005551212</string><string>800.555.1212</string><string>8885551212</string></field><field name='generalsessionpowerstrips'><number>0.0</number><number>0.0</number><number>0.0</number><number>0.0</number><number>0.0</number><number>0.0</number><number>0.0</number><number>0.0</number><number>0.0</number></field><field name='breakoutsessiongroupsize'><number>0.0</number><number>0.0</number><number>0.0</number><number>0.0</number><number>0.0</number><number>0.0</number><number>0.0</number><number>0.0</number><number>0.0</number></field><field name='daterequested'><dateTime>2016-5-18T19:52:11+0:0</dateTime><string></string><string></string><dateTime>2016-5-13T16:55:3+0:0</dateTime><string></string><string></string><string></string><dateTime>2016-8-30T19:40:10+0:0</dateTime><string></string></field><field name='hasonlineregistration'><number>0.0</number><number>0.0</number><number>0.0</number><number>0.0</number><number>0.0</number><number>0.0</number><number>0.0</number><number>0.0</number><number>0.0</number></field><field name='datemodified'><dateTime>2016-8-30T18:58:14+0:0</dateTime><dateTime>2016-8-29T18:17:51+0:0</dateTime><dateTime>2016-8-30T16:23:31+0:0</dateTime><dateTime>2016-6-22T14:51:17+0:0</dateTime><dateTime>2016-8-30T15:41:7+0:0</dateTime><dateTime>2016-6-23T21:16:26+0:0</dateTime><dateTime>2016-8-30T15:31:9+0:0</dateTime><dateTime>2016-8-30T19:40:10+0:0</dateTime><dateTime>2016-8-30T18:1:52+0:0</dateTime></field><field name='meetinggeneralcomments'><string></string><string></string><string></string><string></string><string></string><string></string><string></string><string></string><string></string></field><field name='surveyurl'><string></string><string></string><string></string><string></string><string></string><string></string><string></string><string></string><string></string></field><field name='requiresmeetingspace'><number>1.0</number><number>1.0</number><number>0.0</number><number>0.0</number><number>1.0</number><number>1.0</number><number>1.0</number><number>0.0</number><number>1.0</number></field><field name='generalsessionroomsetup'><string></string><string></string><string></string><string></string><string></string><string></string><string></string><string></string><string></string></field><field name='methodofpayment'><number>0.0</number><number>0.0</number><number>0.0</number><number>0.0</number><number>0.0</number><number>0.0</number><number>0.0</number><number>0.0</number><number>0.0</number></field><field name='meetingbudgetamount'><number>0.0</number><number>0.0</number><number>0.0</number><number>100.0</number><number>0.0</number><number>150.0</number><number>0.0</number><number>14792.0</number><number>5274.60009765625</number></field><field name='managername'><string>asdf</string><string></string><string></string><string>asdf</string><string></string><string></string><string>asdf</string><string>asdf</string><string>Ryan</string></field><field name='employeenamefirst'><string>Steve</string><string>App</string><string>Steve</string><string>Harry</string><string>Steve</string><string>Mary</string><string>Steve</string><string>Steve</string><string>Steve</string></field><field name='haspreferredvenues'><number>0.0</number><number>0.0</number><number>0.0</number><number>0.0</number><number>0.0</number><number>0.0</number><number>0.0</number><number>0.0</number><number>0.0</number></field><field name='isnonemployeeairfarepaidbyapple'><number>0.0</number><number>0.0</number><number>0.0</number><number>0.0</number><number>0.0</number><number>0.0</number><number>0.0</number><number>0.0</number><number>0.0</number></field><field name='preferredvenue2'><string></string><string></string><string></string><string></string><string></string><string></string><string></string><string></string><string></string></field><field name='generalsessionflipchart'><number>0.0</number><number>0.0</number><number>0.0</number><number>0.0</number><number>0.0</number><number>0.0</number><number>0.0</number><number>0.0</number><number>0.0</number></field><field name='generalsessionadditionalpower'><number>0.0</number><number>0.0</number><number>0.0</number><number>0.0</number><number>0.0</number><number>0.0</number><number>0.0</number><number>0.0</number><number>0.0</number></field><field name='foodbevnotes'><string></string><string></string><string></string><string></string><string></string><string></string><string></string><string></string><string></string></field><field name='meetingstate'><string>IL</string><string></string><string></string><string>IL</string><string></string><string></string><string>IL</string><string>IL</string><string>IL</string></field><field name='projectno'><string></string><string></string><string></string><string>13451345</string><string></string><string></string><string>RTL200xxxx</string><string>1324124</string><string>RTL0065555</string></field><field name='breakoutsessionlcdprojector'><number>0.0</number><number>0.0</number><number>0.0</number><number>0.0</number><number>0.0</number><number>0.0</number><number>0.0</number><number>0.0</number><number>0.0</number></field><field name='employeeemail'><string>steve@blueriver.com</string><string>appapprover@blueriver.com</string><string>steve@blueriver.com</string><string>harry@blueriver.com</string><string>steve@blueriver.com</string><string>mary@email.com</string><string>steve@blueriver.com</string><string>steve@blueriver.com</string><string>steve@blueriver.com</string></field><field name='generalsessionstartdate'><string></string><string></string><string></string><string></string><string></string><string></string><string></string><string></string><string></string></field><field name='surveysentto'><string></string><string></string><string></string><string></string><string></string><string></string><string></string><string></string><string></string></field><field name='hotelsuitecount'><number>0.0</number><number>0.0</number><number>0.0</number><number>0.0</number><number>0.0</number><number>0.0</number><number>0.0</number><number>0.0</number><number>0.0</number></field><field name='contactnamefirst'><string></string><string></string><string></string><string></string><string></string><string></string><string></string><string></string><string></string></field><field name='breakoutsessionroomsetup'><string></string><string></string><string></string><string></string><string></string><string></string><string></string><string></string><string></string></field><field name='datecreated'><dateTime>2016-5-4T17:1:47+0:0</dateTime><dateTime>2016-5-3T20:40:36+0:0</dateTime><dateTime>2016-8-30T14:18:57+0:0</dateTime><dateTime>2016-5-13T16:50:47+0:0</dateTime><dateTime>2016-5-18T19:42:5+0:0</dateTime><dateTime>2016-6-23T19:55:27+0:0</dateTime><dateTime>2016-5-4T17:1:54+0:0</dateTime><dateTime>2016-4-26T20:24:59+0:0</dateTime><dateTime>2016-4-29T21:26:43+0:0</dateTime></field><field name='meetingbudgetnotes'><string></string><string></string><string></string><string></string><string></string><string></string><string></string><string>Ok</string><string>&lt;steve@blueriver.com&gt;</string></field><field name='attendeetype'><string>Employees</string><string></string><string>Non-Employees</string><string>Employees</string><string></string><string></string><string>Employees</string><string>Employees</string><string>Employees</string></field><field name='meetingstatus'><string>Draft</string><string>Draft</string><string>Draft</string><string>Pending Approval</string><string>Draft</string><string>Draft</string><string>Draft</string><string>Requested</string><string>Draft</string></field><field name='isinviteofficials'><number>0.0</number><number>0.0</number><number>0.0</number><number>0.0</number><number>0.0</number><number>0.0</number><number>0.0</number><number>0.0</number><number>0.0</number></field><field name='reasonnotoncampusorstore'><string>Space is not available over dates and times required</string><string></string><string></string><string>This is an off-site team building or celebration event requiring an off-site location</string><string></string><string></string><string>Space is not available over dates and times required</string><string>Space is not available over dates and times required</string><string>Space is not available over dates and times required</string></field><field name='requireshotel'><number>0.0</number><number>0.0</number><number>0.0</number><number>0.0</number><number>0.0</number><number>0.0</number><number>0.0</number><number>0.0</number><number>0.0</number></field><field name='hasambreak'><number>0.0</number><number>0.0</number><number>0.0</number><number>0.0</number><number>0.0</number><number>0.0</number><number>0.0</number><number>0.0</number><number>0.0</number></field><field name='generalsessionrearscreenprojection'><number>0.0</number><number>0.0</number><number>0.0</number><number>0.0</number><number>0.0</number><number>0.0</number><number>0.0</number><number>0.0</number><number>0.0</number></field><field name='retailapprover'><string></string><string></string><string></string><string></string><string></string><string></string><string></string><string></string><string></string></field><field name='singleoccupancycount'><number>0.0</number><number>0.0</number><number>0.0</number><number>0.0</number><number>0.0</number><number>0.0</number><number>0.0</number><number>0.0</number><number>0.0</number></field><field name='hasdinner'><number>0.0</number><number>0.0</number><number>0.0</number><number>0.0</number><number>0.0</number><number>0.0</number><number>0.0</number><number>0.0</number><number>0.0</number></field><field name='dateonlineregistrationstart'><string></string><string></string><string></string><string></string><string></string><string></string><string></string><string></string><string></string></field><field name='contactemail'><string></string><string></string><string></string><string></string><string></string><string></string><string></string><string></string><string></string></field><field name='hasoffsiteevent'><number>0.0</number><number>0.0</number><number>0.0</number><number>0.0</number><number>0.0</number><number>0.0</number><number>0.0</number><number>0.0</number><number>0.0</number></field><field name='breakoutsessionadditionalpower'><number>0.0</number><number>0.0</number><number>0.0</number><number>0.0</number><number>0.0</number><number>0.0</number><number>0.0</number><number>0.0</number><number>0.0</number></field><field name='divisionno'><string>0023</string><string></string><string></string><string>0013</string><string>0012</string><string></string><string>0013</string><string>0010</string><string>0017</string></field><field name='datedecisioned'><string></string><string></string><string></string><string></string><string></string><string></string><string></string><string></string><string></string></field><field name='estimatedemployeecount'><number>100.0</number><number>0.0</number><number>0.0</number><number>100.0</number><number>0.0</number><number>0.0</number><number>100.0</number><number>10.0</number><number>100.0</number></field><field name='preferredvenue3'><string></string><string></string><string></string><string></string><string></string><string></string><string></string><string></string><string></string></field><field name='travelercount'><number>0.0</number><number>0.0</number><number>0.0</number><number>0.0</number><number>0.0</number><number>0.0</number><number>0.0</number><number>0.0</number><number>0.0</number></field><field name='generalsessionlcdprojector'><number>0.0</number><number>0.0</number><number>0.0</number><number>0.0</number><number>0.0</number><number>0.0</number><number>0.0</number><number>0.0</number><number>0.0</number></field><field name='meetingstartdate'><dateTime>2016-9-1T5:0:0+0:0</dateTime><string></string><string></string><dateTime>2016-8-12T5:0:0+0:0</dateTime><string></string><string></string><dateTime>2016-10-8T5:0:0+0:0</dateTime><dateTime>2016-6-1T5:0:0+0:0</dateTime><dateTime>2016-5-28T5:0:0+0:0</dateTime></field><field name='meetingid'><string>02B7BCDE-E9CB-4557-8C666F8A3C8DCFC6</string><string>32C03F40-03D9-4E2E-9107314035ED3CE3</string><string>52094D3A-AB33-4EE9-A8E5EE24F54B6812</string><string>5A6AE910-A480-4E58-A49174B26A609E77</string><string>7C25651D-BE42-4F59-90936EA39D04DE5D</string><string>8A8A4F4A-7778-42BB-8DE0144FB6A7EAD0</string><string>D699C9E8-71DA-4F9A-89548C92734AF444</string><string>E8610CD9-C763-49A1-A9DE61B9CAFAABDC</string><string>FA6C54F2-E2E2-4432-8310D64E3C105318</string></field><field name='departmentname'><string></string><string></string><string></string><string>asdf</string><string></string><string></string><string>asdf</string><string>asdf</string><string>HR</string></field><field name='datesurveysent'><string></string><string></string><string></string><string></string><string></string><string></string><string></string><string></string><string></string></field><field name='generalsessionscreen'><number>0.0</number><number>0.0</number><number>0.0</number><number>0.0</number><number>0.0</number><number>0.0</number><number>0.0</number><number>0.0</number><number>0.0</number></field><field name='manageremail'><string>asdf@asdf.com</string><string></string><string></string><string>asdf@asdf.com</string><string></string><string></string><string>asdf@asdf.com</string><string>asdf@asdf.com</string><string>r@b.com</string></field><field name='generalsessionenddate'><string></string><string></string><string></string><string></string><string></string><string></string><string></string><string></string><string></string></field><field name='generalsessionavneeds'><string></string><string></string><string></string><string></string><string></string><string></string><string></string><string></string><string></string></field><field name='generalsessiongroupsize'><number>0.0</number><number>0.0</number><number>0.0</number><number>0.0</number><number>0.0</number><number>0.0</number><number>0.0</number><number>0.0</number><number>0.0</number></field><field name='generalsessionnotes'><string></string><string></string><string></string><string></string><string></string><string></string><string></string><string></string><string></string></field><field name='meetingname'><string>Meeting 1</string><string>Temp</string><string>New Meeting</string><string>Harry's Meeting</string><string>Whatever</string><string>My Meeting</string><string>Meeting 2</string><string>My Meeting</string><string>Test</string></field><field name='surveyemailtext'><string></string><string></string><string></string><string></string><string></string><string></string><string></string><string></string><string></string></field><field name='maincurrency'><string>USD</string><string>USD</string><string>USD</string><string>USD</string><string>USD</string><string>USD</string><string>USD</string><string>USD</string><string>USD</string></field><field name='breakoutsessionroomrekey'><number>0.0</number><number>0.0</number><number>0.0</number><number>0.0</number><number>0.0</number><number>0.0</number><number>0.0</number><number>0.0</number><number>0.0</number></field><field name='estimatednonemployeecount'><number>0.0</number><number>0.0</number><number>0.0</number><number>0.0</number><number>0.0</number><number>0.0</number><number>0.0</number><number>0.0</number><number>0.0</number></field><field name='isprovidinggiveaways'><number>0.0</number><number>0.0</number><number>0.0</number><number>0.0</number><number>0.0</number><number>0.0</number><number>0.0</number><number>0.0</number><number>0.0</number></field><field name='contactnamelast'><string></string><string></string><string></string><string></string><string></string><string></string><string></string><string></string><string></string></field><field name='hasreception'><number>0.0</number><number>0.0</number><number>0.0</number><number>0.0</number><number>0.0</number><number>0.0</number><number>0.0</number><number>0.0</number><number>0.0</number></field><field name='hasgeneralsession'><number>0.0</number><number>0.0</number><number>0.0</number><number>0.0</number><number>0.0</number><number>0.0</number><number>0.0</number><number>0.0</number><number>0.0</number></field><field name='generalsessionmicrophone'><number>0.0</number><number>0.0</number><number>0.0</number><number>0.0</number><number>0.0</number><number>0.0</number><number>0.0</number><number>0.0</number><number>0.0</number></field><field name='doubleoccupancycount'><number>0.0</number><number>0.0</number><number>0.0</number><number>0.0</number><number>0.0</number><number>0.0</number><number>0.0</number><number>0.0</number><number>0.0</number></field><field name='hasbreakoutsession'><number>0.0</number><number>0.0</number><number>0.0</number><number>0.0</number><number>0.0</number><number>0.0</number><number>0.0</number><number>0.0</number><number>0.0</number></field><field name='employeeid'><string>DC085543-7B29-4CFC-9C9649ADFBAE9138</string><string>C304E1CA-AD83-49FC-B2C1C0DD47BE6BC8</string><string>DC085543-7B29-4CFC-9C9649ADFBAE9138</string><string>4361B804-1B88-4BFF-84BDB341F8358F5A</string><string>DC085543-7B29-4CFC-9C9649ADFBAE9138</string><string>800A1DDF-B8CE-4186-B93856CE24938E1C</string><string>DC085543-7B29-4CFC-9C9649ADFBAE9138</string><string>DC085543-7B29-4CFC-9C9649ADFBAE9138</string><string>DC085543-7B29-4CFC-9C9649ADFBAE9138</string></field><field name='meetingcity'><string>Chicago</string><string></string><string></string><string>Chicago</string><string></string><string></string><string>Chicago</string><string>Chicago</string><string>Chicago</string></field><field name='generalsessionwiredinternet'><number>0.0</number><number>0.0</number><number>0.0</number><number>0.0</number><number>0.0</number><number>0.0</number><number>0.0</number><number>0.0</number><number>0.0</number></field><field name='breakoutsessionmicrophone'><number>0.0</number><number>0.0</number><number>0.0</number><number>0.0</number><number>0.0</number><number>0.0</number><number>0.0</number><number>0.0</number><number>0.0</number></field><field name='starcitemeetingid'><string></string><string></string><string></string><string></string><string></string><string></string><string></string><string></string><string></string></field><field name='isretailemployee'><number>0.0</number><number>0.0</number><number>0.0</number><number>0.0</number><number>0.0</number><number>0.0</number><number>1.0</number><number>0.0</number><number>0.0</number></field><field name='offsiteeventdesc'><string></string><string></string><string></string><string></string><string></string><string></string><string></string><string></string><string></string></field><field name='meetingbudgettype'><number>1.0</number><string></string><number>0.0</number><number>0.0</number><number>1.0</number><number>1.0</number><number>1.0</number><number>1.0</number><number>0.0</number></field><field name='isprovidingvalue'><number>0.0</number><number>0.0</number><number>0.0</number><number>0.0</number><number>0.0</number><number>0.0</number><number>0.0</number><number>0.0</number><number>0.0</number></field><field name='breakoutsessionavneeds'><string></string><string></string><string></string><string></string><string></string><string></string><string></string><string></string><string></string></field><field name='ismaincontact'><number>1.0</number><number>0.0</number><number>0.0</number><number>1.0</number><number>0.0</number><number>0.0</number><number>1.0</number><number>1.0</number><number>1.0</number></field><field name='requiresreapproval'><number>0.0</number><number>0.0</number><number>0.0</number><number>0.0</number><number>0.0</number><number>0.0</number><number>0.0</number><number>1.0</number><number>0.0</number></field></recordset></data></wddxPacket>
