<wddxPacket version='1.0'><header/><data><recordset rowCount='10' fieldNames='budgetid,dailydelegatepeople,dailydelegatedays,dailydelegateid,dailydelegaterate,dailydelegatesubtotal,dailydelegatedesc' type='coldfusion.sql.QueryTable'><field name='budgetid'><string>89D3D1DD-7D74-44A9-8C0073FA8A8EC8C0</string><string>F9373077-BCC7-403E-BA20D580F5C990B2</string><string>7AD89586-9FF8-4311-9820DE47B8CB35C2</string><string>B38A3052-CDBE-4AE1-9DF156EF18074E50</string><string>099F0317-7AFC-4E6E-BEE1B7ED612C942A</string><string>AD0AAB8F-C253-4EF7-A2F894FD74C3A2CC</string><string>4E877929-CF74-4BB1-BAF772EC71BBD989</string><string>1DAECAE3-EC6E-4147-9D592F8F474E005B</string><string>4B7C134C-7969-4FCA-BD9CC817A7AFB3DE</string><string>7F6081BB-18E7-4F1B-A8AF40C1104DD985</string></field><field name='dailydelegatepeople'><number>0.0</number><number>0.0</number><number>0.0</number><number>0.0</number><number>0.0</number><number>0.0</number><number>0.0</number><number>0.0</number><number>0.0</number><number>0.0</number></field><field name='dailydelegatedays'><number>0.0</number><number>0.0</number><number>0.0</number><number>0.0</number><number>0.0</number><number>0.0</number><number>0.0</number><number>0.0</number><number>0.0</number><number>0.0</number></field><field name='dailydelegateid'><string>0BEB811E-0686-4E87-943C45B878C847A2</string><string>3C603756-BAE7-46AE-A9D8645747EE331D</string><string>4BB1AC1A-2A1C-484F-8C576CE2F6344B08</string><string>57A97600-D09E-43FE-84699777241BC386</string><string>6633DC50-A4B4-4456-BEDBF33C7B056A27</string><string>6C2542D4-D4AC-44F9-ABDC94326E3DDAEE</string><string>C01F315C-C9C8-4DDE-8D610B056B273EBB</string><string>D32A2DEF-317B-4906-87FDFD6CFEE42910</string><string>DFB6F58B-2E72-4E9C-B0F266D5F790557A</string><string>E4E2F0CC-FBE5-4446-81442D1DA0C72B32</string></field><field name='dailydelegaterate'><number>0.0</number><number>0.0</number><number>0.0</number><number>0.0</number><number>0.0</number><number>0.0</number><number>0.0</number><number>0.0</number><number>0.0</number><number>0.0</number></field><field name='dailydelegatesubtotal'><number>0.0</number><number>0.0</number><number>0.0</number><number>0.0</number><number>0.0</number><number>0.0</number><number>0.0</number><number>0.0</number><number>0.0</number><number>0.0</number></field><field name='dailydelegatedesc'><string></string><string></string><string></string><string></string><string></string><string></string><string></string><string></string><string></string><string></string></field></recordset></data></wddxPacket>
