<wddxPacket version='1.0'><header/><data><recordset rowCount='12' fieldNames='budgetid,meetingspacerate,meetingspaceid,meetingspaceqty,meetingspaceunits,meetingspacesubtotal,meetingspacedesc,meetingspacedays' type='coldfusion.sql.QueryTable'><field name='budgetid'><string>099F0317-7AFC-4E6E-BEE1B7ED612C942A</string><string>F9373077-BCC7-403E-BA20D580F5C990B2</string><string>89D3D1DD-7D74-44A9-8C0073FA8A8EC8C0</string><string>AD0AAB8F-C253-4EF7-A2F894FD74C3A2CC</string><string>4E877929-CF74-4BB1-BAF772EC71BBD989</string><string>099F0317-7AFC-4E6E-BEE1B7ED612C942A</string><string>1DAECAE3-EC6E-4147-9D592F8F474E005B</string><string>F9373077-BCC7-403E-BA20D580F5C990B2</string><string>4B7C134C-7969-4FCA-BD9CC817A7AFB3DE</string><string>7AD89586-9FF8-4311-9820DE47B8CB35C2</string><string>4B7C134C-7969-4FCA-BD9CC817A7AFB3DE</string><string>B38A3052-CDBE-4AE1-9DF156EF18074E50</string></field><field name='meetingspacerate'><number>0.0</number><number>1000.0</number><number>1.0</number><number>0.0</number><number>0.0</number><number>0.0</number><number>0.0</number><number>10000.0</number><number>100.0</number><number>1.0</number><number>125.0</number><number>0.0</number></field><field name='meetingspaceid'><string>144DB2B4-DBE2-429A-952B1CA9D0E52E2A</string><string>170D9C80-8CBF-4B24-A4817BB6ACD30C0E</string><string>1E4A7B63-112B-4678-9E387400D67C8BC2</string><string>25AD0D00-9982-480E-96EC9560C80D62C5</string><string>371C27E7-471F-4374-8F0B8DC6997587D9</string><string>52255E91-9A51-4021-8335957AD343919B</string><string>969A8EC7-9C56-4F98-8660DCAD2FDB0734</string><string>ADCBE653-2096-447A-81927D5D55253348</string><string>B751AF54-1CA3-41B4-81927E85FDF4568F</string><string>BBB1D591-7EE4-4F27-95AF0D669D2F48A3</string><string>BD8B4DA7-59C0-457B-A7BFE6A2AF7D4AFD</string><string>C24921CB-BA5F-4899-B22D2C7C7D9B4B36</string></field><field name='meetingspaceqty'><number>0.0</number><number>2.0</number><number>0.10000000149011612</number><number>0.0</number><number>0.0</number><number>0.0</number><number>0.0</number><number>1.0</number><number>1.0</number><number>0.10000000149011612</number><number>1.0</number><number>0.0</number></field><field name='meetingspaceunits'><string>Room</string><string>Room</string><string>Room</string><string>Room</string><string>Room</string><string>Room</string><string>Room</string><string>Room</string><string>Room</string><string>Room</string><string>Room</string><string>Room</string></field><field name='meetingspacesubtotal'><number>0.0</number><number>4000.0</number><number>0.009999999776482582</number><number>0.0</number><number>0.0</number><number>0.0</number><number>0.0</number><number>10000.0</number><number>100.0</number><number>0.009999999776482582</number><number>125.0</number><number>0.0</number></field><field name='meetingspacedesc'><string></string><string>Breakout (attendees 101 - 150)</string><string>Breakout (attendees 101 - 150)</string><string></string><string></string><string></string><string></string><string>Breakout (attendees 101 - 150)</string><string>Breakout (attendees 1 - 100)</string><string>Breakout (attendees 101 - 150)</string><string>Breakout (attendees 101 - 150)</string><string></string></field><field name='meetingspacedays'><number>0.0</number><number>2.0</number><number>0.10000000149011612</number><number>0.0</number><number>0.0</number><number>0.0</number><number>0.0</number><number>1.0</number><number>1.0</number><number>0.10000000149011612</number><number>1.0</number><number>0.0</number></field></recordset></data></wddxPacket>
