<wddxPacket version='1.0'><header/><data><recordset rowCount='10' fieldNames='budgetid,flightid,flightrate,flightsubtotal,flightdesc,flightqty' type='coldfusion.sql.QueryTable'><field name='budgetid'><string>7AD89586-9FF8-4311-9820DE47B8CB35C2</string><string>099F0317-7AFC-4E6E-BEE1B7ED612C942A</string><string>B38A3052-CDBE-4AE1-9DF156EF18074E50</string><string>4B7C134C-7969-4FCA-BD9CC817A7AFB3DE</string><string>1DAECAE3-EC6E-4147-9D592F8F474E005B</string><string>4E877929-CF74-4BB1-BAF772EC71BBD989</string><string>7F6081BB-18E7-4F1B-A8AF40C1104DD985</string><string>AD0AAB8F-C253-4EF7-A2F894FD74C3A2CC</string><string>89D3D1DD-7D74-44A9-8C0073FA8A8EC8C0</string><string>F9373077-BCC7-403E-BA20D580F5C990B2</string></field><field name='flightid'><string>095C64CA-AF40-4D05-A152C328C6E7FE54</string><string>181FD1D0-BE11-4289-BEAE15C33D35F9C2</string><string>28A1E710-E11C-4F83-9C5A62C708D04A72</string><string>2A08E215-745C-43FB-B68AC95F897DBDE5</string><string>52DE82EB-7E32-44FC-9708ABFD4042E918</string><string>7519D7CC-DE1E-483F-8EA228D5DA1656EC</string><string>7F769A25-B57A-4087-9F7388A2AC54D687</string><string>85FFF11B-2F42-40C8-AD492636421654DA</string><string>A0E7811A-7660-485E-BB340EE6467D96E0</string><string>BA9BCC1F-5B59-4AFC-9C9B97423EE0C8C4</string></field><field name='flightrate'><number>0.0</number><number>3864.0</number><number>0.0</number><number>0.0</number><number>0.0</number><number>0.0</number><number>0.0</number><number>0.0</number><number>0.0</number><number>567.0</number></field><field name='flightsubtotal'><number>0.0</number><number>0.0</number><number>0.0</number><number>0.0</number><number>0.0</number><number>0.0</number><number>0.0</number><number>0.0</number><number>0.0</number><number>567.0</number></field><field name='flightdesc'><string></string><string>International</string><string></string><string></string><string></string><string></string><string></string><string></string><string></string><string>Domestic</string></field><field name='flightqty'><number>0.0</number><number>0.0</number><number>0.0</number><number>0.0</number><number>0.0</number><number>0.0</number><number>0.0</number><number>0.0</number><number>0.0</number><number>1.0</number></field></recordset></data></wddxPacket>
