<wddxPacket version='1.0'><header/><data><recordset rowCount='10' fieldNames='budgetid,avdays,avsubtotal,avid,avqty,avrate,avdesc' type='coldfusion.sql.QueryTable'><field name='budgetid'><string>89D3D1DD-7D74-44A9-8C0073FA8A8EC8C0</string><string>4E877929-CF74-4BB1-BAF772EC71BBD989</string><string>4B7C134C-7969-4FCA-BD9CC817A7AFB3DE</string><string>B38A3052-CDBE-4AE1-9DF156EF18074E50</string><string>AD0AAB8F-C253-4EF7-A2F894FD74C3A2CC</string><string>1DAECAE3-EC6E-4147-9D592F8F474E005B</string><string>7F6081BB-18E7-4F1B-A8AF40C1104DD985</string><string>7AD89586-9FF8-4311-9820DE47B8CB35C2</string><string>F9373077-BCC7-403E-BA20D580F5C990B2</string><string>099F0317-7AFC-4E6E-BEE1B7ED612C942A</string></field><field name='avdays'><number>0.0</number><number>0.0</number><number>0.0</number><number>0.0</number><number>0.0</number><number>0.0</number><number>0.0</number><number>0.0</number><number>0.0</number><number>0.0</number></field><field name='avsubtotal'><number>0.0</number><number>0.0</number><number>0.0</number><number>0.0</number><number>0.0</number><number>0.0</number><number>0.0</number><number>0.0</number><number>0.0</number><number>0.0</number></field><field name='avid'><string>12C4441B-24E7-4249-AD93DD4D344D92F4</string><string>226AE25E-8591-4219-B1BA9242274FBF07</string><string>2DDCFA55-754F-4798-B40432FE33F35248</string><string>427D9CD7-AB73-4061-824AD52C516CEDE5</string><string>69CBBC13-4B35-4B03-A68E91D24005F521</string><string>7EB6817A-BEB4-41DF-A94248294CE9536F</string><string>C235925B-B45A-425A-AAE98EB6E9A23A53</string><string>F276A805-399A-48EC-9FD25F4E1EAB4472</string><string>F69E3B08-1B4E-484B-A05A1058DF1AAE0F</string><string>F818B504-275B-4A84-97D36F2973395632</string></field><field name='avqty'><number>0.0</number><number>0.0</number><number>0.0</number><number>0.0</number><number>0.0</number><number>0.0</number><number>0.0</number><number>0.0</number><number>0.0</number><number>0.0</number></field><field name='avrate'><number>0.0</number><number>0.0</number><number>0.0</number><number>0.0</number><number>0.0</number><number>0.0</number><number>0.0</number><number>0.0</number><number>0.0</number><number>0.0</number></field><field name='avdesc'><string></string><string></string><string></string><string></string><string></string><string></string><string></string><string></string><string></string><string></string></field></recordset></data></wddxPacket>
