<wddxPacket version='1.0'><header/><data><recordset rowCount='10' fieldNames='budgetid,teambuildingsubtotal,teambuildingrate,teambuildingdesc,teambuildingid,teambuildingqty' type='coldfusion.sql.QueryTable'><field name='budgetid'><string>1DAECAE3-EC6E-4147-9D592F8F474E005B</string><string>4E877929-CF74-4BB1-BAF772EC71BBD989</string><string>AD0AAB8F-C253-4EF7-A2F894FD74C3A2CC</string><string>7AD89586-9FF8-4311-9820DE47B8CB35C2</string><string>F9373077-BCC7-403E-BA20D580F5C990B2</string><string>7F6081BB-18E7-4F1B-A8AF40C1104DD985</string><string>099F0317-7AFC-4E6E-BEE1B7ED612C942A</string><string>89D3D1DD-7D74-44A9-8C0073FA8A8EC8C0</string><string>4B7C134C-7969-4FCA-BD9CC817A7AFB3DE</string><string>B38A3052-CDBE-4AE1-9DF156EF18074E50</string></field><field name='teambuildingsubtotal'><number>0.0</number><number>0.0</number><number>0.0</number><number>0.0</number><number>0.0</number><number>0.0</number><number>0.0</number><number>0.0</number><number>0.0</number><number>0.0</number></field><field name='teambuildingrate'><number>0.0</number><number>0.0</number><number>0.0</number><number>0.0</number><number>0.0</number><number>0.0</number><number>0.0</number><number>0.0</number><number>0.0</number><number>0.0</number></field><field name='teambuildingdesc'><string></string><string></string><string></string><string></string><string></string><string></string><string></string><string></string><string></string><string></string></field><field name='teambuildingid'><string>301C90D7-2BA7-4680-BA8FA32F8B423075</string><string>39DDD467-7B62-4D96-96E7D0B19E8B9688</string><string>6AE9F752-3AA2-4E36-956163181DBBD0F4</string><string>7B5BFB04-9168-4D5D-A9DAA2000D097C34</string><string>A45D97AC-EB1A-41BD-8900E13EA8D5B0EE</string><string>A8290475-B707-408C-86245AF3828C4622</string><string>C7942A33-14A2-464F-8336A2C0518853EE</string><string>CE1D5A85-39EF-44AD-93B131A3CF4FA792</string><string>D37F420B-14E4-4ED5-B7B64F5D3D71C9A1</string><string>E1276A94-0FA8-48A4-A542B8A76DD2236C</string></field><field name='teambuildingqty'><number>0.0</number><number>0.0</number><number>0.0</number><number>0.0</number><number>0.0</number><number>0.0</number><number>0.0</number><number>0.0</number><number>0.0</number><number>0.0</number></field></recordset></data></wddxPacket>
