<wddxPacket version='1.0'><header/><data><recordset rowCount='0' fieldNames='declinereason,approverdecisionid,datedecisioned,approverid,approvercomments,isapproved,approverassignmentid' type='coldfusion.sql.QueryTable'><field name='declinereason'></field><field name='approverdecisionid'></field><field name='datedecisioned'></field><field name='approverid'></field><field name='approvercomments'></field><field name='isapproved'></field><field name='approverassignmentid'></field></recordset></data></wddxPacket>
