<wddxPacket version='1.0'><header/><data><recordset rowCount='1' fieldNames='meetingid,serverfilename,serverfileext,timecreated,filesize,contenttype,contentsubtype,serverdirectory,serverfile,meetingattachmentid' type='coldfusion.sql.QueryTable'><field name='meetingid'><string>02B7BCDE-E9CB-4557-8C666F8A3C8DCFC6</string></field><field name='serverfilename'><string>cm-001</string></field><field name='serverfileext'><string>png</string></field><field name='timecreated'><dateTime>2016-8-29T18:18:48+0:0</dateTime></field><field name='filesize'><number>558146.0</number></field><field name='contenttype'><string>image</string></field><field name='contentsubtype'><string>png</string></field><field name='serverdirectory'><string>/Users/steve/webapps/mymeetings-attachments</string></field><field name='serverfile'><string>cm-001.png</string></field><field name='meetingattachmentid'><string>D827D1A0-2882-4001-B36A6C18620D9E31</string></field></recordset></data></wddxPacket>
