<wddxPacket version='1.0'><header/><data><recordset rowCount='2' fieldNames='datestart,dateend,approverid,approverdelegationid,delegatedbyid,isinapprovergroup' type='coldfusion.sql.QueryTable'><field name='datestart'><dateTime>201-8-29T6:0:0+0:0</dateTime><dateTime>2016-6-22T5:0:0+0:0</dateTime></field><field name='dateend'><dateTime>2016-8-31T5:0:0+0:0</dateTime><dateTime>2016-8-1T5:0:0+0:0</dateTime></field><field name='approverid'><string>C304E1CA-AD83-49FC-B2C1C0DD47BE6BC8</string><string>C304E1CA-AD83-49FC-B2C1C0DD47BE6BC8</string></field><field name='approverdelegationid'><string>2407CCAC-042E-410F-9C926719899F83A1</string><string>9191E84A-A881-4DE3-AC5CEDC21063A181</string></field><field name='delegatedbyid'><string>4361B804-1B88-4BFF-84BDB341F8358F5A</string><string>800A1DDF-B8CE-4186-B93856CE24938E1C</string></field><field name='isinapprovergroup'><number>1.0</number><number>1.0</number></field></recordset></data></wddxPacket>
