<wddxPacket version='1.0'><header/><data><recordset rowCount='10' fieldNames='groundtransportrate,budgetid,groundtransportid,groundtransportsubtotal,groundtransportdays,groundtransportqty,groundtransportdesc' type='coldfusion.sql.QueryTable'><field name='groundtransportrate'><number>0.0</number><number>0.0</number><number>0.0</number><number>0.0</number><number>0.0</number><number>0.0</number><number>0.0</number><number>0.0</number><number>0.0</number><number>0.0</number></field><field name='budgetid'><string>1DAECAE3-EC6E-4147-9D592F8F474E005B</string><string>B38A3052-CDBE-4AE1-9DF156EF18074E50</string><string>4E877929-CF74-4BB1-BAF772EC71BBD989</string><string>F9373077-BCC7-403E-BA20D580F5C990B2</string><string>7F6081BB-18E7-4F1B-A8AF40C1104DD985</string><string>099F0317-7AFC-4E6E-BEE1B7ED612C942A</string><string>7AD89586-9FF8-4311-9820DE47B8CB35C2</string><string>4B7C134C-7969-4FCA-BD9CC817A7AFB3DE</string><string>89D3D1DD-7D74-44A9-8C0073FA8A8EC8C0</string><string>AD0AAB8F-C253-4EF7-A2F894FD74C3A2CC</string></field><field name='groundtransportid'><string>05AFCD18-0149-40D6-95A8A66209B34A62</string><string>0FB59280-3259-4E1F-A39F699AC631D43B</string><string>46E68328-6C1E-4DB5-BC58BE4E3764BF4D</string><string>7B1DD393-66A9-433E-8A62B732A536747D</string><string>81B60F67-9C24-4564-B7D06C10E84DE614</string><string>88A01C4B-0A80-4D14-BD026E50C80614DF</string><string>AC22F796-483F-44DD-BC1C3617BDBB3AD9</string><string>B886C2BE-9108-4BE8-AB7172528771287A</string><string>D886ADB9-D3F4-46E9-877EFC9A61654281</string><string>E8CEF72B-1621-419F-B09B3DF9AC626EE1</string></field><field name='groundtransportsubtotal'><number>0.0</number><number>0.0</number><number>0.0</number><number>0.0</number><number>0.0</number><number>0.0</number><number>0.0</number><number>0.0</number><number>0.0</number><number>0.0</number></field><field name='groundtransportdays'><number>0.0</number><number>0.0</number><number>0.0</number><number>0.0</number><number>0.0</number><number>0.0</number><number>0.0</number><number>0.0</number><number>0.0</number><number>0.0</number></field><field name='groundtransportqty'><number>0.0</number><number>0.0</number><number>0.0</number><number>0.0</number><number>0.0</number><number>0.0</number><number>0.0</number><number>0.0</number><number>0.0</number><number>0.0</number></field><field name='groundtransportdesc'><string></string><string></string><string></string><string></string><string></string><string></string><string></string><string></string><string></string><string></string></field></recordset></data></wddxPacket>
