<wddxPacket version='1.0'><header/><data><recordset rowCount='29' fieldNames='budgetid,accommodationdesc,accommodationqty,accommodationid,accommodationdays,accommodationrate,accommodationsubtotal' type='coldfusion.sql.QueryTable'><field name='budgetid'><string>76C6F9B4-F87D-42C3-ADBC2705E2F30FA6</string><string>C418AB14-4BBD-41F7-905C80987885C402</string><string>4E877929-CF74-4BB1-BAF772EC71BBD989</string><string>C6468FD6-715C-495A-BEEDD94B3B9E3C5E</string><string>7F6081BB-18E7-4F1B-A8AF40C1104DD985</string><string>0A0DE795-6E65-4010-82F8B08389893A9B</string><string>445603DD-D95C-4DD4-AD1AF41A0B3589CA</string><string>94A3C27E-8A58-49B2-AA0AAC7D6AC32DC2</string><string>1404FA77-BB0F-4ACA-BD08CF12746395FC</string><string>AD0AAB8F-C253-4EF7-A2F894FD74C3A2CC</string><string>B38A3052-CDBE-4AE1-9DF156EF18074E50</string><string>1DAECAE3-EC6E-4147-9D592F8F474E005B</string><string>7AD89586-9FF8-4311-9820DE47B8CB35C2</string><string>704D624E-C669-4891-B3E4CB0C8CC6975C</string><string>C418AB14-4BBD-41F7-905C80987885C402</string><string>099F0317-7AFC-4E6E-BEE1B7ED612C942A</string><string>F64F621A-35E8-4072-81EB473F04FF3116</string><string>79B59855-1A28-43E5-83C26BB2769E2A4D</string><string>CCD62BB7-4115-4597-B200C02D895998EE</string><string>B86568B8-DC98-4F5F-8EC922F664DDEE3E</string><string>89D3D1DD-7D74-44A9-8C0073FA8A8EC8C0</string><string>907F808C-62F6-469B-90541F7EF61E14D1</string><string>F9373077-BCC7-403E-BA20D580F5C990B2</string><string>32590F3F-2115-44B8-B3D1543E9F34E89F</string><string>986E6048-0E1A-4FEC-9E69ADFE0DAA85E0</string><string>564B2246-66E1-421E-B5596055FF28AE4A</string><string>4B7C134C-7969-4FCA-BD9CC817A7AFB3DE</string><string>3FDC693A-1E81-44E4-8A4E23187312BF46</string><string>A573AC2E-5D02-4DBF-8E89516FBA922201</string></field><field name='accommodationdesc'><string></string><string>Single Occupancy</string><string></string><string></string><string></string><string></string><string></string><string></string><string></string><string></string><string></string><string></string><string></string><string></string><string>Single Occupancy</string><string></string><string></string><string></string><string></string><string></string><string></string><string>Double Occupancy</string><string></string><string></string><string></string><string></string><string></string><string></string><string></string></field><field name='accommodationqty'><string></string><number>0.0</number><number>0.0</number><number>0.0</number><number>0.0</number><string></string><string></string><number>0.0</number><number>0.0</number><number>0.0</number><number>0.0</number><number>0.0</number><number>0.0</number><string></string><number>3.0</number><number>0.0</number><number>0.0</number><number>0.0</number><number>0.0</number><number>0.0</number><number>0.0</number><number>1.0</number><number>0.0</number><number>0.0</number><number>0.0</number><number>0.0</number><number>0.0</number><number>0.0</number><number>0.0</number></field><field name='accommodationid'><string>0ABA77D4-76FA-4E04-B6D875AC4D9797C1</string><string>0D868DCE-25AC-406C-8CDE0E60271ECA55</string><string>152DC78C-B2DB-4BFC-B901C78AD5D7388E</string><string>225759CA-4054-4790-80852A95CAF1F8AA</string><string>23A84A45-884A-45F4-92370CDD4996B1EA</string><string>32A7C323-F0B7-4B38-80764F81DC48F76A</string><string>39C9D252-7AF8-4591-A8D1405FB2D664B4</string><string>4ABAD385-AE95-49CF-B33B7045F912AF6D</string><string>54354D62-C298-4E92-B20A0E3FCA343AFA</string><string>57DE0DF2-087C-4B07-820212B8B04BA4BD</string><string>60D8E26D-7F11-43FC-997548289A7629CC</string><string>67C9D815-959F-4194-86BAB9AABE5B5282</string><string>6DE4511F-681A-4F5D-B902019C94F73F62</string><string>8673B982-A210-4316-9CE181DA888E0968</string><string>8E68240A-D4C7-40C1-8DA4AE8039B50625</string><string>94E03B36-C68E-4F1A-92EC2855ABDFDBDF</string><string>9BE72AAD-E419-4442-A03045E26BEBD9B1</string><string>A61A94D7-711E-4CEF-95050CC3F4DE97B7</string><string>ACB29C13-852E-4116-8AB35CD70D2FA74E</string><string>B37F6C62-822B-46CF-B2315148D9BC04DC</string><string>BDAABA2B-69A2-4933-A34128CF6BD89FF9</string><string>C1529616-1DD2-4627-862E20301156EF48</string><string>C5C512F4-22DC-499D-9F3739BF4BFCB0FF</string><string>C66A662D-AC25-42D2-9BC66D4CEE0E3CB1</string><string>CD406B0E-2443-4CCF-B1A3953B9A161AD6</string><string>D0E35B04-F4DB-47E1-AC3CC93E55C1C7A5</string><string>F1BFB6B2-6FD6-4573-B788D99A86E38449</string><string>F6592681-2D0F-4AE6-A74DF521FB2D801C</string><string>F979C675-27AA-472F-ABA40BE92E4ACB36</string></field><field name='accommodationdays'><string></string><number>0.0</number><number>0.0</number><number>0.0</number><number>0.0</number><string></string><string></string><number>0.0</number><number>0.0</number><number>0.0</number><number>0.0</number><number>0.0</number><number>0.0</number><string></string><number>4.5</number><number>0.0</number><number>0.0</number><number>0.0</number><number>0.0</number><number>0.0</number><number>0.0</number><number>2.0</number><number>0.0</number><number>0.0</number><number>0.0</number><number>0.0</number><number>0.0</number><number>0.0</number><number>0.0</number></field><field name='accommodationrate'><string></string><number>264.8599853515625</number><number>0.0</number><number>0.0</number><number>0.0</number><number>0.0</number><string></string><number>0.0</number><number>0.0</number><number>0.0</number><number>0.0</number><number>0.0</number><number>0.0</number><string></string><number>264.8599853515625</number><number>0.0</number><number>0.0</number><number>0.0</number><number>0.0</number><number>0.0</number><number>0.0</number><number>197.10000610351562</number><number>0.0</number><number>0.0</number><number>0.0</number><number>0.0</number><number>0.0</number><number>0.0</number><number>0.0</number></field><field name='accommodationsubtotal'><number>0.0</number><number>0.0</number><number>0.0</number><number>0.0</number><number>0.0</number><number>0.0</number><number>0.0</number><number>0.0</number><number>0.0</number><number>0.0</number><number>0.0</number><number>0.0</number><number>0.0</number><number>0.0</number><number>3575.610107421875</number><number>0.0</number><number>0.0</number><number>0.0</number><number>0.0</number><number>0.0</number><number>0.0</number><number>394.20001220703125</number><number>0.0</number><number>0.0</number><number>0.0</number><number>0.0</number><number>0.0</number><number>0.0</number><number>0.0</number></field></recordset></data></wddxPacket>
