<wddxPacket version='1.0'><header/><data><recordset rowCount='10' fieldNames='miscid,miscsubtotal,budgetid,miscdesc,miscqty,miscrate,miscdays' type='coldfusion.sql.QueryTable'><field name='miscid'><string>0242F237-8A4D-4A5F-B0BF293230E9C457</string><string>1D279DF5-77AE-45AA-A455D045D410BC22</string><string>39DC9E8C-683D-4218-8559943D946A0BFC</string><string>3A963D83-3B78-411B-ACEECB4EE11FCF8C</string><string>56CFE098-26DE-459F-B3DD42B70D5D47C4</string><string>9EFFB496-1855-443B-A3E4C16683AC5098</string><string>C452808A-4B88-4064-AD6F37747FA7D465</string><string>D018520B-BBFC-46ED-818F55F6BF2049B0</string><string>F0F1C584-8C1F-49F1-BDA85AE21C80AB37</string><string>FFF07DC3-AED1-4544-BE0E8DE2A64C6B34</string></field><field name='miscsubtotal'><number>0.0</number><number>0.0</number><number>0.0</number><number>0.0</number><number>0.0</number><number>0.0</number><number>0.0</number><number>0.0</number><number>0.0</number><number>0.0</number></field><field name='budgetid'><string>F9373077-BCC7-403E-BA20D580F5C990B2</string><string>89D3D1DD-7D74-44A9-8C0073FA8A8EC8C0</string><string>4B7C134C-7969-4FCA-BD9CC817A7AFB3DE</string><string>1DAECAE3-EC6E-4147-9D592F8F474E005B</string><string>7F6081BB-18E7-4F1B-A8AF40C1104DD985</string><string>AD0AAB8F-C253-4EF7-A2F894FD74C3A2CC</string><string>099F0317-7AFC-4E6E-BEE1B7ED612C942A</string><string>B38A3052-CDBE-4AE1-9DF156EF18074E50</string><string>7AD89586-9FF8-4311-9820DE47B8CB35C2</string><string>4E877929-CF74-4BB1-BAF772EC71BBD989</string></field><field name='miscdesc'><string></string><string></string><string></string><string></string><string></string><string></string><string></string><string></string><string></string><string></string></field><field name='miscqty'><number>0.0</number><number>0.0</number><number>0.0</number><number>0.0</number><number>0.0</number><number>0.0</number><number>0.0</number><number>0.0</number><number>0.0</number><number>0.0</number></field><field name='miscrate'><number>0.0</number><number>0.0</number><number>0.0</number><number>0.0</number><number>0.0</number><number>0.0</number><number>0.0</number><number>0.0</number><number>0.0</number><number>0.0</number></field><field name='miscdays'><number>0.0</number><number>0.0</number><number>0.0</number><number>0.0</number><number>0.0</number><number>0.0</number><number>0.0</number><number>0.0</number><number>0.0</number><number>0.0</number></field></recordset></data></wddxPacket>
