<wddxPacket version='1.0'><header/><data><recordset rowCount='10' fieldNames='foodbevrate,budgetid,foodbevsubtotal,foodbevdesc,foodbevid,foodbevdays,foodbevqty' type='coldfusion.sql.QueryTable'><field name='foodbevrate'><number>0.0</number><number>0.0</number><number>0.0</number><number>0.0</number><number>0.0</number><number>0.0</number><number>0.0</number><number>0.0</number><number>0.0</number><number>0.0</number></field><field name='budgetid'><string>AD0AAB8F-C253-4EF7-A2F894FD74C3A2CC</string><string>B38A3052-CDBE-4AE1-9DF156EF18074E50</string><string>89D3D1DD-7D74-44A9-8C0073FA8A8EC8C0</string><string>F9373077-BCC7-403E-BA20D580F5C990B2</string><string>4B7C134C-7969-4FCA-BD9CC817A7AFB3DE</string><string>4E877929-CF74-4BB1-BAF772EC71BBD989</string><string>7AD89586-9FF8-4311-9820DE47B8CB35C2</string><string>1DAECAE3-EC6E-4147-9D592F8F474E005B</string><string>099F0317-7AFC-4E6E-BEE1B7ED612C942A</string><string>7F6081BB-18E7-4F1B-A8AF40C1104DD985</string></field><field name='foodbevsubtotal'><number>0.0</number><number>0.0</number><number>0.0</number><number>0.0</number><number>0.0</number><number>0.0</number><number>0.0</number><number>0.0</number><number>0.0</number><number>0.0</number></field><field name='foodbevdesc'><string></string><string></string><string></string><string></string><string></string><string></string><string></string><string></string><string>AM Break</string><string></string></field><field name='foodbevid'><string>1128FAB2-158A-4E26-B079883C3F096570</string><string>14B8BD8A-7315-48B4-8EA9766181E7C363</string><string>615FC651-6A64-45FF-9D1BF3951CBC762E</string><string>69E4AF7B-78C7-450E-BFDB69BFC96314C9</string><string>842C7763-3377-4993-8960EC83771538E4</string><string>9CF4C432-9737-4266-9AE81999B0B56578</string><string>A2A709AE-B3C9-42D2-BE4D2A9279EA1B0B</string><string>D5D15D3A-0834-44CF-942B54E91430A284</string><string>E74AC78E-A875-4518-829C6E38438A0DB7</string><string>F5F7A944-6264-45E3-B4EC1734FCB768F4</string></field><field name='foodbevdays'><number>0.0</number><number>0.0</number><number>0.0</number><number>0.0</number><number>0.0</number><number>0.0</number><number>0.0</number><number>0.0</number><number>0.0</number><number>0.0</number></field><field name='foodbevqty'><number>0.0</number><number>0.0</number><number>0.0</number><number>0.0</number><number>0.0</number><number>0.0</number><number>0.0</number><number>0.0</number><number>0.0</number><number>0.0</number></field></recordset></data></wddxPacket>
