<wddxPacket version='1.0'><header/><data><recordset rowCount='8' fieldNames='contentHistID,relatedID,contentID,siteID,relatedContentSetID,orderNo,relatedContentID' type='coldfusion.sql.QueryTable'><field name='contentHistID'><string>897C58F4-7499-4680-8805418CD88C0D45</string><string>897C58F4-7499-4680-8805418CD88C0D45</string><string>897C58F4-7499-4680-8805418CD88C0D45</string><string>897C58F4-7499-4680-8805418CD88C0D45</string><string>FFD858F0-EA3A-4D8F-ACE97A89AEB4326E</string><string>FFD858F0-EA3A-4D8F-ACE97A89AEB4326E</string><string>42A96661-BB1D-4CB9-AA1D160512C37286</string><string>44ECD6C9-AB32-408B-8D40FF507EB47613</string></field><field name='relatedID'><string>E5B86450-9F3D-4AE8-84D8AF8D42148F68</string><string>41E94BBD-6800-4ACC-A9E2957DE61DEF83</string><string>DE0C0A42-93E9-4F8A-A2779466BBC38D21</string><string>B7BEE588-B37A-4854-8070BD42357FB352</string><string>89E37306-2980-4E1E-809194E8A8D0B420</string><string>4227534A-F4C5-488A-9B2D8F913983AECB</string><string>3AE97F44-AD15-48F2-BF108E841D7DAB3C</string><string>3AE97F44-AD15-48F2-BF108E841D7DAB3C</string></field><field name='contentID'><string>9F968102-C375-49B0-9F41B7C44F21ED90</string><string>9F968102-C375-49B0-9F41B7C44F21ED90</string><string>9F968102-C375-49B0-9F41B7C44F21ED90</string><string>9F968102-C375-49B0-9F41B7C44F21ED90</string><string>3AE97F44-AD15-48F2-BF108E841D7DAB3C</string><string>3AE97F44-AD15-48F2-BF108E841D7DAB3C</string><string>C6BAA0E6-8001-4322-8CA01CF6CE9BEF37</string><string>827AD0D2-8C30-4BCC-89E56D616A07C8E0</string></field><field name='siteID'><string>default</string><string>default</string><string>default</string><string>default</string><string>default</string><string>default</string><string>default</string><string>default</string></field><field name='relatedContentSetID'><string>00000000000000000000000000000000000</string><string>00000000000000000000000000000000000</string><string>00000000000000000000000000000000000</string><string>00000000000000000000000000000000000</string><string>00000000000000000000000000000000000</string><string>00000000000000000000000000000000000</string><string>00000000000000000000000000000000000</string><string>00000000000000000000000000000000000</string></field><field name='orderNo'><number>1.0</number><number>3.0</number><number>4.0</number><number>5.0</number><number>1.0</number><number>2.0</number><number>1.0</number><number>1.0</number></field><field name='relatedContentID'><number>28.0</number><number>29.0</number><number>30.0</number><number>31.0</number><number>53.0</number><number>54.0</number><number>55.0</number><number>56.0</number></field></recordset></data></wddxPacket>
