<wddxPacket version='1.0'><header/><data><recordset rowCount='4' fieldNames='contentHistID,categoryID,contentID,isFeature,orderno,siteID,featureStart,featureStop' type='coldfusion.sql.QueryTable'><field name='contentHistID'><string>00913149-CE15-4175-A2F33058C63ED085</string><string>28CDF2A9-C721-448F-93686F770FDC9DF2</string><string>42A96661-BB1D-4CB9-AA1D160512C37286</string><string>7171B412-E223-47A1-9CD529616DEB4BFA</string></field><field name='categoryID'><string>C8853533-5F52-4F01-9DE0D31791BFAEFF</string><string>84D4A89A-FAC2-4F11-A57D93908D83A470</string><string>D914AC00-D248-4DD6-99130103A66EC959</string><string>84D4A89A-FAC2-4F11-A57D93908D83A470</string></field><field name='contentID'><string>89E37306-2980-4E1E-809194E8A8D0B420</string><string>74B87D9F-79B9-40FD-B14AFDE328FAD1C5</string><string>C6BAA0E6-8001-4322-8CA01CF6CE9BEF37</string><string>0E9A8BF7-55A1-4ABA-A09473039D8B50C9</string></field><field name='isFeature'><number>0.0</number><number>0.0</number><number>0.0</number><number>1.0</number></field><field name='orderno'><number>0.0</number><number>0.0</number><number>0.0</number><number>0.0</number></field><field name='siteID'><string>default</string><string>default</string><string>default</string><string>default</string></field><field name='featureStart'><string></string><string></string><string></string><string></string></field><field name='featureStop'><string></string><string></string><string></string><string></string></field></recordset></data></wddxPacket>
