<wddxPacket version='1.0'><header/><data><recordset rowCount='4' fieldNames='meetingid,approverassignmentid,approverdecisionid,approverid,approverdepartment' type='coldfusion.sql.QueryTable'><field name='meetingid'><string>E8610CD9-C763-49A1-A9DE61B9CAFAABDC</string><string>5A6AE910-A480-4E58-A49174B26A609E77</string><string>E8610CD9-C763-49A1-A9DE61B9CAFAABDC</string><string>5A6AE910-A480-4E58-A49174B26A609E77</string></field><field name='approverassignmentid'><string>18661807-6B91-4BFD-97F28F8DF2AADD30</string><string>5B999B11-5F64-4175-B018ADAFC5D5FA47</string><string>7DCC3BD7-5BA9-4390-9855381FE4F24182</string><string>8767BA31-B466-465F-AE5D54CB69E6BAC5</string></field><field name='approverdecisionid'><string></string><string></string><string></string><string></string></field><field name='approverid'><string>4361B804-1B88-4BFF-84BDB341F8358F5A</string><string>C304E1CA-AD83-49FC-B2C1C0DD47BE6BC8</string><string>C304E1CA-AD83-49FC-B2C1C0DD47BE6BC8</string><string>800A1DDF-B8CE-4186-B93856CE24938E1C</string></field><field name='approverdepartment'><string></string><string></string><string></string><string></string></field></recordset></data></wddxPacket>
