<wddxPacket version='1.0'><header/><data><recordset rowCount='4' fieldNames='meetingid,simplebudgetamount,simplebudgetcurrency,isprimarysimplebudget,simplebudgetid,simplebudgetdepartmentno,simplebudgetdivision' type='coldfusion.sql.QueryTable'><field name='meetingid'><string>FA6C54F2-E2E2-4432-8310D64E3C105318</string><string>52094D3A-AB33-4EE9-A8E5EE24F54B6812</string><string>5A6AE910-A480-4E58-A49174B26A609E77</string><string>FA6C54F2-E2E2-4432-8310D64E3C105318</string></field><field name='simplebudgetamount'><number>3000.0</number><number>0.0</number><number>100.0</number><number>25000.0</number></field><field name='simplebudgetcurrency'><string>GBP</string><string></string><string>USD</string><string>MXN</string></field><field name='isprimarysimplebudget'><number>0.0</number><number>1.0</number><number>1.0</number><number>1.0</number></field><field name='simplebudgetid'><string>3B7CDAA1-D7B0-4C9F-B23C855EE19C5128</string><string>77A02B9F-265E-44EB-BAA7BEBB09F9C970</string><string>8F5B18C2-21C6-4D95-94B162FB1E5B9026</string><string>C4652B4A-AE79-4F5A-BC30FE942081CFBC</string></field><field name='simplebudgetdepartmentno'><string>0113</string><string></string><string>0101</string><string>0117</string></field><field name='simplebudgetdivision'><string>0013</string><string></string><string>0010</string><string>0012</string></field></recordset></data></wddxPacket>
