<wddxPacket version='1.0'><header/><data><recordset rowCount='34' fieldNames='ContentHistID,ObjectID,Object,ContentID,Name,OrderNo,SiteID,ColumnID,Params' type='coldfusion.sql.QueryTable'><field name='ContentHistID'><string>08A6E2CD-B40C-4753-9A6DAC2B1BB1F993</string><string>145B2578-D4FA-463A-9820EAA7CDC8F644</string><string>1B0B7C5D-EA35-4D0C-BE46AAFF664B977C</string><string>2361C588-725C-4506-9E5B0EFF9A6035CA</string><string>32A83754-C870-474D-91426110E095F1A4</string><string>44ECD6C9-AB32-408B-8D40FF507EB47613</string><string>6CA6CB79-0681-4045-AE7A1DA16BE07B0B</string><string>7FB065A3-21C9-4BF6-8533EB93C1A24BD9</string><string>897C58F4-7499-4680-8805418CD88C0D45</string><string>9D328E83-4F6D-4354-8BAD041080B20894</string><string>A2D68E74-4E4F-41D6-9DB8B7A6C1725FC6</string><string>A75DD5A6-44E3-451F-B0996CCF441A5922</string><string>A75DD5A6-44E3-451F-B0996CCF441A5922</string><string>A75DD5A6-44E3-451F-B0996CCF441A5922</string><string>A75DD5A6-44E3-451F-B0996CCF441A5922</string><string>A7685233-CB12-4E28-A6E0FAA1573FF184</string><string>ADB93056-9E9F-40A0-A9A527A1BE500568</string><string>B4B09702-77CA-418B-AC3D441E72262189</string><string>B4B09702-77CA-418B-AC3D441E72262189</string><string>B4B09702-77CA-418B-AC3D441E72262189</string><string>B4B09702-77CA-418B-AC3D441E72262189</string><string>B4B09702-77CA-418B-AC3D441E72262189</string><string>B4B09702-77CA-418B-AC3D441E72262189</string><string>B6ABEC35-B4D6-459B-A23221C3231E1E8A</string><string>B8B75CAB-3535-4467-89BD845A6693EF5B</string><string>C1DCEAAC-2BEA-4EAC-AE69647D13201AB9</string><string>C50EBEC6-313D-4D47-A09CA2F8EDA8EE6C</string><string>C50EBEC6-313D-4D47-A09CA2F8EDA8EE6C</string><string>C50EBEC6-313D-4D47-A09CA2F8EDA8EE6C</string><string>CA5D4FC9-B90E-4167-84600143706D5EE8</string><string>CFF825B0-1A2E-46CD-870558DABFD0E78C</string><string>CFF825B0-1A2E-46CD-870558DABFD0E78C</string><string>FFD858F0-EA3A-4D8F-ACE97A89AEB4326E</string><string>FFD858F0-EA3A-4D8F-ACE97A89AEB4326E</string></field><field name='ObjectID'><string>0CD558B1-4A1F-4254-881742AE2F7E8005</string><string>8F347BEF-CCE4-476C-A94359940435A1CE</string><string>EB01B463-6729-477D-AB6C1EA15C68A21B</string><string>72B48A51-21A2-49FF-B49005FDEF675D6A</string><string>93A42102-C95F-4FBE-AC61B37A9FC8C04B</string><string>3B1BE210-D147-4686-9CF4B32A7201D04E</string><string>049258F3-0FF4-4F7E-BDA89FFDE0CA2F4C</string><string>5D69F165-14AE-4E2A-AC4AB26C1430CD0B</string><string>76B8235C-B76F-4BF6-9697F52C783BD058</string><string>DE005CB6-E213-4C3C-BE1849636501DD53</string><string>31A8780E-F160-48DE-A7FB073B4335C332</string><string>3A3AF6EA-975C-422E-B6A2244A4EBA9517</string><string>604E7C73-5C66-4891-A1C8A5394B35AE2D</string><string>604E7C73-5C66-4891-A1C8A5394B35AE2D</string><string>604E7C73-5C66-4891-A1C8A5394B35AE2D</string><string>F3AE03CE-3CEE-4614-B003B55BA445A907</string><string>533BCA44-635B-4AE8-9D6D6F4AFE85F6E0</string><string>5F5E31F3-CCC0-472C-B68C09E19F792606</string><string>6FA06105-3F69-4CD1-8D939896D882B438</string><string>C49322BC-8345-4801-A4E8C7A5B5E01003</string><string>C49322BC-8345-4801-A4E8C7A5B5E01003</string><string>C49322BC-8345-4801-A4E8C7A5B5E01003</string><string>C49322BC-8345-4801-A4E8C7A5B5E01003</string><string>BD9AF55F-46CF-46BA-A9F57715BB651F0C</string><string>54A4A15A-3DD6-4793-B0D060E1F20840BD</string><string>974C9ACA-3F72-4ECD-B5373CE2C7899EB1</string><string>63C9AEB8-9867-489A-856C9705EE10359C</string><string>75265ADD-926A-496B-892064751CC1F214</string><string>9298620B-6F97-4044-A6418EC0C68C3C6B</string><string>A7891C1E-EF07-41EE-B1D564FEA072539A</string><string>021DDF87-CF4E-4495-80B5B5026397E4F0</string><string>BB3DB1F0-1797-445B-A9E3605CC7EDAE6E</string><string>1B9FBCCC-9013-4EAC-A1C400FCBA5D241E</string><string>3AE97F44-AD15-48F2-BF108E841D7DAB3C</string></field><field name='Object'><string>site_map</string><string>folder_nav</string><string>sub_nav</string><string>sub_nav</string><string>dragable_feeds</string><string>feed</string><string>multilevel_nav</string><string>form</string><string>collection</string><string>folder_nav</string><string>user_tools</string><string>comments</string><string>archive_nav</string><string>calendar_nav</string><string>tag_cloud</string><string>tag_cloud</string><string>standard_nav</string><string>comments</string><string>category_summary</string><string>archive_nav</string><string>calendar_nav</string><string>category_summary</string><string>tag_cloud</string><string>comments</string><string>seq_nav</string><string>peer_nav</string><string>collection</string><string>feed</string><string>feed</string><string>event_reminder_form</string><string>standard_nav</string><string>user_tools</string><string>collection</string><string>standard_nav</string></field><field name='ContentID'><string>BC8CE928-E47A-4439-A061852D1213D532</string><string>D703EF57-DE5E-4D21-874FA594D48FB41C</string><string>EB01B463-6729-477D-AB6C1EA15C68A21B</string><string>0C1B1CCB-7487-4268-93602727F85EE6CE</string><string>169A2D72-FABE-4939-AA3F75E2D0F5B156</string><string>827AD0D2-8C30-4BCC-89E56D616A07C8E0</string><string>4284FC47-EA5B-42B4-A069EE99E9347B0D</string><string>991E5F73-6ABB-4B87-96810136A7D25C87</string><string>9F968102-C375-49B0-9F41B7C44F21ED90</string><string>DE005CB6-E213-4C3C-BE1849636501DD53</string><string>B7BEE588-B37A-4854-8070BD42357FB352</string><string>604E7C73-5C66-4891-A1C8A5394B35AE2D</string><string>604E7C73-5C66-4891-A1C8A5394B35AE2D</string><string>604E7C73-5C66-4891-A1C8A5394B35AE2D</string><string>604E7C73-5C66-4891-A1C8A5394B35AE2D</string><string>EB3243AA-6A62-42B1-8806757F36330487</string><string>E97077E6-F5DB-4D3A-BB431D16B78E0619</string><string>C49322BC-8345-4801-A4E8C7A5B5E01003</string><string>C49322BC-8345-4801-A4E8C7A5B5E01003</string><string>C49322BC-8345-4801-A4E8C7A5B5E01003</string><string>C49322BC-8345-4801-A4E8C7A5B5E01003</string><string>C49322BC-8345-4801-A4E8C7A5B5E01003</string><string>C49322BC-8345-4801-A4E8C7A5B5E01003</string><string>E5B86450-9F3D-4AE8-84D8AF8D42148F68</string><string>5BA04B1E-AFC5-4D60-B8996B093982F1D2</string><string>7E15F9AD-05EA-433A-9E2F8C55C6048323</string><string>00000000000000000000000000000000001</string><string>00000000000000000000000000000000001</string><string>00000000000000000000000000000000001</string><string>7F14F707-2852-4D72-8B22299DF48B0DAD</string><string>BB9B4DD5-0B43-4FB0-A6692E2B6F9A9F4A</string><string>BB9B4DD5-0B43-4FB0-A6692E2B6F9A9F4A</string><string>3AE97F44-AD15-48F2-BF108E841D7DAB3C</string><string>3AE97F44-AD15-48F2-BF108E841D7DAB3C</string></field><field name='Name'><string>Site Map</string><string>Folder Navigation</string><string>&lt;i class=&quot;mi-align-justify&quot;&gt;&lt;/i&gt; Navigation</string><string>Sub Navigation</string><string>Dragable Feeds</string><string>Upcoming Events - Local Index</string><string>Multi-Level Navigation</string><string>&lt;i class=&quot;mi-toggle-on&quot;&gt;&lt;/i&gt; Form</string><string>&lt;i class=&quot;mi-th-list&quot;&gt;&lt;/i&gt; Collection</string><string>&lt;i class=&quot;mi-align-justify&quot;&gt;&lt;/i&gt; Navigation</string><string>&lt;i class=&quot;mi-cog&quot;&gt;&lt;/i&gt; System</string><string>Comments</string><string>&lt;i class=&quot;mi-align-justify&quot;&gt;&lt;/i&gt; Navigation</string><string>&lt;i class=&quot;mi-align-justify&quot;&gt;&lt;/i&gt; Navigation</string><string>&lt;i class=&quot;mi-align-justify&quot;&gt;&lt;/i&gt; Navigation</string><string>Tag Group</string><string>Standard Navigation</string><string>Comments</string><string>Category Summary</string><string>&lt;i class=&quot;mi-align-justify&quot;&gt;&lt;/i&gt; Navigation</string><string>&lt;i class=&quot;mi-align-justify&quot;&gt;&lt;/i&gt; Navigation</string><string>Navigation</string><string>Navigation</string><string>&lt;i class=&quot;mi-cog&quot;&gt;&lt;/i&gt; System</string><string>Sequential Nav</string><string>Peer Navigation</string><string>&lt;i class=&quot;mi-th-list&quot;&gt;&lt;/i&gt; Collection</string><string>From Our Blog - Local Index</string><string>Mura Blog - Remote Feed</string><string>Event Reminder Form</string><string>Standard Navigation</string><string>User Tools</string><string>Collection</string><string>Navigation</string></field><field name='OrderNo'><number>1.0</number><number>1.0</number><number>1.0</number><number>1.0</number><number>1.0</number><number>1.0</number><number>1.0</number><number>1.0</number><number>1.0</number><number>1.0</number><number>1.0</number><number>1.0</number><number>2.0</number><number>1.0</number><number>3.0</number><number>1.0</number><number>1.0</number><number>1.0</number><number>1.0</number><number>2.0</number><number>1.0</number><number>2.0</number><number>3.0</number><number>1.0</number><number>1.0</number><number>1.0</number><number>1.0</number><number>1.0</number><number>2.0</number><number>1.0</number><number>1.0</number><number>2.0</number><number>1.0</number><number>1.0</number></field><field name='SiteID'><string>default</string><string>default</string><string>default</string><string>default</string><string>default</string><string>default</string><string>default</string><string>default</string><string>default</string><string>default</string><string>default</string><string>default</string><string>default</string><string>default</string><string>default</string><string>default</string><string>default</string><string>default</string><string>default</string><string>default</string><string>default</string><string>default</string><string>default</string><string>default</string><string>default</string><string>default</string><string>default</string><string>default</string><string>default</string><string>default</string><string>default</string><string>default</string><string>default</string><string>default</string></field><field name='ColumnID'><number>2.0</number><number>1.0</number><number>1.0</number><number>1.0</number><number>2.0</number><number>3.0</number><number>1.0</number><number>3.0</number><number>2.0</number><number>1.0</number><number>2.0</number><number>2.0</number><number>3.0</number><number>3.0</number><number>3.0</number><number>2.0</number><number>1.0</number><number>2.0</number><number>3.0</number><number>1.0</number><number>1.0</number><number>3.0</number><number>3.0</number><number>2.0</number><number>2.0</number><number>1.0</number><number>2.0</number><number>3.0</number><number>3.0</number><number>2.0</number><number>1.0</number><number>1.0</number><number>3.0</number><number>1.0</number></field><field name='Params'><string></string><string></string><string>{&quot;object&quot;:&quot;sub_nav&quot;,&quot;objectname&quot;:&quot;&lt;i class=\&quot;mi-align-justify\&quot;&gt;&lt;/i&gt; Navigation&quot;,&quot;inited&quot;:true,&quot;taggroup&quot;:&quot;&quot;,&quot;cssclass&quot;:&quot;&quot;,&quot;class&quot;:&quot;&quot;}</string><string></string><string></string><string>{&quot;imageSize&quot;:&quot;small&quot;,&quot;imageWidth&quot;:&quot;AUTO&quot;,&quot;imageHeight&quot;:&quot;AUTO&quot;,&quot;displayName&quot;:&quot;1&quot;,&quot;altName&quot;:&quot;&quot;,&quot;cssclass&quot;:&quot;&quot;,&quot;viewalllink&quot;:&quot;&quot;,&quot;viewalllabel&quot;:&quot;&quot;,&quot;maxItems&quot;:&quot;3&quot;,&quot;nextN&quot;:&quot;20&quot;,&quot;displayList&quot;:&quot;Date,Title,Image,Summary,Credits,Tags&quot;}</string><string></string><string>{&quot;object&quot;:&quot;form&quot;,&quot;objectname&quot;:&quot;&lt;i class=\&quot;mi-toggle-on\&quot;&gt;&lt;/i&gt; Form&quot;,&quot;inited&quot;:true,&quot;view&quot;:&quot;form&quot;,&quot;render&quot;:&quot;client&quot;,&quot;label&quot;:&quot;Contact Us&quot;,&quot;cssclass&quot;:&quot;&quot;,&quot;class&quot;:&quot;&quot;,&quot;name&quot;:&quot;Information Request&quot;}</string><string>{&quot;object&quot;:&quot;collection&quot;,&quot;objectname&quot;:&quot;&lt;i class=\&quot;mi-th-list\&quot;&gt;&lt;/i&gt; Collection&quot;,&quot;inited&quot;:true,&quot;sourcetype&quot;:&quot;relatedcontent&quot;,&quot;label&quot;:&quot;&quot;,&quot;cssclass&quot;:&quot;&quot;,&quot;class&quot;:&quot;&quot;,&quot;source&quot;:&quot;00000000000000000000000000000000000&quot;,&quot;layout&quot;:&quot;default&quot;,&quot;imagesize&quot;:&quot;small&quot;,&quot;imageheight&quot;:&quot;AUTO&quot;,&quot;imagewidth&quot;:&quot;AUTO&quot;,&quot;displaylist&quot;:&quot;Date,Title,Summary,Credits,Tags&quot;,&quot;modalimages&quot;:false,&quot;viewalllink&quot;:&quot;&quot;,&quot;viewalllabel&quot;:&quot;&quot;,&quot;maxitems&quot;:4,&quot;nextn&quot;:20}</string><string>{&quot;object&quot;:&quot;folder_nav&quot;,&quot;objectname&quot;:&quot;&lt;i class=\&quot;mi-align-justify\&quot;&gt;&lt;/i&gt; Navigation&quot;,&quot;inited&quot;:true,&quot;taggroup&quot;:&quot;&quot;,&quot;cssclass&quot;:&quot;&quot;,&quot;class&quot;:&quot;&quot;}</string><string>{&quot;object&quot;:&quot;user_tools&quot;,&quot;objectname&quot;:&quot;&lt;i class=\&quot;mi-cog\&quot;&gt;&lt;/i&gt; System&quot;,&quot;inited&quot;:true,&quot;cssclass&quot;:&quot;&quot;,&quot;class&quot;:&quot;&quot;}</string><string>{&quot;object&quot;:&quot;comments&quot;,&quot;render&quot;:&quot;server&quot;,&quot;css&quot;:&quot;&quot;,&quot;inited&quot;:true,&quot;objectname&quot;:&quot;Comments&quot;,&quot;objecticonclass&quot;:&quot;mi-cog&quot;}</string><string>{&quot;object&quot;:&quot;archive_nav&quot;,&quot;render&quot;:&quot;server&quot;,&quot;objecticonclass&quot;:&quot;mi-cog&quot;,&quot;objectname&quot;:&quot;&lt;i class=\&quot;mi-align-justify\&quot;&gt;&lt;/i&gt; Navigation&quot;}</string><string>{&quot;object&quot;:&quot;calendar_nav&quot;,&quot;render&quot;:&quot;server&quot;,&quot;objectname&quot;:&quot;&lt;i class=\&quot;mi-align-justify\&quot;&gt;&lt;/i&gt; Navigation&quot;,&quot;objecticonclass&quot;:&quot;mi-cog&quot;}</string><string>{&quot;object&quot;:&quot;tag_cloud&quot;,&quot;objectname&quot;:&quot;&lt;i class=\&quot;mi-align-justify\&quot;&gt;&lt;/i&gt; Navigation&quot;,&quot;inited&quot;:true,&quot;taggroup&quot;:&quot;&quot;,&quot;css&quot;:&quot;&quot;,&quot;objecticonclass&quot;:&quot;mi-cog&quot;}</string><string>{&quot;taggroup&quot;:&quot;&quot;}</string><string></string><string>{&quot;object&quot;:&quot;comments&quot;,&quot;objectname&quot;:&quot;Comments&quot;,&quot;inited&quot;:true,&quot;css&quot;:&quot;&quot;,&quot;render&quot;:&quot;server&quot;,&quot;objecticonclass&quot;:&quot;mi-cog&quot;}</string><string>{&quot;object&quot;:&quot;category_summary&quot;,&quot;objectname&quot;:&quot;Category Summary&quot;,&quot;inited&quot;:true,&quot;taggroup&quot;:&quot;&quot;,&quot;css&quot;:&quot;&quot;,&quot;render&quot;:&quot;server&quot;,&quot;displayrss&quot;:false,&quot;objecticonclass&quot;:&quot;mi-cog&quot;}</string><string>{&quot;object&quot;:&quot;archive_nav&quot;,&quot;render&quot;:&quot;server&quot;,&quot;objecticonclass&quot;:&quot;mi-cog&quot;,&quot;objectname&quot;:&quot;&lt;i class=\&quot;mi-align-justify\&quot;&gt;&lt;/i&gt; Navigation&quot;}</string><string>{&quot;object&quot;:&quot;calendar_nav&quot;,&quot;render&quot;:&quot;server&quot;,&quot;objectname&quot;:&quot;&lt;i class=\&quot;mi-align-justify\&quot;&gt;&lt;/i&gt; Navigation&quot;,&quot;objecticonclass&quot;:&quot;mi-cog&quot;}</string><string>{&quot;object&quot;:&quot;category_summary&quot;,&quot;objectname&quot;:&quot;Navigation&quot;,&quot;objecticonclass&quot;:&quot;mi-align-justify&quot;,&quot;inited&quot;:true,&quot;taggroup&quot;:&quot;&quot;,&quot;cssclass&quot;:&quot;&quot;,&quot;class&quot;:&quot;&quot;}</string><string>{&quot;object&quot;:&quot;tag_cloud&quot;,&quot;objectname&quot;:&quot;Navigation&quot;,&quot;objecticonclass&quot;:&quot;mi-align-justify&quot;,&quot;inited&quot;:true,&quot;taggroup&quot;:&quot;News&quot;,&quot;cssclass&quot;:&quot;&quot;,&quot;class&quot;:&quot;&quot;}</string><string>{&quot;object&quot;:&quot;comments&quot;,&quot;objectname&quot;:&quot;&lt;i class=\&quot;mi-cog\&quot;&gt;&lt;/i&gt; System&quot;,&quot;inited&quot;:true,&quot;cssclass&quot;:&quot;&quot;,&quot;class&quot;:&quot;&quot;}</string><string></string><string></string><string>{&quot;object&quot;:&quot;collection&quot;,&quot;objectname&quot;:&quot;&lt;i class=\&quot;mi-th-list\&quot;&gt;&lt;/i&gt; Collection&quot;,&quot;inited&quot;:true,&quot;sourcetype&quot;:&quot;localindex&quot;,&quot;label&quot;:&quot;From Our Blog&quot;,&quot;css&quot;:&quot;&quot;,&quot;&quot;:&quot;&quot;,&quot;source&quot;:&quot;75265ADD-926A-496B-892064751CC1F214&quot;,&quot;layout&quot;:&quot;grid&quot;,&quot;imagesize&quot;:&quot;carouselimage&quot;,&quot;imageheight&quot;:&quot;AUTO&quot;,&quot;imagewidth&quot;:&quot;AUTO&quot;,&quot;displaylist&quot;:&quot;Image,Date,Title,Summary,Credits&quot;,&quot;modalimages&quot;:false,&quot;maxitems&quot;:3,&quot;nextn&quot;:20,&quot;gridstyle&quot;:&quot;mura-grid-three&quot;,&quot;render&quot;:&quot;server&quot;,&quot;items&quot;:&quot;&quot;,&quot;viewalllink&quot;:&quot;&quot;,&quot;viewalllabel&quot;:&quot;&quot;,&quot;sourceid&quot;:&quot;75265ADD-926A-496B-892064751CC1F214&quot;,&quot;cssclass&quot;:&quot;home-news&quot;,&quot;class&quot;:&quot;home-news&quot;}</string><string>{&quot;imageSize&quot;:&quot;small&quot;,&quot;imageWidth&quot;:&quot;AUTO&quot;,&quot;imageHeight&quot;:&quot;AUTO&quot;,&quot;displayName&quot;:&quot;1&quot;,&quot;altName&quot;:&quot;From Our Blog&quot;,&quot;cssclass&quot;:&quot;&quot;,&quot;viewalllink&quot;:&quot;&quot;,&quot;viewalllabel&quot;:&quot;&quot;,&quot;maxItems&quot;:&quot;1&quot;,&quot;nextN&quot;:&quot;20&quot;,&quot;displayList&quot;:&quot;Date,Title,Summary,Credits&quot;}</string><string>{&quot;displaySummaries&quot;:&quot;0&quot;,&quot;viewalllink&quot;:&quot;&quot;,&quot;viewalllabel&quot;:&quot;&quot;}</string><string></string><string></string><string></string><string>{&quot;object&quot;:&quot;collection&quot;,&quot;objectname&quot;:&quot;Collection&quot;,&quot;inited&quot;:true,&quot;sourcetype&quot;:&quot;remotefeed&quot;,&quot;label&quot;:&quot;&quot;,&quot;css&quot;:&quot;&quot;,&quot;source&quot;:&quot;9298620B-6F97-4044-A6418EC0C68C3C6B&quot;,&quot;layout&quot;:&quot;default&quot;,&quot;imagesize&quot;:&quot;small&quot;,&quot;imageheight&quot;:&quot;AUTO&quot;,&quot;imagewidth&quot;:&quot;AUTO&quot;,&quot;displaylist&quot;:&quot;Image,Date,Title,Summary,Credits,Tags&quot;,&quot;modalimages&quot;:false,&quot;viewalllink&quot;:&quot;&quot;,&quot;viewalllabel&quot;:&quot;&quot;,&quot;maxitems&quot;:2,&quot;nextn&quot;:20,&quot;displaysummaries&quot;:1,&quot;render&quot;:&quot;server&quot;,&quot;items&quot;:&quot;&quot;,&quot;sortby&quot;:&quot;&quot;,&quot;objecticonclass&quot;:&quot;mi-th-list&quot;}</string><string>{&quot;object&quot;:&quot;standard_nav&quot;,&quot;objectname&quot;:&quot;Navigation&quot;,&quot;objecticonclass&quot;:&quot;mi-align-justify&quot;,&quot;inited&quot;:true,&quot;taggroup&quot;:&quot;&quot;,&quot;cssclass&quot;:&quot;&quot;,&quot;class&quot;:&quot;&quot;}</string></field></recordset></data></wddxPacket>
