<wddxPacket version='1.0'><header/><data><recordset rowCount='10' fieldNames='budgetid,securitysubtotal,securitydays,securitydesc,securityid,securityrate,securityqty' type='coldfusion.sql.QueryTable'><field name='budgetid'><string>7AD89586-9FF8-4311-9820DE47B8CB35C2</string><string>89D3D1DD-7D74-44A9-8C0073FA8A8EC8C0</string><string>AD0AAB8F-C253-4EF7-A2F894FD74C3A2CC</string><string>7F6081BB-18E7-4F1B-A8AF40C1104DD985</string><string>4B7C134C-7969-4FCA-BD9CC817A7AFB3DE</string><string>099F0317-7AFC-4E6E-BEE1B7ED612C942A</string><string>B38A3052-CDBE-4AE1-9DF156EF18074E50</string><string>4E877929-CF74-4BB1-BAF772EC71BBD989</string><string>1DAECAE3-EC6E-4147-9D592F8F474E005B</string><string>F9373077-BCC7-403E-BA20D580F5C990B2</string></field><field name='securitysubtotal'><number>0.0</number><number>0.0</number><number>0.0</number><number>0.0</number><number>0.0</number><number>0.0</number><number>0.0</number><number>0.0</number><number>0.0</number><number>0.0</number></field><field name='securitydays'><number>0.0</number><number>0.0</number><number>0.0</number><number>0.0</number><number>0.0</number><number>0.0</number><number>0.0</number><number>0.0</number><number>0.0</number><number>0.0</number></field><field name='securitydesc'><string></string><string></string><string></string><string></string><string></string><string></string><string></string><string></string><string></string><string></string></field><field name='securityid'><string>1C2CCD16-2626-46B0-B22351A6A6B82079</string><string>2B56DB62-DE45-44E0-87585647DEEC4E75</string><string>2D636D3E-0A81-4EDD-8A4939F91F83BACE</string><string>42FD5CAE-B659-4F8F-87D0E637670514E5</string><string>842E57F1-D00B-427D-B7F873386BB67808</string><string>910E5A38-6049-47F0-A6E5DD626C3D810B</string><string>9DA63B55-3302-4962-B527BA66E505577D</string><string>B87A2F7D-2256-4E4F-A0486C84644B6061</string><string>CBAD35CA-693F-47A0-BACD8C52A858E2D5</string><string>D577AF1F-1634-4534-80EFA35CCE41A9BE</string></field><field name='securityrate'><number>0.0</number><number>0.0</number><number>0.0</number><number>0.0</number><number>0.0</number><number>0.0</number><number>0.0</number><number>0.0</number><number>0.0</number><number>0.0</number></field><field name='securityqty'><number>0.0</number><number>0.0</number><number>0.0</number><number>0.0</number><number>0.0</number><number>0.0</number><number>0.0</number><number>0.0</number><number>0.0</number><number>0.0</number></field></recordset></data></wddxPacket>
