<wddxPacket version='1.0'><header/><data><recordset rowCount='10' fieldNames='giveawaysubtotal,budgetid,giveawayid,giveawaydesc,giveawayrate,giveawayqty' type='coldfusion.sql.QueryTable'><field name='giveawaysubtotal'><number>0.0</number><number>0.0</number><number>0.0</number><number>0.0</number><number>0.0</number><number>0.0</number><number>0.0</number><number>0.0</number><number>0.0</number><number>0.0</number></field><field name='budgetid'><string>099F0317-7AFC-4E6E-BEE1B7ED612C942A</string><string>7F6081BB-18E7-4F1B-A8AF40C1104DD985</string><string>7AD89586-9FF8-4311-9820DE47B8CB35C2</string><string>4B7C134C-7969-4FCA-BD9CC817A7AFB3DE</string><string>1DAECAE3-EC6E-4147-9D592F8F474E005B</string><string>89D3D1DD-7D74-44A9-8C0073FA8A8EC8C0</string><string>B38A3052-CDBE-4AE1-9DF156EF18074E50</string><string>F9373077-BCC7-403E-BA20D580F5C990B2</string><string>4E877929-CF74-4BB1-BAF772EC71BBD989</string><string>AD0AAB8F-C253-4EF7-A2F894FD74C3A2CC</string></field><field name='giveawayid'><string>09CF6A45-6E26-42F4-ADFD312CCD7EF70A</string><string>34B9F1FF-B287-419A-87CC28992A54A3AE</string><string>34E56A78-C33E-4856-A2A71F82101C935E</string><string>597D971C-6BDD-47C5-951CFF24508FB340</string><string>84A35E23-8350-4B37-902935E9822E98EC</string><string>967E16C8-C072-4549-8F8358B8ED8ADFED</string><string>9E06447B-1A97-4EEC-BDA8AE341D07C538</string><string>B1609910-0757-4E19-844540A305B34E56</string><string>B4CF6B5B-0B44-4A63-A5147D3BC408B971</string><string>BAF8B197-CD2D-4383-9D06EFE4FDF31025</string></field><field name='giveawaydesc'><string></string><string></string><string></string><string></string><string></string><string></string><string></string><string></string><string></string><string></string></field><field name='giveawayrate'><number>0.0</number><number>0.0</number><number>0.0</number><number>0.0</number><number>0.0</number><number>0.0</number><number>0.0</number><number>0.0</number><number>0.0</number><number>0.0</number></field><field name='giveawayqty'><number>0.0</number><number>0.0</number><number>0.0</number><number>0.0</number><number>0.0</number><number>0.0</number><number>0.0</number><number>0.0</number><number>0.0</number><number>0.0</number></field></recordset></data></wddxPacket>
