<wddxPacket version='1.0'><header/><data><recordset rowCount='40' fieldNames='CONTENTHISTID,OBJECTID,OBJECT,CONTENTID,NAME,ORDERNO,SITEID,COLUMNID,PARAMS' type='coldfusion.sql.QueryTable'><field name='CONTENTHISTID'><string>07813B84-FE0C-4B31-B6A1CB38ECB08078</string><string>07813B84-FE0C-4B31-B6A1CB38ECB08078</string><string>07813B84-FE0C-4B31-B6A1CB38ECB08078</string><string>07813B84-FE0C-4B31-B6A1CB38ECB08078</string><string>07813B84-FE0C-4B31-B6A1CB38ECB08078</string><string>23820492-D47F-B6B4-5F213C5359E5DDC2</string><string>23820492-D47F-B6B4-5F213C5359E5DDC2</string><string>23820492-D47F-B6B4-5F213C5359E5DDC2</string><string>23820492-D47F-B6B4-5F213C5359E5DDC2</string><string>3AB34090-2DFF-4AF7-A279610D12F90653</string><string>3AB34090-2DFF-4AF7-A279610D12F90653</string><string>3DBB09FA-0598-FC09-1BEB98704A5A18B8</string><string>3DBB09FA-0598-FC09-1BEB98704A5A18B8</string><string>595C72B9-B598-4BD1-8F4B0EA819808C09</string><string>5C9E3B7F-1825-4F33-B813DA8ADA6E4BE9</string><string>773237C4-F01E-4EDE-8D0CF5E8EE16E760</string><string>89808A73-B35B-4007-B4FAE573B29CCADF</string><string>9A733F50-CAE6-018A-85D5C477776912CD</string><string>9C3B4CC9-ABB5-A0A3-733C7E1FBDA1D9A2</string><string>9C43922C-FB81-9CB2-3F8F554CD8C2BE5A</string><string>9CA68F31-A5AF-74D8-6CC8E02B81C0F458</string><string>9CAB922A-D4F3-8BDE-2A1BE285318AD1C5</string><string>9CBA7DA4-FAC5-0F24-B812F5D5C0EEE74A</string><string>9CF9C37D-930A-003D-1E52D67CA04A71C3</string><string>9CFE77A1-07F2-B192-78D6A9F04FC59C56</string><string>9D1C9998-AA10-D38D-A1F2E4B1D893FE5D</string><string>A4701A26-B4D5-E017-D459679F3F9B1991</string><string>A569A209-E0CB-D5DE-96B055B1AEAB7E8D</string><string>A72F0CEF-BB8A-C36C-157517137D8FDF76</string><string>A72F0CEF-BB8A-C36C-157517137D8FDF76</string><string>A7D74D08-B0FA-EF42-0B67E21F8257F516</string><string>C8745CB8-9DE5-9E9D-CA6ACE5F089018D4</string><string>C87FEB58-AA2B-5D6F-69C2194BCB9D02C9</string><string>C887B41C-AA17-6C95-0474F70C9573F058</string><string>C8910960-01DE-E2E3-2B0448DA929A6427</string><string>C8A6764B-D45B-DC9C-F9898CE2624A2243</string><string>C8AEC9DD-B777-8049-A949E44CFD23737D</string><string>C8D53677-C571-9BE4-E45ACA2EE140A07B</string><string>D297550C-4BE6-4E01-AC31D5A991636191</string><string>D297550C-4BE6-4E01-AC31D5A991636191</string></field><field name='OBJECTID'><string>294A1942-1AC4-4BF3-A84CC3A87BC8CCB3</string><string>C013C972-ECED-4BB4-B667BECC400FFF11</string><string>EE8B9F35-8546-465E-8E07421E5B8772BB</string><string>EE8B9F35-8546-465E-8E07421E5B8772BB</string><string>EE8B9F35-8546-465E-8E07421E5B8772BB</string><string>335348FE-F176-488D-982BA46C1A81BCD0</string><string>335348FE-F176-488D-982BA46C1A81BCD0</string><string>A931A7BE-C8ED-4014-BE924ACAB75888BC</string><string>C013C972-ECED-4BB4-B667BECC400FFF11</string><string>024C72EF-F765-4909-BF330FBDB184B62C</string><string>F0EB65DD-A929-4D87-A5D88B17A96F4FA8</string><string>0D7C67D7-3664-4F48-8D920CCC95DD88E6</string><string>39CDFB58-0522-4F3F-939BB50E65907295</string><string>05142EB0-40B5-4E66-BA4BB458402A93AE</string><string>BF42588D-3414-4FA2-84B018C57771FCEE</string><string>A1CC5418-6618-428E-BA57B25D312787B7</string><string>0D7C67D7-3664-4F48-8D920CCC95DD88E6</string><string>99E1CB0B-E0EE-D419-E08F487FADF11C83</string><string>none</string><string>9C42A33D-E438-4502-D4EE4A55F0A1D37C</string><string>9BCFAE3B-A536-E912-6BB0821048D1096F</string><string>9C4C5A8D-B595-69AD-3FC81221FC8C048A</string><string>9C761BA5-B9FE-1226-29ADC763330F6B8B</string><string>9CDC05C9-00DC-1DA8-0A9FEA179AE70B34</string><string>9CFDD0D1-E37F-10F4-74E9BD658FACA1BB</string><string>9D18EF92-A2BE-632C-61B7840A940F9C66</string><string>9D3A0461-E409-25C6-253C4B2CAC70892E</string><string>A568C9EB-DA0B-45AA-E042924B694ABEFA</string><string>0497B26E-B2A3-4963-B6E4C85099AC4EB2</string><string>2ED70A23-E1EA-4613-B08B5A481C14599E</string><string>DBF5E967-A1D3-4B0B-AB4E2336EDEB3E46</string><string>C86EC8A7-ABE7-12C9-53707D077C7D03A1</string><string>C87F0FB7-D388-5421-60409FF5B1A40937</string><string>C88606CD-AD94-2DC2-524ED972CD257A44</string><string>C88C0482-EBB6-7BBD-E4A63DD0298C3419</string><string>C894E132-03B4-C29C-141F2F5F04E5CABA</string><string>C8ACB559-9DFB-89C0-8938FD9AC99DD01F</string><string>C8D2F652-D880-2141-992F730576C8693D</string><string>CFB17F5C-083E-492C-A02E000CE9CA9201</string><string>DF5CF846-5A50-480D-A2D4AB2D87BBB3D9</string></field><field name='OBJECT'><string>rater</string><string>comments</string><string>archive_nav</string><string>calendar_nav</string><string>category_summary</string><string>archive_nav</string><string>calendar_nav</string><string>tag_cloud</string><string>comments</string><string>user_tools</string><string>standard_nav</string><string>feed</string><string>feed</string><string>site_map</string><string>site_map</string><string>dragable_feeds</string><string>feed</string><string>folder_nav</string><string>mailing_list_master</string><string>standard_nav</string><string>peer_nav</string><string>sub_nav</string><string>standard_nav</string><string>seq_nav</string><string>multilevel_nav</string><string>comments</string><string>event_reminder_form</string><string>dragable_feeds</string><string>standard_nav</string><string>feed</string><string>mailing_list</string><string>user_tools</string><string>standard_nav</string><string>favorites</string><string>site_map</string><string>related_content</string><string>rater</string><string>tag_cloud</string><string>Component</string><string>form</string></field><field name='CONTENTID'><string>EE8B9F35-8546-465E-8E07421E5B8772BB</string><string>EE8B9F35-8546-465E-8E07421E5B8772BB</string><string>EE8B9F35-8546-465E-8E07421E5B8772BB</string><string>EE8B9F35-8546-465E-8E07421E5B8772BB</string><string>EE8B9F35-8546-465E-8E07421E5B8772BB</string><string>335348FE-F176-488D-982BA46C1A81BCD0</string><string>335348FE-F176-488D-982BA46C1A81BCD0</string><string>335348FE-F176-488D-982BA46C1A81BCD0</string><string>335348FE-F176-488D-982BA46C1A81BCD0</string><string>77914652-330C-4612-8B254F6DA2C65DEC</string><string>77914652-330C-4612-8B254F6DA2C65DEC</string><string>00000000000000000000000000000000001</string><string>00000000000000000000000000000000001</string><string>E818E8A6-67CF-40D7-BB151122EF73DBA7</string><string>FBEBBA57-B600-4DF8-881B50717B230EA3</string><string>C1C196A0-5E13-4CFB-888AD8951AC35E75</string><string>2C511F3E-9340-4267-B6F1C6E19D375664</string><string>99E0F3EC-D447-D03E-551B52FB01299E12</string><string>99C0A12A-E526-8E6B-83239A1B20022DCD</string><string>99D7E53E-D5BF-B7FE-083FBF18BBFD5B38</string><string>9BCE8AEE-984E-5F34-BD82D71BDF30C7E5</string><string>9C4B29D3-FFB6-D424-F2D29779C1327529</string><string>9C7485B3-F661-FD90-6E866ABF1C4C64CC</string><string>9C6CC879-93B8-E9D4-5E6BF13E7450A1ED</string><string>9A96FBDF-ED75-AB95-5FC849573919ABAB</string><string>9D18287B-B842-17E5-4C8EC46504277EC3</string><string>9D30CB17-9E95-4851-3874EEBD4800A32B</string><string>9D20056A-BD11-F5BC-D7A785E78377215B</string><string>7577E7A4-9830-4FF6-BDFF4C10C8043169</string><string>7577E7A4-9830-4FF6-BDFF4C10C8043169</string><string>A7CF19A4-BB83-FB4A-0E5971A18D931970</string><string>C86E0A06-DE05-AE17-ECF12E265054C4CB</string><string>99A190C5-0355-395A-CBCE6EDD3BC84BDB</string><string>C8856A4E-BAB1-DB5F-06EB69A2735D990C</string><string>C88AAC6D-9E9B-3AE4-F76C0F7D22CE8E3F</string><string>C8944EBC-F174-C9BB-0CE5B1401A56690F</string><string>C8AC245D-BDBB-0C25-A00F7A070F18FD8D</string><string>C8CEE02E-ABF3-913A-44C34F1F9E0BCF91</string><string>AC0F70EC-F5F7-498D-AA4FA2958CC2DDA1</string><string>AC0F70EC-F5F7-498D-AA4FA2958CC2DDA1</string></field><field name='NAME'><string>Content Rater</string><string>Accept Comments</string><string>Home &gt; News  - Archive Navigation</string><string>Home &gt; News  - Calendar Navigation</string><string>News - Category Summary</string><string>Home &gt; Blog  - Archive Navigation</string><string>Home &gt; Blog  - Calendar Navigation</string><string>Tag Cloud</string><string>Accept Comments</string><string>User Tools</string><string>Standard Navigation</string><string>Upcoming Events - Local Index</string><string>From Our Blog - Local Index</string><string>Site Map</string><string>Site Map</string><string>Dragable Feeds</string><string>Upcoming Events - Local Index</string><string>Folder Navigation</string><string>Master Mailing List Sign Up Form</string><string>Standard Navigation</string><string>Peer Navigation</string><string>Sub Navigation</string><string>Standard Navigation</string><string>Sequential Nav</string><string>Multi-Level Navigation</string><string>Accept Comments</string><string>Event Reminder Form</string><string>Dragable Feeds</string><string>Standard Navigation</string><string>Mura Blog - Remote Feed</string><string>Mailing List - Sign Up for Our Mailing List</string><string>User Tools</string><string>Standard Navigation</string><string>User Favorites</string><string>Site Map</string><string>Related Content</string><string>Content Rater</string><string>Tag Group</string><string>Component - Contact Details</string><string>Data Collector - Information Request Form</string></field><field name='ORDERNO'><number>1.0</number><number>1.0</number><number>2.0</number><number>1.0</number><number>3.0</number><number>1.0</number><number>1.0</number><number>2.0</number><number>1.0</number><number>2.0</number><number>1.0</number><number>2.0</number><number>1.0</number><number>1.0</number><number>1.0</number><number>1.0</number><number>1.0</number><number>1.0</number><number>1.0</number><number>1.0</number><number>1.0</number><number>1.0</number><number>1.0</number><number>1.0</number><number>1.0</number><number>1.0</number><number>1.0</number><number>1.0</number><number>1.0</number><number>1.0</number><number>1.0</number><number>1.0</number><number>1.0</number><number>1.0</number><number>1.0</number><number>1.0</number><number>1.0</number><number>1.0</number><number>1.0</number><number>1.0</number></field><field name='SITEID'><string>default</string><string>default</string><string>default</string><string>default</string><string>default</string><string>default</string><string>default</string><string>default</string><string>default</string><string>default</string><string>default</string><string>default</string><string>default</string><string>default</string><string>default</string><string>default</string><string>default</string><string>default</string><string>default</string><string>default</string><string>default</string><string>default</string><string>default</string><string>default</string><string>default</string><string>default</string><string>default</string><string>default</string><string>default</string><string>default</string><string>default</string><string>default</string><string>default</string><string>default</string><string>default</string><string>default</string><string>default</string><string>default</string><string>default</string><string>default</string></field><field name='COLUMNID'><number>3.0</number><number>2.0</number><number>3.0</number><number>1.0</number><number>3.0</number><number>3.0</number><number>1.0</number><number>3.0</number><number>2.0</number><number>1.0</number><number>1.0</number><number>3.0</number><number>3.0</number><number>2.0</number><number>2.0</number><number>2.0</number><number>3.0</number><number>1.0</number><number>2.0</number><number>1.0</number><number>1.0</number><number>1.0</number><number>1.0</number><number>2.0</number><number>1.0</number><number>2.0</number><number>2.0</number><number>2.0</number><number>1.0</number><number>3.0</number><number>2.0</number><number>2.0</number><number>1.0</number><number>2.0</number><number>2.0</number><number>2.0</number><number>2.0</number><number>2.0</number><number>3.0</number><number>2.0</number></field><field name='PARAMS'><null/><null/><null/><null/><string>{"displayRSS":"0"}</string><null/><null/><null/><null/><null/><null/><string>{"imageSize":"small","imageWidth":"AUTO","imageHeight":"AUTO","displayName":"1","altName":"","cssclass":"","viewalllink":"","viewalllabel":"","maxItems":"3","nextN":"20","displayList":"Date,Title,Summary"}</string><string>{"imageSize":"small","imageWidth":"AUTO","imageHeight":"AUTO","displayName":"1","altName":"","cssclass":"","viewalllink":"","viewalllabel":"","maxItems":"1","nextN":"1","displayList":"Title,Date,Summary,Credits"}</string><null/><null/><null/><string>{"imageSize":"small","imageWidth":"AUTO","imageHeight":"AUTO","displayName":"1","altName":"","cssclass":"","viewalllink":"","viewalllabel":"","maxItems":"3","nextN":"20","displayList":"Date,Title,Image,Summary,Credits,Tags"}</string><null/><null/><null/><null/><null/><null/><null/><null/><null/><null/><null/><null/><string>{"displaySummaries":"0","viewalllink":"","viewalllabel":""}</string><null/><null/><null/><null/><null/><string>{"relatedContentSetName":"","imageWidth":"AUTO","imageHeight":"AUTO","displayList":"Title"}</string><null/><string>{"taggroup":""}</string><null/><null/></field></recordset></data></wddxPacket>
