<wddxPacket version='1.0'><header/><data><recordset rowCount='13' fieldNames='SITEID,CONTENTID,FILENAME,ARCHIVEID' type='coldfusion.sql.QueryTable'><field name='SITEID'><string>default</string><string>default</string><string>default</string><string>default</string><string>default</string><string>default</string><string>default</string><string>default</string><string>default</string><string>default</string><string>default</string><string>default</string><string>default</string></field><field name='CONTENTID'><string>335348FE-F176-488D-982BA46C1A81BCD0</string><string>E01B8BC0-EBB5-4804-AE27FD21522EFA88</string><string>00000000000000000000000000000000001</string><string>00000000000000000000000000000000001</string><string>6522E798-F6D5-6829-AC470484836F6153</string><string>652E72FC-D719-704C-BFB49F5593354E9D</string><string>6536AFC3-D67F-4DB1-47617D9882F48320</string><string>654290C9-A5E7-31FC-5ABCC22B01E4C710</string><string>654D6FA7-CAB4-8256-0664E37631891446</string><string>6556AB67-C2F2-5EF2-1B7240FFA48E6656</string><string>B0CB64E1-2960-4C17-88EFA15C951E865C</string><string>D93BD5A0-750D-4296-A94008C8F4506978</string><string>724440D0-06C8-1C60-E8DB4B6E283A076A</string></field><field name='FILENAME'><string>blog</string><string>news/air-show-draws-record-crowds</string><null/><null/><string>events/new-years-day</string><string>events/first-day-of-spring</string><string>events/first-day-of-summer</string><string>events/first-day-of-fall</string><string>events/first-day-of-winter</string><string>events/first-day-of-winter1</string><string>about/photo-gallery</string><string>blog/how-to-score-great-seats-to-a-ball-game</string><string>temp</string></field><field name='ARCHIVEID'><string>23820BEA-FE24-BDD1-612A24CFC8974A77</string><string>3AA207AE-BC38-EB75-E5D42A216B652A76</string><string>3DB8E86B-9476-AEAB-0AB4374259583CD8</string><string>3DBB129D-C2F7-7BD8-3D289539A99377FB</string><string>6525DE20-B511-D695-B67B504D1F4BBA09</string><string>6534B792-051B-6450-7649ACE148D838E4</string><string>653CF7DC-FD25-7ED9-06BA26B8E00C2E7D</string><string>6549153F-0821-6A8F-848FA30C39F452CB</string><string>6552C960-FBAB-F9F3-773EB36EDFD45C4A</string><string>655B5909-9C29-7D2F-4BC9670AEE225822</string><string>65DD2A49-0B2B-D4F0-71E36DC4451354A4</string><string>69393CC3-0756-D043-F2C0EDBAEDBE571B</string><string>72466835-EE91-9101-8ABDF7CFF99B07BE</string></field></recordset></data></wddxPacket>
