<wddxPacket version='1.0'><header/><data><recordset rowCount='12' fieldNames='FILEID,CONTENTID,SITEID,MODULEID,FILENAME,IMAGE,IMAGESMALL,IMAGEMEDIUM,FILESIZE,CONTENTTYPE,CONTENTSUBTYPE,FILEEXT,CREATED,DELETED,CREDITS,CAPTION,ALTTEXT,REMOTEPUBDATE,REMOTEURL,REMOTEID,REMOTESOURCE,REMOTESOURCEURL' type='coldfusion.sql.QueryTable'><field name='FILEID'><string>0DA55514-BE03-4A9A-9FE2E7D2906BE1F4</string><string>5238668C-E4BB-4B94-BD96AA33B21349D5</string><string>8FDBD413-FE74-4F61-9A248AB3F2530612</string><string>92178E29-4B7F-42B9-B61DE67C0C4C8F6C</string><string>966EB362-1074-4FC0-9911086CE037C22F</string><string>A5A5E3DF-6DFE-43EF-9DAE2CB510C87F05</string><string>AC3BDAC5-218A-4164-884EBA2EF38AB9EA</string><string>B0FC2228-4380-4A33-B1677EE36C46D249</string><string>B2DD04E4-7CD3-4B56-8CBC0F53F31084F5</string><string>B41D8FE6-5792-4DAF-91228EE691F5FDAA</string><string>B85D46F7-8B57-43A8-A0B82358D7622CB9</string><string>B97BD3D3-64B6-4617-96CE2CBB365D77CF</string></field><field name='CONTENTID'><string>EA1483BB-9260-4713-A6798C29C5F967C6</string><string>93946E29-DF36-4D11-AE8D0EC7E31ED1AB</string><string>E36EA4A7-3AA9-4928-86139B28343B9EF6</string><string>B0CED32A-E573-4C43-9FA2126237372CC6</string><string>7F8FA4FA-9B8F-4491-92CFABC72B4A2EC6</string><string>8C1BD906-68DB-4CFA-89CE32D69A61ADB0</string><string>30C94AB0-6C12-4B84-AE8814780E699D37</string><string>823871EC-E56B-46E2-9A8FEA34BDEBE586</string><string>E01B8BC0-EBB5-4804-AE27FD21522EFA88</string><string>F3E9219B-35BA-4D43-B2747AFFE106FE35</string><string>D93BD5A0-750D-4296-A94008C8F4506978</string><string>177D13C8-8FCB-4CC2-8B3143113C5B2223</string></field><field name='SITEID'><string>default</string><string>default</string><string>default</string><string>default</string><string>default</string><string>default</string><string>default</string><string>default</string><string>default</string><string>default</string><string>default</string><string>default</string></field><field name='MODULEID'><string>00000000000000000000000000000000000</string><string>00000000000000000000000000000000000</string><string>00000000000000000000000000000000000</string><string>00000000000000000000000000000000000</string><string>00000000000000000000000000000000000</string><string>00000000000000000000000000000000000</string><string>00000000000000000000000000000000000</string><string>00000000000000000000000000000000000</string><string>00000000000000000000000000000000000</string><string>00000000000000000000000000000000000</string><string>00000000000000000000000000000000000</string><string>00000000000000000000000000000000000</string></field><field name='FILENAME'><string>sample-annual-report.pdf</string><string>5F93A4B4-7E64-440F-9604D2BAF365864B_source.jpg</string><string>62A8772C-9CE4-4128-84F5CB790A079761_source.jpg</string><string>61DFDEB1-45D8-4645-938727BD03E382B0_source.jpg</string><string>3FD8FA3B-57C5-4202-B9F03C776E8DD778_source.jpg</string><string>30BA5898-1490-4C2E-99A7634A7A9DCDC2_source.jpg</string><string>703E9D29-C979-4416-9E31D111AD5FED93_source.jpg</string><string>955A12E0-9E5E-48BA-922600A519E7A314_source.jpg</string><string>28A5C6D3-A318-4A18-B80ED3277FD0439E_source.jpg</string><string>C97D5C19-7965-49DC-AA47DEF85C7BDF07_source.jpg</string><string>6FE5203B-DAB0-41B5-BE1E8E6E9F7ED965_source.jpeg</string><string>A311A76D-F2D9-463D-A26655599CF16982_source.jpg</string></field><field name='IMAGE'><null/><null/><null/><null/><null/><null/><null/><null/><null/><null/><null/><null/></field><field name='IMAGESMALL'><null/><null/><null/><null/><null/><null/><null/><null/><null/><null/><null/><null/></field><field name='IMAGEMEDIUM'><null/><null/><null/><null/><null/><null/><null/><null/><null/><null/><null/><null/></field><field name='FILESIZE'><number>20318.0</number><number>4597525.0</number><number>4090658.0</number><number>4245010.0</number><number>456354.0</number><number>3791376.0</number><number>618361.0</number><number>1071255.0</number><number>777056.0</number><number>506108.0</number><number>3604232.0</number><number>473493.0</number></field><field name='CONTENTTYPE'><string>application</string><string>image</string><string>image</string><string>image</string><string>image</string><string>image</string><string>image</string><string>image</string><string>image</string><string>image</string><string>image</string><string>image</string></field><field name='CONTENTSUBTYPE'><string>pdf</string><string>jpeg</string><string>jpeg</string><string>jpeg</string><string>jpeg</string><string>jpeg</string><string>jpeg</string><string>jpeg</string><string>jpeg</string><string>jpeg</string><string>jpeg</string><string>jpeg</string></field><field name='FILEEXT'><string>pdf</string><string>jpg</string><string>jpg</string><string>jpg</string><string>jpg</string><string>jpg</string><string>jpg</string><string>jpg</string><string>jpg</string><string>jpg</string><string>jpeg</string><string>jpg</string></field><field name='CREATED'><dateTime>2012-11-27T15:22:32-06:00</dateTime><dateTime>2013-09-25T16:58:32-06:00</dateTime><dateTime>2013-09-25T16:55:17-06:00</dateTime><dateTime>2013-09-25T16:51:50-06:00</dateTime><dateTime>2013-09-25T17:49:16-06:00</dateTime><dateTime>2013-09-25T16:54:05-06:00</dateTime><dateTime>2013-09-25T17:01:39-06:00</dateTime><dateTime>2013-09-25T17:44:28-06:00</dateTime><dateTime>2013-09-25T17:25:33-06:00</dateTime><dateTime>2013-09-25T17:26:34-06:00</dateTime><dateTime>2013-09-25T17:42:25-06:00</dateTime><dateTime>2013-09-25T17:48:37-06:00</dateTime></field><field name='DELETED'><number>0.0</number><number>0.0</number><number>0.0</number><number>0.0</number><number>0.0</number><number>0.0</number><number>0.0</number><number>0.0</number><number>0.0</number><number>0.0</number><number>0.0</number><number>0.0</number></field><field name='CREDITS'><null/><null/><null/><null/><null/><null/><null/><null/><null/><null/><null/><null/></field><field name='CAPTION'><null/><null/><null/><null/><string>&lt;p&gt;Lorem ipsum dolor sit amet, consectetur adipiscing elit. Praesent suscipit iaculis libero sed tristique. Quisque mollis dolor non tellus placerat vitae sodales lectus porta. Curabitur ut suscipit tellus.&lt;/p&gt;</string><null/><string>&lt;p&gt;Lorem ipsum dolor sit amet, consectetur adipiscing elit. Praesent suscipit iaculis libero sed tristique. Quisque mollis dolor non tellus placerat vitae sodales lectus porta. Curabitur ut suscipit tellus.&lt;/p&gt;</string><string>&lt;p&gt;Lorem ipsum dolor sit amet, consectetur adipiscing elit. Praesent suscipit iaculis libero sed tristique. Quisque mollis dolor non tellus placerat vitae sodales lectus porta. Curabitur ut suscipit tellus.&lt;/p&gt;</string><string>&lt;p&gt;Lorem ipsum dolor sit amet, consectetur adipiscing elit. Praesent suscipit iaculis libero sed tristique. Quisque mollis dolor non tellus placerat vitae sodales lectus porta. Curabitur ut suscipit tellus.&lt;/p&gt;</string><string>&lt;p&gt;Lorem ipsum dolor sit amet, consectetur adipiscing elit. Praesent suscipit iaculis libero sed tristique. Quisque mollis dolor non tellus placerat vitae sodales lectus porta. Curabitur ut suscipit tellus.&lt;/p&gt;</string><string>&lt;p&gt;Lorem ipsum dolor sit amet, consectetur adipiscing elit. Praesent suscipit iaculis libero sed tristique. Quisque mollis dolor non tellus placerat vitae sodales lectus porta. Curabitur ut suscipit tellus.&lt;/p&gt;</string><string>&lt;p&gt;Lorem ipsum dolor sit amet, consectetur adipiscing elit. Praesent suscipit iaculis libero sed tristique. Quisque mollis dolor non tellus placerat vitae sodales lectus porta. Curabitur ut suscipit tellus.&lt;/p&gt;</string></field><field name='ALTTEXT'><null/><null/><null/><null/><null/><null/><null/><null/><null/><null/><null/><null/></field><field name='REMOTEPUBDATE'><null/><dateTime>2013-09-25T16:58:46-06:00</dateTime><dateTime>2013-09-25T16:55:33-06:00</dateTime><dateTime>2013-09-25T16:52:04-06:00</dateTime><dateTime>2013-09-25T17:49:23-06:00</dateTime><dateTime>2013-09-25T16:54:17-06:00</dateTime><dateTime>2013-09-25T17:01:48-06:00</dateTime><dateTime>2013-09-25T17:44:35-06:00</dateTime><dateTime>2013-09-25T17:25:40-06:00</dateTime><dateTime>2013-09-25T17:26:42-06:00</dateTime><dateTime>2013-09-25T17:42:41-06:00</dateTime><dateTime>2013-09-25T17:48:45-06:00</dateTime></field><field name='REMOTEURL'><null/><null/><null/><null/><null/><null/><null/><null/><null/><null/><null/><null/></field><field name='REMOTEID'><null/><null/><null/><null/><null/><null/><null/><null/><null/><null/><null/><null/></field><field name='REMOTESOURCE'><null/><null/><null/><null/><null/><null/><null/><null/><null/><null/><null/><null/></field><field name='REMOTESOURCEURL'><null/><null/><null/><null/><null/><null/><null/><null/><null/><null/><null/><null/></field></recordset></data></wddxPacket>
