<wddxPacket version='1.0'><header/><data><recordset rowCount='7' fieldNames='CONTENTHISTID,CATEGORYID,CONTENTID,ISFEATURE,ORDERNO,SITEID,FEATURESTART,FEATURESTOP' type='coldfusion.sql.QueryTable'><field name='CONTENTHISTID'><string>3C8E4EA8-D4A7-42E4-A99B0F58244B2F64</string><string>42FEF2EB-24A5-4203-ACF139F6B8EB99B3</string><string>42FEF2EB-24A5-4203-ACF139F6B8EB99B3</string><string>5891712B-7573-485A-A0C9DD8CA18E92E3</string><string>5891712B-7573-485A-A0C9DD8CA18E92E3</string><string>9C34A834-A96C-48F8-8E2511FD2CB83EE6</string><string>D3988E88-B172-63C5-BB22F92140CB4757</string></field><field name='CATEGORYID'><string>71459232-40FD-4699-A54A828409E15084</string><string>5B0631FE-E4C9-4856-B2E9FD2A3D3B0108</string><string>71459232-40FD-4699-A54A828409E15084</string><string>71459232-40FD-4699-A54A828409E15084</string><string>806966E4-BDED-4A6E-BE58559DAB37A369</string><string>EEC8E32A-CD5F-4578-B9F22B09ABFFA92B</string><string>A7BFAB26-0C09-493F-A4DBDE0692035D94</string></field><field name='CONTENTID'><string>F3E9219B-35BA-4D43-B2747AFFE106FE35</string><string>30C94AB0-6C12-4B84-AE8814780E699D37</string><string>30C94AB0-6C12-4B84-AE8814780E699D37</string><string>E01B8BC0-EBB5-4804-AE27FD21522EFA88</string><string>E01B8BC0-EBB5-4804-AE27FD21522EFA88</string><string>44AADFB7-260D-4B7E-BB4DBADE1BF6B362</string><string>4F34B49D-F49F-4F3D-B558D421ED6B4DA7</string></field><field name='ISFEATURE'><number>0.0</number><number>0.0</number><number>0.0</number><number>0.0</number><number>0.0</number><number>0.0</number><number>0.0</number></field><field name='ORDERNO'><number>0.0</number><number>0.0</number><number>0.0</number><number>0.0</number><number>0.0</number><number>0.0</number><number>0.0</number></field><field name='SITEID'><string>default</string><string>default</string><string>default</string><string>default</string><string>default</string><string>default</string><string>default</string></field><field name='FEATURESTART'><null/><null/><null/><null/><null/><null/><null/></field><field name='FEATURESTOP'><null/><null/><null/><null/><null/><null/><null/></field></recordset></data></wddxPacket>
