<wddxPacket version='1.0'><header/><data><recordset rowCount='2' fieldNames='MLID,SITEID,NAME,DESCRIPTION,LASTUPDATE,ISPURGE,ISPUBLIC' type='coldfusion.sql.QueryTable'><field name='MLID'><string>96FB257C-6A11-4AF3-B840B61A6CF20C0F</string><string>1FCAEC49-DBBD-463F-AB43B177F9A711B7</string></field><field name='SITEID'><string>theme-murabootstrap3</string><string>theme-murabootstrap3</string></field><field name='NAME'><string>Master Do Not Email List</string><string>Sign Up for Our Mailing List</string></field><field name='DESCRIPTION'><null/><null/></field><field name='LASTUPDATE'><dateTime>2010-12-10T12:55:48-06:00</dateTime><dateTime>2013-09-26T23:54:07-06:00</dateTime></field><field name='ISPURGE'><number>1.0</number><number>0.0</number></field><field name='ISPUBLIC'><number>1.0</number><number>1.0</number></field></recordset></data></wddxPacket>
