<wddxPacket version='1.0'><header/><data><recordset rowCount='2' fieldNames='budgetid,meetingspacerate,meetingspaceid,meetingspaceqty,meetingspaceunits,meetingspacesubtotal,meetingspacedesc,meetingspacedays' type='coldfusion.sql.QueryTable'><field name='budgetid'><string>4B7C134C-7969-4FCA-BD9CC817A7AFB3DE</string><string>4B7C134C-7969-4FCA-BD9CC817A7AFB3DE</string></field><field name='meetingspacerate'><number>100.0</number><number>125.0</number></field><field name='meetingspaceid'><string>B751AF54-1CA3-41B4-81927E85FDF4568F</string><string>BD8B4DA7-59C0-457B-A7BFE6A2AF7D4AFD</string></field><field name='meetingspaceqty'><number>1.0</number><number>1.0</number></field><field name='meetingspaceunits'><string>Room</string><string>Room</string></field><field name='meetingspacesubtotal'><number>100.0</number><number>125.0</number></field><field name='meetingspacedesc'><string>Breakout (attendees 1 - 100)</string><string>Breakout (attendees 101 - 150)</string></field><field name='meetingspacedays'><number>1.0</number><number>1.0</number></field></recordset></data></wddxPacket>
