<wddxPacket version='1.0'><header/><data><recordset rowCount='2' fieldNames='feedID,itemID,type' type='coldfusion.sql.QueryTable'><field name='feedID'><string>75265ADD-926A-496B-892064751CC1F214</string><string>B7D67EBE-CE83-487D-9E71160F4EE017A6</string></field><field name='itemID'><string>604E7C73-5C66-4891-A1C8A5394B35AE2D</string><string>C49322BC-8345-4801-A4E8C7A5B5E01003</string></field><field name='type'><string>contentID</string><string>contentID</string></field></recordset></data></wddxPacket>
