<wddxPacket version='1.0'><header/><data><recordset rowCount='21' fieldNames='budgetid,meetingspacerate,meetingspaceid,meetingspaceqty,meetingspaceunits,meetingspacesubtotal,meetingspacedesc,meetingspacedays' type='coldfusion.sql.QueryTable'><field name='budgetid'><string>445603DD-D95C-4DD4-AD1AF41A0B3589CA</string><string>3FDC693A-1E81-44E4-8A4E23187312BF46</string><string>907F808C-62F6-469B-90541F7EF61E14D1</string><string>564B2246-66E1-421E-B5596055FF28AE4A</string><string>79B59855-1A28-43E5-83C26BB2769E2A4D</string><string>704D624E-C669-4891-B3E4CB0C8CC6975C</string><string>B86568B8-DC98-4F5F-8EC922F664DDEE3E</string><string>1404FA77-BB0F-4ACA-BD08CF12746395FC</string><string>CCD62BB7-4115-4597-B200C02D895998EE</string><string>CCD62BB7-4115-4597-B200C02D895998EE</string><string>F64F621A-35E8-4072-81EB473F04FF3116</string><string>32590F3F-2115-44B8-B3D1543E9F34E89F</string><string>C418AB14-4BBD-41F7-905C80987885C402</string><string>0A0DE795-6E65-4010-82F8B08389893A9B</string><string>76C6F9B4-F87D-42C3-ADBC2705E2F30FA6</string><string>A573AC2E-5D02-4DBF-8E89516FBA922201</string><string>C418AB14-4BBD-41F7-905C80987885C402</string><string>94A3C27E-8A58-49B2-AA0AAC7D6AC32DC2</string><string>C6468FD6-715C-495A-BEEDD94B3B9E3C5E</string><string>907F808C-62F6-469B-90541F7EF61E14D1</string><string>986E6048-0E1A-4FEC-9E69ADFE0DAA85E0</string></field><field name='meetingspacerate'><string></string><number>0.0</number><number>100.0</number><number>1000.0</number><number>200.0</number><number>200.0</number><number>0.0</number><number>0.0</number><number>1000.0</number><number>500.0</number><number>100.0</number><number>100.0</number><number>2000.550048828125</number><number>200.0</number><number>1000.0</number><number>0.0</number><number>300.010009765625</number><number>100.0</number><number>0.0</number><number>200.0</number><number>0.0</number></field><field name='meetingspaceid'><string>05249D22-B728-4F56-964BB572DC4067A7</string><string>0C60EB9F-AFF7-4BE7-A1E15F54D596AF05</string><string>12C8E94F-7F6B-4754-9BF0CC1BE4E51036</string><string>14481FAD-3227-4170-AF6CCD4F80F195E7</string><string>151F3A8F-17F5-439C-88F24C164A9CAABD</string><string>1BEC9D42-070E-4B5D-A1258D946D2D106A</string><string>21FC091E-F71E-43FE-BAC09202DADB6F2A</string><string>36BB3C65-AE5C-4A4B-9FB52921EF80D1DD</string><string>3E372DCB-D6C6-48C1-92DB25C9A5510A3A</string><string>45FC475E-39CB-4AD4-960CCA445167ED2E</string><string>4AD3A87C-9736-4F3D-8B0C1EE834DA3AA2</string><string>51B8E8E4-DC3F-41E6-9D50C9ACCAE5AC27</string><string>55BFA63A-7662-457E-BC1742970568A64F</string><string>6B03080F-4A92-4C94-BD1F27344AB19EA0</string><string>88990E6B-FC02-4A6D-BE6E80EF70CAA6B8</string><string>93CC074A-5335-4EC5-92921B60C2F806EE</string><string>A4C70E2D-E00C-448E-91422DB0043D5D9E</string><string>AD99F02F-1A78-451B-B7651E8F5DAA39AA</string><string>BF842FD2-663E-416C-90779C8010546C68</string><string>E094B51E-FBFD-48FA-AAB62798A9DFCA38</string><string>F61C2777-9E87-431F-871A8174E0336474</string></field><field name='meetingspaceqty'><string></string><number>0.0</number><number>1.0</number><number>1.0</number><number>2.0</number><number>2.0</number><number>0.0</number><number>0.0</number><number>1.0</number><number>2.0</number><number>1.0</number><number>10.0</number><number>2.200000047683716</number><number>20.0</number><number>1.0</number><number>0.0</number><number>1.0</number><number>1.0</number><number>0.0</number><number>2.0</number><number>0.0</number></field><field name='meetingspaceunits'><string>Room</string><string>Room</string><string>Room</string><string>Room</string><string>Room</string><string>Room</string><string>Room</string><string>Room</string><string>Room</string><string>Room</string><string>Room</string><string>Room</string><string>Room</string><string>Room</string><string>Room</string><string>Room</string><string>Room</string><string>Room</string><string>Room</string><string>Room</string><string>Room</string></field><field name='meetingspacesubtotal'><number>0.0</number><number>0.0</number><number>100.0</number><number>1000.0</number><number>800.0</number><number>800.0</number><number>0.0</number><number>0.0</number><number>1000.0</number><number>2000.0</number><number>100.0</number><number>1000.0</number><number>13203.599609375</number><number>80000.0</number><number>1000.0</number><number>0.0</number><number>300.010009765625</number><number>100.0</number><number>0.0</number><number>800.0</number><number>0.0</number></field><field name='meetingspacedesc'><string></string><string></string><string>Breakout (attendees 1 - 100)</string><string>Breakout (attendees 1 - 100)</string><string>Breakout (attendees 1 - 100)</string><string>Breakout (attendees 151 - 200)</string><string></string><string></string><string>Breakout (attendees 101 - 150)</string><string>Breakout (attendees 101 - 150)</string><string>Breakout (attendees 101 - 150)</string><string>Breakout (attendees 1 - 100)</string><string>Breakout (attendees 200+)</string><string>Breakout (attendees 101 - 150)</string><string>Breakout (attendees 101 - 150)</string><string></string><string>Breakout (attendees 101 - 150)</string><string>Breakout (attendees 1 - 100)</string><string></string><string>Breakout (attendees 200+)</string><string></string></field><field name='meetingspacedays'><string></string><number>0.0</number><number>1.0</number><number>1.0</number><number>2.0</number><number>2.0</number><number>0.0</number><number>0.0</number><number>1.0</number><number>2.0</number><number>1.0</number><number>1.0</number><number>3.0</number><number>20.0</number><number>1.0</number><number>0.0</number><number>1.0</number><number>1.0</number><number>0.0</number><number>2.0</number><number>0.0</number></field></recordset></data></wddxPacket>
