<wddxPacket version='1.0'><header/><data><recordset rowCount='18' fieldNames='budgetid,dailydelegatepeople,dailydelegatedays,dailydelegateid,dailydelegaterate,dailydelegatesubtotal,dailydelegatedesc' type='coldfusion.sql.QueryTable'><field name='budgetid'><string>0A0DE795-6E65-4010-82F8B08389893A9B</string><string>CCD62BB7-4115-4597-B200C02D895998EE</string><string>907F808C-62F6-469B-90541F7EF61E14D1</string><string>A573AC2E-5D02-4DBF-8E89516FBA922201</string><string>C418AB14-4BBD-41F7-905C80987885C402</string><string>B86568B8-DC98-4F5F-8EC922F664DDEE3E</string><string>94A3C27E-8A58-49B2-AA0AAC7D6AC32DC2</string><string>564B2246-66E1-421E-B5596055FF28AE4A</string><string>32590F3F-2115-44B8-B3D1543E9F34E89F</string><string>704D624E-C669-4891-B3E4CB0C8CC6975C</string><string>3FDC693A-1E81-44E4-8A4E23187312BF46</string><string>C6468FD6-715C-495A-BEEDD94B3B9E3C5E</string><string>1404FA77-BB0F-4ACA-BD08CF12746395FC</string><string>986E6048-0E1A-4FEC-9E69ADFE0DAA85E0</string><string>76C6F9B4-F87D-42C3-ADBC2705E2F30FA6</string><string>F64F621A-35E8-4072-81EB473F04FF3116</string><string>79B59855-1A28-43E5-83C26BB2769E2A4D</string><string>445603DD-D95C-4DD4-AD1AF41A0B3589CA</string></field><field name='dailydelegatepeople'><string></string><number>0.0</number><number>2.0</number><number>0.0</number><number>0.0</number><number>0.0</number><number>0.0</number><number>0.0</number><number>0.0</number><string></string><number>0.0</number><number>0.0</number><number>0.0</number><number>0.0</number><string></string><number>0.0</number><number>0.0</number><string></string></field><field name='dailydelegatedays'><string></string><number>0.0</number><number>2.0</number><number>0.0</number><number>0.0</number><number>0.0</number><number>0.0</number><number>0.0</number><number>0.0</number><string></string><number>0.0</number><number>0.0</number><number>0.0</number><number>0.0</number><string></string><number>0.0</number><number>0.0</number><string></string></field><field name='dailydelegateid'><string>09ADC1B3-910E-424A-9BBD4AA1445E85E5</string><string>0E9B23DC-97FD-447A-8DBBC1075736A163</string><string>0FA599FC-1D23-4BCD-8664E5ACE75AD80D</string><string>1E6A39A6-1E32-4DDF-97F3CDD4AF714527</string><string>30580561-22C3-4604-AB9EB61388CE3772</string><string>74B82E4A-017E-45FE-8D01EC76B8A8B061</string><string>8FE30329-5EE9-476B-B1F1D3F8E26E566B</string><string>905982B6-9F62-469A-8E5C51C775CE85AA</string><string>92D7AD3C-FC39-4DBE-900F7E2662EFBE61</string><string>99C7F616-79AB-4DED-A8DECEC05C01C623</string><string>9D52602C-907A-4062-955470DD142763A3</string><string>A304A5F2-EEAD-4047-87240E311854230D</string><string>D3402D63-3A08-4F82-90A23F00EB9A4C20</string><string>DBDDDEC4-065D-4D67-999A303E357CD3EA</string><string>DE880111-D6BD-4C42-AFBE9FECF5760005</string><string>E6D5780D-8138-47F7-95B249C88499097D</string><string>F5C7F012-0E48-4C18-93AA3E73E06991D9</string><string>FC5A0D36-0CA3-4542-94745C4B50A0B23B</string></field><field name='dailydelegaterate'><number>0.0</number><number>0.0</number><number>200.0</number><number>0.0</number><number>0.0</number><number>0.0</number><number>0.0</number><number>0.0</number><number>0.0</number><string></string><number>0.0</number><number>0.0</number><number>0.0</number><number>0.0</number><string></string><number>0.0</number><number>0.0</number><string></string></field><field name='dailydelegatesubtotal'><number>0.0</number><number>0.0</number><number>800.0</number><number>0.0</number><number>0.0</number><number>0.0</number><number>0.0</number><number>0.0</number><number>0.0</number><number>0.0</number><number>0.0</number><number>0.0</number><number>0.0</number><number>0.0</number><number>0.0</number><number>0.0</number><number>0.0</number><number>0.0</number></field><field name='dailydelegatedesc'><string></string><string></string><string>Full Day</string><string></string><string></string><string></string><string></string><string></string><string></string><string></string><string></string><string></string><string></string><string></string><string></string><string></string><string></string><string></string></field></recordset></data></wddxPacket>
