<wddxPacket version='1.0'><header/><data><recordset rowCount='18' fieldNames='groundtransportrate,budgetid,groundtransportid,groundtransportsubtotal,groundtransportdays,groundtransportqty,groundtransportdesc' type='coldfusion.sql.QueryTable'><field name='groundtransportrate'><string></string><number>0.0</number><number>0.0</number><number>0.0</number><number>0.0</number><string></string><number>0.0</number><number>0.0</number><number>0.0</number><number>0.0</number><number>0.0</number><number>0.0</number><number>0.0</number><number>100.0</number><number>0.0</number><number>0.0</number><string></string><number>0.0</number></field><field name='budgetid'><string>704D624E-C669-4891-B3E4CB0C8CC6975C</string><string>C6468FD6-715C-495A-BEEDD94B3B9E3C5E</string><string>F64F621A-35E8-4072-81EB473F04FF3116</string><string>94A3C27E-8A58-49B2-AA0AAC7D6AC32DC2</string><string>3FDC693A-1E81-44E4-8A4E23187312BF46</string><string>76C6F9B4-F87D-42C3-ADBC2705E2F30FA6</string><string>79B59855-1A28-43E5-83C26BB2769E2A4D</string><string>C418AB14-4BBD-41F7-905C80987885C402</string><string>564B2246-66E1-421E-B5596055FF28AE4A</string><string>A573AC2E-5D02-4DBF-8E89516FBA922201</string><string>B86568B8-DC98-4F5F-8EC922F664DDEE3E</string><string>32590F3F-2115-44B8-B3D1543E9F34E89F</string><string>1404FA77-BB0F-4ACA-BD08CF12746395FC</string><string>907F808C-62F6-469B-90541F7EF61E14D1</string><string>CCD62BB7-4115-4597-B200C02D895998EE</string><string>986E6048-0E1A-4FEC-9E69ADFE0DAA85E0</string><string>445603DD-D95C-4DD4-AD1AF41A0B3589CA</string><string>0A0DE795-6E65-4010-82F8B08389893A9B</string></field><field name='groundtransportid'><string>1518343B-DEE1-4B56-8E4ACE7AFFAE26F5</string><string>1935ED23-4630-40BE-AA97C61A0CD41B50</string><string>30069919-82D5-4464-856A9553DD640D8E</string><string>35C5D6FC-7DB8-49E4-AE07C36AE777E5FF</string><string>43B681DF-823F-4EBB-85BE705801C9F1A0</string><string>498AF6BD-A422-42C5-B37F2E737CCDE2CA</string><string>4A170F9A-73AE-47EA-9F1A8F9D41755ECF</string><string>500DC7E3-3AA0-4390-AD467DC422B8D35D</string><string>705049D8-4D22-45DE-965C12838C1C3892</string><string>726B9AC0-2679-4951-9ED6AA80FBB94E3B</string><string>76FE96D1-ABDA-4653-97776D087FA5842A</string><string>7730E6CA-B8DE-4C41-B951B89550B10B7D</string><string>9AF81A80-2122-4DE5-A4CB32B05FC74C72</string><string>B788D05F-C9F1-416A-A82405EDE956DE45</string><string>E188B28C-AC2B-4955-B425430E3EE42881</string><string>E7B001C6-E2C6-47D2-877AC3F7FEC7E38E</string><string>E98FFE1A-1497-47C0-A1944CDA0F02945A</string><string>EEABB6D8-CC66-460E-A7D69217191B8B82</string></field><field name='groundtransportsubtotal'><number>0.0</number><number>0.0</number><number>0.0</number><number>0.0</number><number>0.0</number><number>0.0</number><number>0.0</number><number>0.0</number><number>0.0</number><number>0.0</number><number>0.0</number><number>0.0</number><number>0.0</number><number>100.0</number><number>0.0</number><number>0.0</number><number>0.0</number><number>0.0</number></field><field name='groundtransportdays'><string></string><number>0.0</number><number>0.0</number><number>0.0</number><number>0.0</number><string></string><number>0.0</number><number>0.0</number><number>0.0</number><number>0.0</number><number>0.0</number><number>0.0</number><number>0.0</number><number>1.0</number><number>0.0</number><number>0.0</number><string></string><string></string></field><field name='groundtransportqty'><string></string><number>0.0</number><number>0.0</number><number>0.0</number><number>0.0</number><string></string><number>0.0</number><number>0.0</number><number>0.0</number><number>0.0</number><number>0.0</number><number>0.0</number><number>0.0</number><number>1.0</number><number>0.0</number><number>0.0</number><string></string><string></string></field><field name='groundtransportdesc'><string></string><string></string><string></string><string></string><string></string><string></string><string></string><string></string><string></string><string></string><string></string><string></string><string></string><string>Airport Transfer</string><string></string><string></string><string></string><string></string></field></recordset></data></wddxPacket>
