<wddxPacket version='1.0'><header/><data><recordset rowCount='20' fieldNames='budgetid,flightid,flightrate,flightsubtotal,flightdesc,flightqty' type='coldfusion.sql.QueryTable'><field name='budgetid'><string>C6468FD6-715C-495A-BEEDD94B3B9E3C5E</string><string>907F808C-62F6-469B-90541F7EF61E14D1</string><string>32590F3F-2115-44B8-B3D1543E9F34E89F</string><string>94A3C27E-8A58-49B2-AA0AAC7D6AC32DC2</string><string>CCD62BB7-4115-4597-B200C02D895998EE</string><string>445603DD-D95C-4DD4-AD1AF41A0B3589CA</string><string>A573AC2E-5D02-4DBF-8E89516FBA922201</string><string>3FDC693A-1E81-44E4-8A4E23187312BF46</string><string>C418AB14-4BBD-41F7-905C80987885C402</string><string>79B59855-1A28-43E5-83C26BB2769E2A4D</string><string>B86568B8-DC98-4F5F-8EC922F664DDEE3E</string><string>0A0DE795-6E65-4010-82F8B08389893A9B</string><string>C418AB14-4BBD-41F7-905C80987885C402</string><string>564B2246-66E1-421E-B5596055FF28AE4A</string><string>76C6F9B4-F87D-42C3-ADBC2705E2F30FA6</string><string>F64F621A-35E8-4072-81EB473F04FF3116</string><string>C418AB14-4BBD-41F7-905C80987885C402</string><string>704D624E-C669-4891-B3E4CB0C8CC6975C</string><string>986E6048-0E1A-4FEC-9E69ADFE0DAA85E0</string><string>1404FA77-BB0F-4ACA-BD08CF12746395FC</string></field><field name='flightid'><string>0420EA9F-6F1C-4047-832F7617A70A8C1C</string><string>1286BB75-A045-474E-BF76FF9765994644</string><string>18694400-1C11-4F03-B8AFB41E004165D9</string><string>18AADC32-AD3F-43B6-9E93D60548F8D39C</string><string>1A93974C-E795-45A2-A504FB577C2F6519</string><string>1F791563-B735-40DE-98D222E3640EF817</string><string>2B99D237-476D-4D5D-96461741417BA956</string><string>2EFA5645-9711-47C2-9E67ED0859C94466</string><string>4331515F-BC31-4FCD-A6BAB03BBE96D87E</string><string>542AE661-DDF3-4714-80F827E3070D7C59</string><string>5D9CA395-77DD-4155-8BC0514B5E14E3C5</string><string>6F40FF1B-610E-4038-B59436E9C0D78C02</string><string>7B979C13-13D5-4CFB-BC4C71013CB31593</string><string>86E03703-B8EA-46E0-AB0F48F27B485F60</string><string>916E5D2A-315B-4B2C-898F11305D069C70</string><string>B5CB1E85-E6EE-4418-9ECA57C477176A0F</string><string>C3B4301D-ACE9-46E5-90DA0ABAD32B3902</string><string>CB6D2E93-17A1-41F1-99E49BA1A207B9E9</string><string>CE185C72-13CC-42F4-A100B8D9A14A5E5F</string><string>E39DD4A1-0797-4302-BA444F0A2B216C6C</string></field><field name='flightrate'><number>0.0</number><number>567.0</number><number>0.0</number><number>0.0</number><number>0.0</number><string></string><number>0.0</number><number>500.0</number><number>622.0</number><number>0.0</number><number>0.0</number><number>0.0</number><number>567.0</number><number>0.0</number><string></string><number>0.0</number><number>0.0</number><string></string><number>0.0</number><number>0.0</number></field><field name='flightsubtotal'><number>0.0</number><number>567.0</number><number>0.0</number><number>0.0</number><number>0.0</number><number>0.0</number><number>0.0</number><number>1000.0</number><number>0.0</number><number>0.0</number><number>0.0</number><number>0.0</number><number>2268.0</number><number>0.0</number><number>0.0</number><number>0.0</number><number>0.0</number><number>0.0</number><number>0.0</number><number>0.0</number></field><field name='flightdesc'><string></string><string>Domestic</string><string></string><string></string><string></string><string></string><string></string><string>Domestic</string><string>Domestic</string><string></string><string></string><string></string><string>Domestic</string><string></string><string></string><string></string><string>International</string><string></string><string></string><string></string></field><field name='flightqty'><number>0.0</number><number>1.0</number><number>0.0</number><number>0.0</number><number>0.0</number><string></string><number>0.0</number><number>2.0</number><number>0.0</number><number>0.0</number><number>0.0</number><string></string><number>4.0</number><number>0.0</number><string></string><number>0.0</number><number>0.0</number><string></string><number>0.0</number><number>0.0</number></field></recordset></data></wddxPacket>
