<wddxPacket version='1.0'><header/><data><recordset rowCount='2' fieldNames='meetingid,simplebudgetamount,simplebudgetcurrency,isprimarysimplebudget,simplebudgetid,simplebudgetdepartmentno,simplebudgetdivision' type='coldfusion.sql.QueryTable'><field name='meetingid'><string>55254CEB-28DA-4430-96F2DBBD5861700A</string><string>55254CEB-28DA-4430-96F2DBBD5861700A</string></field><field name='simplebudgetamount'><number>3000.0</number><number>5000.0</number></field><field name='simplebudgetcurrency'><string>USD</string><string>MXN</string></field><field name='isprimarysimplebudget'><number>1.0</number><number>0.0</number></field><field name='simplebudgetid'><string>F40F28E9-7712-4661-96AB67FFC0288072</string><string>F6A40FEF-3830-46A8-B25B2B508916E59B</string></field><field name='simplebudgetdepartmentno'><string>0102</string><string>0111</string></field><field name='simplebudgetdivision'><string>0013</string><string>0032</string></field></recordset></data></wddxPacket>
