<wddxPacket version='1.0'><header/><data><recordset rowCount='5' fieldNames='contentHistID,relatedID,contentID,siteID,relatedContentSetID,orderNo,relatedContentID' type='coldfusion.sql.QueryTable'><field name='contentHistID'><string>CFE310F0-E5E4-41C5-90BED64244AF35EF</string><string>CFE310F0-E5E4-41C5-90BED64244AF35EF</string><string>CFE310F0-E5E4-41C5-90BED64244AF35EF</string><string>CFE310F0-E5E4-41C5-90BED64244AF35EF</string><string>5B21068F-9C7A-42F2-99A99A856537580C</string></field><field name='relatedID'><string>E5B86450-9F3D-4AE8-84D8AF8D42148F68</string><string>41E94BBD-6800-4ACC-A9E2957DE61DEF83</string><string>DE0C0A42-93E9-4F8A-A2779466BBC38D21</string><string>B7BEE588-B37A-4854-8070BD42357FB352</string><string>00000000000000000000000000000000001</string></field><field name='contentID'><string>9F968102-C375-49B0-9F41B7C44F21ED90</string><string>9F968102-C375-49B0-9F41B7C44F21ED90</string><string>9F968102-C375-49B0-9F41B7C44F21ED90</string><string>9F968102-C375-49B0-9F41B7C44F21ED90</string><string>3AE97F44-AD15-48F2-BF108E841D7DAB3C</string></field><field name='siteID'><string>default</string><string>default</string><string>default</string><string>default</string><string>default</string></field><field name='relatedContentSetID'><string>00000000000000000000000000000000000</string><string>00000000000000000000000000000000000</string><string>00000000000000000000000000000000000</string><string>00000000000000000000000000000000000</string><string>00000000000000000000000000000000000</string></field><field name='orderNo'><number>1.0</number><number>3.0</number><number>4.0</number><number>5.0</number><number>1.0</number></field><field name='relatedContentID'><number>21.0</number><number>22.0</number><number>23.0</number><number>24.0</number><number>26.0</number></field></recordset></data></wddxPacket>
