<wddxPacket version='1.0'><header/><data><recordset rowCount='8' fieldNames='CONTENTHISTID,RELATEDID,CONTENTID,SITEID,RELATEDCONTENTSETID,ORDERNO,RELATEDCONTENTID' type='coldfusion.sql.QueryTable'><field name='CONTENTHISTID'><string>FECCAC13-7CF8-4494-80C829DE5F3E8EF3</string><string>FECCAC13-7CF8-4494-80C829DE5F3E8EF3</string><string>FECCAC13-7CF8-4494-80C829DE5F3E8EF3</string><string>FECCAC13-7CF8-4494-80C829DE5F3E8EF3</string><string>19D9D58C-DBE6-4461-9168453705D12F0E</string><string>0CB833E8-53E9-462B-8C1A80AC7067B0A2</string><string>11453E9D-E1D3-E82F-E290DB0515E2EF51</string><string>11453E9D-E1D3-E82F-E290DB0515E2EF51</string></field><field name='RELATEDID'><string>612606CA-0BA1-4BCD-9188567DE098ED4F</string><string>880278C2-BEFD-45CC-9FD84857B0FB9EFA</string><string>2FA5C1C8-1E9E-4D4D-A7476502BCAD7876</string><string>546C61A5-A9F5-4B83-A9184C291D3BEFA0</string><string>32FE17CA-1009-42AC-B55E40015707C9F8</string><string>32FE17CA-1009-42AC-B55E40015707C9F8</string><string>439821C5-2DDF-4A3C-B87ACFA3BC0CF073</string><string>0F0244A3-38ED-4279-A614DB98461EFB93</string></field><field name='CONTENTID'><string>7E4B0C2B-7AEB-4B51-A72DD52C37A678F7</string><string>7E4B0C2B-7AEB-4B51-A72DD52C37A678F7</string><string>7E4B0C2B-7AEB-4B51-A72DD52C37A678F7</string><string>7E4B0C2B-7AEB-4B51-A72DD52C37A678F7</string><string>0FF94B78-9171-443F-B5C26BF7B81FF9D3</string><string>AD5ED5FE-2BAE-4372-A30EA16FDEE8098F</string><string>32FE17CA-1009-42AC-B55E40015707C9F8</string><string>32FE17CA-1009-42AC-B55E40015707C9F8</string></field><field name='SITEID'><string>default</string><string>default</string><string>default</string><string>default</string><string>default</string><string>default</string><string>default</string><string>default</string></field><field name='RELATEDCONTENTSETID'><string>00000000000000000000000000000000000</string><string>00000000000000000000000000000000000</string><string>00000000000000000000000000000000000</string><string>00000000000000000000000000000000000</string><string>00000000000000000000000000000000000</string><string>00000000000000000000000000000000000</string><string>00000000000000000000000000000000000</string><string>00000000000000000000000000000000000</string></field><field name='ORDERNO'><number>1.0</number><number>3.0</number><number>4.0</number><number>5.0</number><number>1.0</number><number>1.0</number><number>1.0</number><number>2.0</number></field><field name='RELATEDCONTENTID'><number>1.0</number><number>2.0</number><number>3.0</number><number>4.0</number><number>7.0</number><number>8.0</number><number>97.0</number><number>98.0</number></field></recordset></data></wddxPacket>
