<wddxPacket version='1.0'><header/><data><recordset rowCount='2' fieldNames='PARAMID,FEEDID,PARAM,RELATIONSHIP,FIELD,CONDITION,CRITERIA,DATATYPE' type='coldfusion.sql.QueryTable'><field name='PARAMID'><string>9CC19EEA-38CB-494D-A42B5EC0F0EBFDE4</string><string>9FDF6AA5-D080-440F-8BA6DEB5C47B87EC</string></field><field name='FEEDID'><string>F7A9CD01-6FB3-4BC3-A6D630C9615D6552</string><string>DB74633F-6284-45E6-B22CEA634FA9B49C</string></field><field name='PARAM'><number>1.0</number><number>1.0</number></field><field name='RELATIONSHIP'><string>and</string><string>and</string></field><field name='FIELD'><null/><null/></field><field name='CONDITION'><string>Equals</string><string>Equals</string></field><field name='CRITERIA'><null/><null/></field><field name='DATATYPE'><string>varchar</string><string>varchar</string></field></recordset></data></wddxPacket>
