<wddxPacket version='1.0'><header/><data><recordset rowCount='176' fieldNames='SITEID,ARCHIVEID,CONTENTID,FILENAME' type='coldfusion.sql.QueryTable'><field name='SITEID'><string>default</string><string>default</string><string>temp-es</string><string>default</string><string>default</string><string>temp-es</string><string>default</string><string>default</string><string>default</string><string>default</string><string>default</string><string>default</string><string>default</string><string>default</string><string>default</string><string>default</string><string>default</string><string>default</string><string>default</string><string>default</string><string>default</string><string>default</string><string>default</string><string>default</string><string>default</string><string>default</string><string>default</string><string>default</string><string>default</string><string>default</string><string>default</string><string>default</string><string>default</string><string>default</string><string>default</string><string>default</string><string>default</string><string>default</string><string>default</string><string>default</string><string>default</string><string>default</string><string>default</string><string>default</string><string>default</string><string>default</string><string>default</string><string>default</string><string>default</string><string>default</string><string>default</string><string>default</string><string>default</string><string>default</string><string>default</string><string>default</string><string>default</string><string>default</string><string>default</string><string>default</string><string>default</string><string>default</string><string>default</string><string>default</string><string>default</string><string>default</string><string>default</string><string>default</string><string>default</string><string>default</string><string>default</string><string>default</string><string>default</string><string>default</string><string>default</string><string>default</string><string>default</string><string>default</string><string>default</string><string>default</string><string>default</string><string>default</string><string>default</string><string>default</string><string>default</string><string>default</string><string>default</string><string>default</string><string>default</string><string>default</string><string>default</string><string>default</string><string>default</string><string>default</string><string>default</string><string>default</string><string>default</string><string>default</string><string>default</string><string>default</string><string>default</string><string>default</string><string>default</string><string>default</string><string>default</string><string>default</string><string>default</string><string>default</string><string>default</string><string>default</string><string>default</string><string>default</string><string>default</string><string>default</string><string>default</string><string>default</string><string>default</string><string>default</string><string>default</string><string>default</string><string>default</string><string>default</string><string>default</string><string>default</string><string>default</string><string>default</string><string>default</string><string>default</string><string>default</string><string>default</string><string>default</string><string>default</string><string>default</string><string>default</string><string>default</string><string>default</string><string>default</string><string>default</string><string>default</string><string>default</string><string>default</string><string>default</string><string>default</string><string>default</string><string>default</string><string>default</string><string>default</string><string>default</string><string>default</string><string>default</string><string>default</string><string>default</string><string>default</string><string>default</string><string>default</string><string>default</string><string>default</string><string>default</string><string>default</string><string>default</string><string>default</string><string>default</string><string>default</string><string>default</string><string>default</string><string>default</string><string>default</string><string>default</string><string>default</string><string>default</string><string>default</string><string>default</string><string>default</string><string>default</string><string>default</string><string>default</string></field><field name='ARCHIVEID'><string>02A35D59-1801-493A-8BBA61BC6522A0E8</string><string>02F55A65-EEDC-47FB-9D4A388BAA7BAC19</string><string>04E92DEF-D6B7-6566-41477697F02911E9</string><string>0550FB0D-A27D-4880-9F24AF6C31D5066C</string><string>05C376CB-D22B-40F1-A9787DFCD9989119</string><string>05EB35F0-B1E7-B9BE-12B33246FBCF2287</string><string>069A3D36-6EC5-40DC-B7DB23C244049FCA</string><string>0E52577F-07E9-40B8-9245CD5FE7ECA7D8</string><string>0F6AC495-BA5D-459B-8C654F3C13F619DA</string><string>0F928A3D-E7F7-40C9-B52E490C34DDCE69</string><string>101522DC-07E3-42CE-8D0AC170E454421D</string><string>1163B8F2-643B-4790-B45E028FB1CED413</string><string>138C8B67-08A6-477C-9FFA3A8A414C238C</string><string>158B873E-1A31-41BC-988D7C4D079AC817</string><string>15A7FEDD-E1A1-45D7-90445029B0589930</string><string>15C572D5-A231-426B-BC4258E16A3F38D7</string><string>16FF2E64-1181-426F-B22589A093877413</string><string>1712D3E6-43DD-4F22-A356AC897AE3DB11</string><string>17746253-486B-4466-84479B86482E0970</string><string>17A1CB72-B0E6-4B66-AC9C3D7537AFE387</string><string>1978D702-54B6-4748-B2AEB28096657C5E</string><string>1A610E68-52E0-4594-8A3BB7480E2E2BF4</string><string>1B136E0D-DDB2-49AA-932B04BDB1B19CA2</string><string>1C9803AC-6E2B-4C0D-829F029FE0045E7A</string><string>1CCE7A4B-0888-4DED-BF0DA9870DDB662C</string><string>1E1669B5-34A6-4D88-92B7076681D731A2</string><string>1E6AFF0E-4B67-4699-83F69E0858BDC5AB</string><string>1FAD8381-71AA-467F-9688FF650D71B78E</string><string>21BAF363-9A5C-48F8-AD20C75A3BA79CA1</string><string>23EE9CB4-AAE5-4B52-95516325A6650070</string><string>27E310B4-BE70-4DD8-9F14BC383CA43CF8</string><string>28EBF3AF-2C01-48DF-8EDD2C20D532A667</string><string>293EF4DD-EF3E-4DD0-8C5700662E1D4CDF</string><string>2AB4216E-28B7-4214-83A5260835FADC05</string><string>2CD91D45-C917-439F-ADDC6FF677EAEF53</string><string>2E103FAB-DACF-43A8-A3DD80C68B9E8DF3</string><string>2EA6C845-4411-409E-9C22AE9D55E3B888</string><string>2FC4D06B-67B7-4D66-8D41A4752FC5F384</string><string>302E9798-7AF6-4958-9E81F340C40A926A</string><string>30A54705-023A-42B4-BCFBD8B03E358A0E</string><string>31449313-FF44-441D-A115F4C5B9DA7F71</string><string>315846F6-E11B-4EFB-B0F92E2263866158</string><string>3754BEB7-E6ED-447B-A0D61CEEFDCF0BFC</string><string>37D33258-1979-4527-812A840D5C401174</string><string>39DCD003-CD8B-45C8-871F0C9A65767A3F</string><string>3A4086B1-93E6-440E-AC11CCE3C71A5A33</string><string>3C73069F-23EE-457C-91EB7373F54DB276</string><string>3CEFFB18-6C86-4387-81DB65AB76DD0C14</string><string>3FC1C587-5DE4-4BBD-BAA15072A4850A35</string><string>400ACFCF-B906-4E9C-855AC777658F7696</string><string>412C8309-0E26-4C38-82A32E8179915F12</string><string>439C38F1-2BC2-4212-BB1447C38791933E</string><string>43BE13EB-2A75-46AF-A20FE064EE7222E5</string><string>4443727D-274F-4A83-AB9CDF87EFF4E1FF</string><string>454C5A50-4248-4FD7-821D82DAA42E8292</string><string>462495E5-2EFB-40FE-84FFF52D81235A62</string><string>495AE3B8-DF8D-4C33-AD1C9763866226DE</string><string>49DFE72E-E2B7-4C1E-925A2265207262F7</string><string>4A389A94-E0A9-47E7-B3AF9FC44A168036</string><string>4CB08FFE-7540-4FAE-A9868E387CE900D4</string><string>4D3A7E30-747F-4C26-ACBE7E1C6D40341A</string><string>51CD4994-14BD-423A-AFD699030A4744B2</string><string>520C9C84-F2B2-41C9-9974863EC39B4521</string><string>54D6DDDE-CD84-45AE-958159802E6D033D</string><string>565713B7-3616-42DC-BB35D24C71404A79</string><string>571C1B2F-C455-4617-8CA9FEF1225AFC3A</string><string>5A34D36F-AFD5-4609-9793675CC07B5A39</string><string>5AD26CBA-25E3-4EFA-9F6381328CBF4931</string><string>5B3017CF-4A3E-42C1-AC3C9EE7F609B71B</string><string>5BE5044E-CEB5-4273-B77B1335B5F1DC6D</string><string>5C88192F-0B80-4B11-8EE0048F31DFB20F</string><string>5E3AC955-AE61-4684-B738CD71A8309FD8</string><string>5EFD637B-F419-4766-B319FCE12850A1AB</string><string>5F95238F-6295-4735-A342858D30EF962F</string><string>5FD3FB35-56D4-4B9E-B8277AB61BFC0C44</string><string>5FDEEA53-5660-4D2D-92DE57C243800331</string><string>5FDFBE06-A928-4F74-901900ED549380AD</string><string>5FF0775E-227B-412B-88D9A620036BF2D0</string><string>60BC3C42-1C6F-4BF0-933BDBEC7B912029</string><string>68D52C00-2D7E-4A3A-A4CAADDC5C53E707</string><string>6A46E278-3A4F-42EC-8E8C365077C1A9A0</string><string>6C2E554E-B33E-40F3-BA71972096CBF76C</string><string>6C99F408-011E-4944-9A7CEEFF41E5B605</string><string>6D668897-A095-4359-8049EBF67DF62EEF</string><string>7140EB77-527C-4B41-9313C751604FE4B2</string><string>72B61FF6-CB61-4CCC-BDCF83A5AD821063</string><string>73147B8B-66EB-4EE3-B2A7397FC2D8F5C3</string><string>77888A84-8E10-46DE-BE440A07BFEDE402</string><string>78116A22-13C1-4E04-9A6F4905508B005E</string><string>797E02BE-B1C7-45D3-ACC0F0EE596CFA40</string><string>7A3C4820-DD66-4FE8-BD7EA56AC864CD2C</string><string>7B36A1E0-E59B-4C74-B7A36F26ECCABA22</string><string>7B4381DA-1F95-4D10-A4D3D2BACA642FCB</string><string>7C5EF365-4883-45A8-80BA261D1298B20F</string><string>7D8E9374-2784-42DD-AE879685AEDE4C12</string><string>7ECD3B0D-3115-428E-BFEC228ECA41800D</string><string>7F05A835-9C46-426C-80BD54167BF04A48</string><string>8024ADD4-D54E-4762-8273AE2055615C9C</string><string>84989134-D1C5-4B3D-933666D6C5BE7E0E</string><string>853CFDB4-FA6B-42ED-870F4EBC60A1227D</string><string>87A538EB-8787-43BD-9FDB4E253AE79FBB</string><string>8854A587-47EF-4333-B49F77E9AB3EF223</string><string>89E04D8A-CACC-4CC4-803684CD69EAB12C</string><string>8C5CB45E-FD22-49D8-8BBA294DE71D2ACB</string><string>8E913C44-3781-4218-B05829DD730842F7</string><string>8EFE8C07-D841-4E87-9F3DC32193319CE0</string><string>94E07061-2A27-487A-88ED0A7A31926DA3</string><string>9AB7936A-80BC-4D08-A3178259F8924800</string><string>9BC11CE6-0501-4595-AF66997F1AA92905</string><string>9CAA6245-A1B7-4A7B-93F960166BD32895</string><string>9D901B3D-0D06-4B8B-9EB25B17ED09D060</string><string>9DEDAEAE-2955-41B8-9CB72A6F0AA14C5D</string><string>9FAA266A-4CB5-467C-966BFCC8298053E8</string><string>A21400FA-2937-4BC4-BD753CC5CCA0AB98</string><string>A2AF703F-1FE9-4274-809A9FC391126C87</string><string>A345FD1C-1804-45D4-84C9903139AF6719</string><string>A4029861-94CC-4FF6-A9C0D3554B86C5E6</string><string>A4194234-98CC-4300-A4C1848BB325C608</string><string>A44C3628-A5B3-4C49-9B0FD1B2B03A023A</string><string>A6238A92-C49A-4C20-85FD1C2DCAE0F8CB</string><string>A6C778BE-EFA0-413C-9E985AF72C52E7C9</string><string>A97960D7-69EB-4492-A322DB975F1530FF</string><string>AA68D16C-F509-41CE-965AA53B56E085F6</string><string>AD951E24-2AF6-4BF4-955D3C0EE18E831C</string><string>ADDA014C-4735-46CE-ACD1184DB48C4C9C</string><string>AE482FB6-4AA6-4BC0-8A558C885652F517</string><string>AE946B8D-EDF6-4AE7-9BC14EEF37FC126F</string><string>AED9EA83-25BD-43EC-A67DC26026605936</string><string>AF54F1A2-EFF4-4C9C-BA0CCA531A34D96A</string><string>AF9CFBE1-7416-4003-A1683585D425E7A1</string><string>B0E7EFCE-9E79-480B-A69EF399ED47AD4A</string><string>B13AF557-AC0A-4151-A0C6B23FE4609C74</string><string>B68E69CA-4AEF-4587-BF7991745D64506E</string><string>B943B42D-B63E-464C-93CB5E91660BC3B0</string><string>BA940444-F0F2-4344-A4256C2955EF9882</string><string>BB7EB47A-E88B-488D-9DACAD1D5A3F0DC2</string><string>BC37A089-15ED-4B48-9AAF4F2E3BEF692F</string><string>BF2519C2-8DF8-425D-A14ED64585B8432B</string><string>C1DBDF95-690D-4009-87FED8EDE1A50D31</string><string>C35211A4-9F07-4CBF-A7F81019B43CE019</string><string>C969B530-A66D-4315-AE2972C6E03C0034</string><string>C9BB436E-5933-47CF-B3C4C2914E2C6854</string><string>CB8DE64A-C5FB-4D96-BAE8946DFADD51DF</string><string>CD5806FF-223D-48F6-BC4C32A80FA36F56</string><string>D1103530-1E28-4BF4-91EAD87E09165F04</string><string>D24118B0-207A-434B-A94C68C946455D96</string><string>D343D33E-A15C-480A-88315D33D3DF8D0C</string><string>D3DED35C-659C-45F1-9DC300A184144DE7</string><string>D471B5C4-16E9-4486-BAAF1D1457BEDC9F</string><string>D9B1E612-7D70-4FAF-85A5F5B4436C6876</string><string>DAEB4CF0-11A6-4F3B-835BB6CBB9EA7A9B</string><string>DB31C7C1-5C63-48F9-8E6ED4258CA88860</string><string>DBC3A2E9-91BC-44E5-A3570D8241D67A41</string><string>DBD91DAE-9983-4ADE-9087DC374E38602A</string><string>DC44EBCD-E66B-4EAD-81A7A3C13670289F</string><string>DE5C5CA5-73F6-4678-B2BA522A364C357A</string><string>DEA12581-FA2F-4829-847C501F66E82816</string><string>E03D5F4C-3080-42DD-9BE6383D4319F23D</string><string>E36E6FE0-0249-4E75-9E103113883853B0</string><string>E39D449C-B36C-43D6-9BE734F33509C553</string><string>E3A2F73E-312C-4F4B-8ED82FFF40ABE145</string><string>E47E7A81-9330-40E9-803E1D14C92B2DA2</string><string>E712DF22-229F-4571-A87F27640547C592</string><string>E77C4BB7-3C8D-4344-84794F36CBAD47DB</string><string>E7B4344E-B39A-4C1E-BD095A38FF9F454F</string><string>E8430901-D5F1-4001-B9FD59BD483BC26A</string><string>EA2D1AE4-31E2-4A6B-A4B9BED1B823B7D4</string><string>EA80628D-0E0E-4F56-83ABF4B2B48BAFDE</string><string>EFDA44B5-4373-466D-AF08F05C71475E0C</string><string>F1A8DDBA-8524-4677-B9409852C09A32EA</string><string>F3E6A1D5-0B87-412B-831CF99B6176A3B2</string><string>F5205D4F-D197-4A12-BEBE2178CE7D2946</string><string>F9A72E2F-F858-4B0D-A2F7EA782B80EEDC</string><string>F9EBCE67-AF22-41BA-A0B199F65B72770D</string><string>FBBBBFE6-97B1-4282-9D7620046560C143</string><string>FC908879-18C7-4FA3-81D2892A2FEC1466</string></field><field name='CONTENTID'><string>41E94BBD-6800-4ACC-A9E2957DE61DEF83</string><string>1AA35F0F-EBF4-4E8C-BE8E3A76A7DDA251</string><string>04E65463-FEFD-0AEC-4D617D1FC6D3C45B</string><string>99F306FA-79DE-472A-ABD5A6F1DFA913EE</string><string>9CA921CC-1A0F-4C85-BA34D57A0DDD9183</string><string>05EB3364-F8FF-16F0-3542DFE5A3FA8EC3</string><string>F22BA073-21B1-4D6E-867DB149021103EE</string><string>9F968102-C375-49B0-9F41B7C44F21ED90</string><string>00000000000000000000000000000000001</string><string>33183BB1-96F4-4D35-9848934600E1AF1B</string><string>44E47D56-48BE-4D64-A99F706289761C6A</string><string>B3DE7390-30BB-49AA-A251BA73DA335572</string><string>827AD0D2-8C30-4BCC-89E56D616A07C8E0</string><string>467F4409-7A17-44DE-86C7F9D6AB4966AD</string><string>00000000000000000000000000000000001</string><string>00000000000000000000000000000000001</string><string>00000000000000000000000000000000001</string><string>00000000000000000000000000000000001</string><string>6A4A226C-A1E9-443F-A10ADF06DD796192</string><string>B7BEE588-B37A-4854-8070BD42357FB352</string><string>AC592CA4-32CC-4EA3-BE0571431014E5F1</string><string>64CF08E8-09B1-423C-A9D18C9B42D5E127</string><string>1D2B7AD0-494A-46B5-89AB78A77A5C7E76</string><string>8AFFCCD6-BC03-40BD-A1F9818B740BCDAE</string><string>4DA3580E-03B3-459C-B9968C77A92FA26C</string><string>0401984D-7096-43F0-B226AE69CFF0CA5F</string><string>61AC837C-EFA4-434F-9C66358C6ED85260</string><string>5103A46B-45BA-410B-9A30FB076C07C68E</string><string>1FCD3187-C5CF-4128-AB8DADDCD8F016C6</string><string>3956DBDD-9E86-4F20-87D3A8BF7D5DA5CA</string><string>16032F5D-1720-4717-9C1E7906F30941D5</string><string>5ACFF443-FF02-4826-86603CE7D305FECD</string><string>0E9A8BF7-55A1-4ABA-A09473039D8B50C9</string><string>00000000000000000000000000000000001</string><string>00000000000000000000000000000000001</string><string>F7D16769-7EEA-4C40-86377B0E76891072</string><string>E5B86450-9F3D-4AE8-84D8AF8D42148F68</string><string>00000000000000000000000000000000001</string><string>EB01B463-6729-477D-AB6C1EA15C68A21B</string><string>5FE1136A-1F9E-4001-BC8BE941D2C43A3A</string><string>00000000000000000000000000000000001</string><string>1192DEF7-FCB0-4D35-8FDA34A5B429536C</string><string>32FE17CA-1009-42AC-B55E40015707C9F8</string><string>26717C7D-408D-40FF-8F246D22A1791F7A</string><string>9F0C5400-65C0-4BD9-857C740145E5BEA3</string><string>941C0BDC-4086-444E-BB662D8CB382BF55</string><string>424C4471-075D-44EC-83BF71F49AE54F8B</string><string>4227534A-F4C5-488A-9B2D8F913983AECB</string><string>00000000000000000000000000000000001</string><string>0E9A8BF7-55A1-4ABA-A09473039D8B50C9</string><string>74B87D9F-79B9-40FD-B14AFDE328FAD1C5</string><string>0ED0ECD0-CDBB-491C-80ACA3E57489C087</string><string>EE5686A3-39EE-468C-A556ABB796EE79AE</string><string>89E37306-2980-4E1E-809194E8A8D0B420</string><string>B381E063-C5D3-4934-A0DE907EB58F1527</string><string>00000000000000000000000000000000001</string><string>00000000000000000000000000000000001</string><string>00000000000000000000000000000000001</string><string>F64B731A-58DF-44BF-970864C0B1CAB4D8</string><string>C49322BC-8345-4801-A4E8C7A5B5E01003</string><string>C4B2EDAE-4367-481A-84FA3AC8EE778401</string><string>3956DBDD-9E86-4F20-87D3A8BF7D5DA5CA</string><string>00000000000000000000000000000000001</string><string>B3DE7390-30BB-49AA-A251BA73DA335572</string><string>D1BF7CC5-DE5D-4523-84CA71C71615A007</string><string>C0722150-2E93-484F-BAE2EC531E49568A</string><string>991E5F73-6ABB-4B87-96810136A7D25C87</string><string>1D40C08F-2654-411A-A4784275CC903080</string><string>00000000000000000000000000000000001</string><string>FB8B530A-6BF0-4BF6-8BDC43A1D6812CC7</string><string>00000000000000000000000000000000001</string><string>2EDADEDD-DA7C-4F8C-8EB1AA10EC446011</string><string>BE7343F4-7D97-4FBD-B79AB68F4653D1F5</string><string>604E7C73-5C66-4891-A1C8A5394B35AE2D</string><string>355E4C26-106D-4F34-8B0D72F00149C6F4</string><string>677F5109-031E-443F-8DCEDA916A0E1416</string><string>00000000000000000000000000000000001</string><string>00000000000000000000000000000000001</string><string>64FE3DB9-8723-4248-BF21AB0C3DE9E9F0</string><string>947065F7-6E37-41CB-8148D5F7EDF70C08</string><string>0D0AFA9D-AD66-4D45-B95DE1FAAE201367</string><string>88F1EFB2-D25E-4200-B8CB5E31A4F4589D</string><string>8CFF27E4-099A-4379-BE8031C1A06F1991</string><string>29C0E16A-A913-42F5-8C7F8BED410D4310</string><string>79DCF605-7F32-452A-997C1BE377F7EB66</string><string>9CECDBE4-E72C-4A07-9DB3CF73FCC01858</string><string>F43ADF4E-7E6B-41DD-9478A35BEDD3D3D3</string><string>00000000000000000000000000000000001</string><string>00000000000000000000000000000000001</string><string>FFA2F6A8-B272-43C4-B9CF4FBBFA034C5F</string><string>CEB5F07A-2FB3-4847-BCD2EA1766489991</string><string>1F9704A8-7D00-4599-BFDE22891E1F0F08</string><string>8B6F83C4-2FDA-4CC1-9C058169261564AA</string><string>ED2F1A11-E321-4FA3-93E2CB890D4C0169</string><string>0E9A8BF7-55A1-4ABA-A09473039D8B50C9</string><string>BABBF2D5-8210-4176-8C1DD1AC62A3F83F</string><string>BADFDB13-BB8A-435B-9E21C3C59529ADA7</string><string>ECC442B5-6F52-4409-B915017EAD175B6F</string><string>163A6908-12EB-48DC-94C22E1F6D7B9428</string><string>5EDF54BF-5005-4E32-B3A07A46DB38E1A1</string><string>872E43E6-583E-4C2E-A60C23D284B1358A</string><string>733E7A73-CA5D-4770-A37BBEEE62EFA6E4</string><string>EC67DCFA-DAC3-4010-9109E8895B503F93</string><string>848E1C24-0300-4683-9B0B756AE7C0349F</string><string>101FE6B2-881A-4BB7-99A15E02C28E0376</string><string>74B87D9F-79B9-40FD-B14AFDE328FAD1C5</string><string>00000000000000000000000000000000001</string><string>5BFD109E-982D-4447-88BB43DEDAB2DC73</string><string>ABD52B5F-D98B-4A96-879BD6F2BFA7A007</string><string>D9D78952-E5AB-42A7-A93BE1FA19C52787</string><string>9A506C59-BB34-43FF-BE636E6FF284D7CA</string><string>7AD496B0-AF37-461D-9F3652DF5BFA06E2</string><string>4DA3580E-03B3-459C-B9968C77A92FA26C</string><string>1AFB14D1-719E-48BE-95BB15299A7C89A1</string><string>E8C43899-09F5-469E-A92F7B0E86E4A148</string><string>20F81DF7-5D0B-4F58-A64D529FF2EF7808</string><string>E81C1782-ABF8-4321-8070C67CBC321D1B</string><string>859EAD10-ED86-47B0-AF90060199EBA0EC</string><string>43C34CAE-3839-45B5-B9E67268B9DC30C3</string><string>42BC1CD0-98C7-44F3-98D2008E18962B57</string><string>4246D8DC-6249-4453-B14822E2B20F98A0</string><string>91035C5C-29C6-4FB3-84F475E1E6A28977</string><string>B7EF4D89-4D5D-492D-A9E4432C1C257147</string><string>75439A8F-283C-423C-B4655440D570527A</string><string>00000000000000000000000000000000001</string><string>F8545C37-CB53-46C7-B08D643AB53AA7EE</string><string>8CFF27E4-099A-4379-BE8031C1A06F1991</string><string>3EE06FA2-F802-4A99-AB8233CC1B866BAC</string><string>DE005CB6-E213-4C3C-BE1849636501DD53</string><string>00000000000000000000000000000000001</string><string>225DADEF-3BA8-4E62-B59C0BB249B2ED5F</string><string>5B14402D-FBEE-4810-8DFB1B16FD0D53A7</string><string>F4C11176-E2C3-4618-9F3C2B7BA26BDEC6</string><string>A0E1553E-2DE9-4D6D-957A924C9047C715</string><string>B0776C71-DBB0-49C8-843EAF45F7111196</string><string>787ECA2D-82FE-4DC0-83C06AB486DB58FE</string><string>DDB76121-8927-4415-8FA62B1AE6AC847D</string><string>7423E076-B6D3-4316-81003EE4C9D7CB89</string><string>89E37306-2980-4E1E-809194E8A8D0B420</string><string>735D4949-0C24-403C-8E17CFE65C51E80B</string><string>FF32D135-7585-4CF9-B18B97202EC1CDB4</string><string>7F14F707-2852-4D72-8B22299DF48B0DAD</string><string>8479BAD8-D431-4A21-A5DA92C4DE9450B9</string><string>3AE97F44-AD15-48F2-BF108E841D7DAB3C</string><string>E6C60DD4-8C71-44D9-B16134A03E1A5ADE</string><string>00000000000000000000000000000000001</string><string>00000000000000000000000000000000001</string><string>0F7547B3-BE0E-485E-AE6EF462E070BDAC</string><string>41C02338-77A1-46ED-B9CBA96C18D4ACD5</string><string>06885ACD-691F-431A-BCC24E2490FE5D4C</string><string>74B87D9F-79B9-40FD-B14AFDE328FAD1C5</string><string>5DFDC0F2-B8D7-486A-AAD9AB496EE966AD</string><string>00000000000000000000000000000000001</string><string>101FE6B2-881A-4BB7-99A15E02C28E0376</string><string>8CFF27E4-099A-4379-BE8031C1A06F1991</string><string>C751FB7A-2355-4229-A6C005A7A3229044</string><string>2EF562BA-C51F-4374-A42423CA936AB54A</string><string>C6BAA0E6-8001-4322-8CA01CF6CE9BEF37</string><string>CFDA566E-1B2D-4282-A18B5F059C1DF930</string><string>73580986-3F5B-4A64-9A653BE8B48C39C4</string><string>2753AC9F-F333-49B7-826139B08A60C777</string><string>C38C3512-F003-4BAC-B1C48F13DF93214E</string><string>58E0EB62-3342-4D7B-8C8CAAC42DAF076B</string><string>C8000739-32B3-48C7-B0391BB687AE93D3</string><string>E8450B17-B31F-4338-B748634AC6554679</string><string>00000000000000000000000000000000001</string><string>38F7B8EC-8ECC-46A9-B8CCFF521CB6F951</string><string>89E37306-2980-4E1E-809194E8A8D0B420</string><string>DE0C0A42-93E9-4F8A-A2779466BBC38D21</string><string>00000000000000000000000000000000001</string><string>79918F5F-BDAD-45E0-B22F35EA1BBC1597</string><string>00000000000000000000000000000000001</string><string>5EA856A2-ABAD-461E-A10DF99D55B13084</string><string>1DABD588-AAD0-47AA-ABC32D5300C08053</string><string>00000000000000000000000000000000001</string><string>9C089316-3DF4-48FD-BB2C16EB6411594C</string></field><field name='FILENAME'><string>mura-objects/system-display-objects/site-map</string><string>about-us</string><string>spanish-about</string><string>site-map</string><string>about-us/board-of-directors/john-doe</string><string>spanish-about/about</string><string>about/annual-reports/2016-annual-report</string><string>mura-objects/system-display-objects/related-content</string><null/><string>about/photo-gallery/photo-1415628630193-e0372232b489-jpeg</string><string>bootstrap</string><string>events/first-day-of-summer-2015</string><string>events</string><string>temp-news/altitude-training-does-it-work</string><null/><null/><null/><null/><string>news/the-numbers-are-in</string><string>mura-objects/system-display-objects/user-tools</string><string>news/sleeping-outside-on-hot-summer-nights</string><string>mura-objects</string><string>photo-gallery/istock-unfinished-business-3-jpg</string><string>temp-news/sleeping-outside-on-hot-summer-nights</string><string>events/first-day-of-fall-2016</string><string>photo-gallery/istock-unfinished-business-5-jpg</string><string>about-us/board-of-directors</string><string>events/first-day-of-winter-2016</string><string>photo-gallery/istock-unfinished-business-7-jpg</string><string>about/annual-reports/2013-annual-report</string><string>about/annual-reports/2015-annual-report</string><string>events/first-day-of-summer-2016</string><string>news/woman-discovered-running-nowhere-in-particular</string><null/><null/><string>blog/my-first-time-surfing-i-didn-t-surf</string><string>mura-objects/system-display-objects/accept-comments</string><null/><string>mura-objects</string><string>home</string><null/><string>blog/i-wear-a-necklace-cause-i-wanna-know-when-i-m-upside-down</string><string>about</string><string>about</string><string>news</string><string>site-map</string><string>news/altitude-training-does-it-work</string><string>blog/why-i-no-longer-let-my-kids-play-with-bubbles</string><null/><string>news/housing-market-finally-taking-a-turn-for-the-better</string><string>news/woman-looks-forward-to-getting-lost-in-the-woods</string><string>about</string><string>photo-gallery</string><string>news/developer-discovered-writing-code-from-scratch</string><string>about/test-link</string><null/><null/><null/><string>events</string><string>news</string><string>contact-us</string><string>about/annual-reports/2013-annual-report1</string><null/><string>events/first-day-of-summer</string><string>where-do-i-start/siteid</string><string>about/protected-area</string><string>contact</string><string>section-test/test-page</string><null/><string>blog/why-you-should-go-ballooning</string><null/><string>about/protected-area/test</string><string>blog/i-met-my-wife-in-san-francisco-or-did-i</string><string>blog</string><string>temp-news/small-town-carnival-almost-ready</string><string>test-section</string><null/><null/><string>photo-gallery/istock-unfinished-business-hed-2015-jpg</string><string>news/small-town-carnival-almost-ready</string><string>about/photo-gallery/photo-1418290368169-1c94e6683532-jpeg</string><string>mura-objects/system-display-objects</string><string>blog/this-is-how-i-became-a-vampire</string><string>mura-objects/calendar</string><string>blog/my-wife-hates-my-ride</string><string>news/sleeping-outside-on-hot-summer-nights</string><string>about-us/our-history</string><null/><null/><string>events/mura-cms-u-s-training</string><string>overview</string><string>photo-gallery/istock-unfinished-business-11-jpg</string><string>photo-gallery/istock-unfinished-business-9-jpg</string><string>about/protected-area/test/temp</string><string>news/woman-discovered-running-nowhere-in-general</string><string>about/photo-gallery/1d8ef901-jpeg</string><string>about/photo-gallery/photo-1415860407914-fe42e09b4f77-jpeg</string><string>events/first-day-of-fall</string><string>blog/confessions-of-a-travel-addict</string><string>404</string><string>events/new-years-day</string><string>contact</string><string>photo-gallery/istock-unfinished-business-4-jpg</string><string>news/altitude-training-does-it-work</string><string>events/first-day-of-winter-2015</string><string>news/people-getting-lost-in-the-woods-on-purpose</string><null/><string>404</string><string>test-section/test-page</string><string>section-test</string><string>about/annual-reports</string><string>temp-news/life-as-a-lifeguard-not-so-good</string><string>events/first-day-of-fall-2015</string><string>news/snow-machines-run-as-winter-winds-down</string><string>about/annual-reports/2014-annual-report</string><string>events/launch-mura-7</string><string>photo-gallery/istock-unfinished-business-10-jpg</string><string>temp-news</string><string>mura-objects/syntax-highlighting</string><string>font-awesome</string><string>about/photo-gallery/photo-1417434743061-9873e0beaed6-jpeg</string><string>photo-gallery/istock-unfinished-business-6-jpg</string><string>photo-gallery/istock-unfinished-business-12-jpg</string><string>where-do-i-start/themes-directory</string><null/><string>blog/requirements-estimating-keep-your-projects-in-the-black</string><string>blog/why-i-only-sleep-for-three-hours-per-day-and-stay-up-all-night</string><string>blog/should-schools-to-tear-down-playgrounds-since-kids-no-longer-know-how-to-play-on-them</string><string>about/photo-gallery</string><null/><string>about/photo-gallery/photo-1417026846249-f31f7e43fc35-jpeg</string><string>about/test-page</string><string>about/mura-cms-support</string><string>test</string><string>temp-news/snow-machines-run-as-winter-winds-down</string><string>board-of-directors/matt</string><string>about/photo-gallery/photo-1417436183232-5748bd9f144e-jpeg</string><string>events/first-day-of-spring-2017</string><string>news/surfing-to-be-restricted-during-weekend-hours</string><string>test-page</string><string>mura-objects</string><string>mura-objects/calendar/mura-cms-u-k-training</string><string>events/mura-cms-u-s-training1</string><string>about</string><string>about/photo-gallery/photo-1417026792760-4002c893cfa0-jpeg</string><null/><null/><string>photo-gallery/istock-unfinished-business-8-jpg</string><string>about/protected-area/sample-page</string><string>blog/i-wear-a-necklace-cause-i-wanna-know-when-i-m-upside-down</string><string>news/birds-apparently-know-much-more-than-we-imagined</string><string>events/mura-cms-u-k-training</string><null/><string>events/first-day-of-winter</string><string>blog/top-20-reasons-i-make-fun-of-my-kid</string><string>mura-objects/calendar/mura-cms-u-s-training</string><string>board-of-directors</string><string>news/not-all-wine-comes-from-california-after-all</string><string>blog</string><string>news/life-as-a-lifeguard-not-so-good</string><string>bootstrap</string><string>photo-gallery/istock-unfinished-business-1-jpg</string><string>font-awesome</string><string>where-do-i-start</string><string>news</string><null/><string>news/build-a-winning-team</string><string>news/surfboarding-to-be-restricted-during-weekend-hours</string><string>mura-objects/system-display-objects/user-favorites</string><null/><string>about/photo-gallery/photo-1415938631621-bc6316bd55f1-jpeg</string><null/><string>about/photo-gallery/photo-1418290446909-26cf5877e5e8-jpeg</string><string>events/first-day-of-spring-2015</string><null/><string>mura-objects/navigation-examples</string></field></recordset></data></wddxPacket>
