<wddxPacket version='1.0'><header/><data><recordset rowCount='10' fieldNames='CATEGORYID,SITEID,PARENTID,DATECREATED,LASTUPDATE,LASTUPDATEBY,NAME,NOTES,ISINTERESTGROUP,ISACTIVE,ISOPEN,SORTBY,SORTDIRECTION,RESTRICTGROUPS,PATH,REMOTEID,REMOTESOURCEURL,REMOTEPUBDATE,URLTITLE,FILENAME,ISFEATUREABLE' type='coldfusion.sql.QueryTable'><field name='CATEGORYID'><string>10946F1F-CC7D-438B-A133DA8DF110634D</string><string>2EE13C41-656D-4D08-BDEA641081BBD6DD</string><string>3AFA4067-EEF2-4B17-9899D75D521C3B2C</string><string>5733602C-6120-44F1-B480ADBACF12783A</string><string>7BEE6D1C-C1B8-4D3A-A10CD53DF19C1436</string><string>7DF8DF15-194A-470C-BA6AC564DF5CF5BF</string><string>BC64D19C-3BF7-44EE-8E5D8B92E6034D9D</string><string>DB15D0D3-77E8-4A1F-806C655E6E5832B8</string><string>DE9B99FB-074F-4488-99C692020A775B00</string><string>EF46335C-933A-4F4F-9F66618C60615047</string></field><field name='SITEID'><string>default</string><string>default</string><string>default</string><string>default</string><string>default</string><string>default</string><string>default</string><string>default</string><string>default</string><string>default</string></field><field name='PARENTID'><string>DE9B99FB-074F-4488-99C692020A775B00</string><string>DE9B99FB-074F-4488-99C692020A775B00</string><string>DE9B99FB-074F-4488-99C692020A775B00</string><string>DE9B99FB-074F-4488-99C692020A775B00</string><string>DE9B99FB-074F-4488-99C692020A775B00</string><string>DE9B99FB-074F-4488-99C692020A775B00</string><string>DE9B99FB-074F-4488-99C692020A775B00</string><string>DE9B99FB-074F-4488-99C692020A775B00</string><null/><string>DE9B99FB-074F-4488-99C692020A775B00</string></field><field name='DATECREATED'><dateTime>2012-11-27T10:11:00-06:00</dateTime><dateTime>2013-09-20T18:39:24-06:00</dateTime><dateTime>2012-11-27T10:12:39-06:00</dateTime><dateTime>2012-11-27T10:10:32-06:00</dateTime><dateTime>2012-11-27T13:36:20-06:00</dateTime><dateTime>2012-11-27T10:09:49-06:00</dateTime><dateTime>2012-11-27T10:13:03-06:00</dateTime><dateTime>2012-11-27T10:10:19-06:00</dateTime><dateTime>2012-11-27T10:09:32-06:00</dateTime><dateTime>2012-11-27T10:10:10-06:00</dateTime></field><field name='LASTUPDATE'><dateTime>2012-11-27T10:11:00-06:00</dateTime><dateTime>2013-09-20T18:39:24-06:00</dateTime><dateTime>2012-11-27T10:12:39-06:00</dateTime><dateTime>2012-11-27T10:10:32-06:00</dateTime><dateTime>2012-11-27T13:36:20-06:00</dateTime><dateTime>2012-11-27T10:09:49-06:00</dateTime><dateTime>2012-11-27T10:13:03-06:00</dateTime><dateTime>2012-11-27T10:10:19-06:00</dateTime><dateTime>2012-11-27T10:09:32-06:00</dateTime><dateTime>2012-11-27T10:10:10-06:00</dateTime></field><field name='LASTUPDATEBY'><string>Steve Withington</string><string>Steve Withington</string><string>Steve Withington</string><string>Steve Withington</string><string>Steve Withington</string><string>Steve Withington</string><string>Steve Withington</string><string>Steve Withington</string><string>Steve Withington</string><string>Steve Withington</string></field><field name='NAME'><string>Arts &amp; Culture</string><string>Weather</string><string>Opinion</string><string>World News</string><string>Technology</string><string>Business</string><string>Health &amp; Science</string><string>Local News</string><string>News Categories</string><string>Politics</string></field><field name='NOTES'><null/><null/><null/><null/><null/><null/><null/><null/><null/><null/></field><field name='ISINTERESTGROUP'><number>1.0</number><number>1.0</number><number>1.0</number><number>1.0</number><number>1.0</number><number>1.0</number><number>1.0</number><number>1.0</number><number>0.0</number><number>1.0</number></field><field name='ISACTIVE'><number>1.0</number><number>1.0</number><number>1.0</number><number>1.0</number><number>1.0</number><number>1.0</number><number>1.0</number><number>1.0</number><number>1.0</number><number>1.0</number></field><field name='ISOPEN'><number>1.0</number><number>1.0</number><number>1.0</number><number>1.0</number><number>1.0</number><number>1.0</number><number>1.0</number><number>1.0</number><number>0.0</number><number>1.0</number></field><field name='SORTBY'><string>orderno</string><string>orderno</string><string>orderno</string><string>orderno</string><string>orderno</string><string>orderno</string><string>orderno</string><string>orderno</string><string>orderno</string><string>orderno</string></field><field name='SORTDIRECTION'><string>asc</string><string>asc</string><string>asc</string><string>asc</string><string>asc</string><string>asc</string><string>asc</string><string>asc</string><string>asc</string><string>asc</string></field><field name='RESTRICTGROUPS'><null/><null/><null/><null/><null/><null/><null/><null/><null/><null/></field><field name='PATH'><string>DE9B99FB-074F-4488-99C692020A775B00,10946F1F-CC7D-438B-A133DA8DF110634D</string><string>DE9B99FB-074F-4488-99C692020A775B00,2EE13C41-656D-4D08-BDEA641081BBD6DD</string><string>DE9B99FB-074F-4488-99C692020A775B00,3AFA4067-EEF2-4B17-9899D75D521C3B2C</string><string>DE9B99FB-074F-4488-99C692020A775B00,5733602C-6120-44F1-B480ADBACF12783A</string><string>DE9B99FB-074F-4488-99C692020A775B00,7BEE6D1C-C1B8-4D3A-A10CD53DF19C1436</string><string>DE9B99FB-074F-4488-99C692020A775B00,7DF8DF15-194A-470C-BA6AC564DF5CF5BF</string><string>DE9B99FB-074F-4488-99C692020A775B00,BC64D19C-3BF7-44EE-8E5D8B92E6034D9D</string><string>DE9B99FB-074F-4488-99C692020A775B00,DB15D0D3-77E8-4A1F-806C655E6E5832B8</string><string>DE9B99FB-074F-4488-99C692020A775B00</string><string>DE9B99FB-074F-4488-99C692020A775B00,EF46335C-933A-4F4F-9F66618C60615047</string></field><field name='REMOTEID'><null/><null/><null/><null/><null/><null/><null/><null/><null/><null/></field><field name='REMOTESOURCEURL'><null/><null/><null/><null/><null/><null/><null/><null/><null/><null/></field><field name='REMOTEPUBDATE'><null/><null/><null/><null/><null/><null/><null/><null/><null/><null/></field><field name='URLTITLE'><string>arts-culture</string><string>weather</string><string>opinion</string><string>world-news</string><string>technology</string><string>business</string><string>health-science</string><string>local-news</string><string>news-categories</string><string>politics</string></field><field name='FILENAME'><string>news-categories/arts-culture</string><string>news-categories/weather</string><string>news-categories/opinion</string><string>news-categories/world-news</string><string>news-categories/technology</string><string>news-categories/business</string><string>news-categories/health-science</string><string>news-categories/local-news</string><string>news-categories</string><string>news-categories/politics</string></field><field name='ISFEATUREABLE'><number>1.0</number><number>1.0</number><number>1.0</number><number>1.0</number><number>1.0</number><number>1.0</number><number>1.0</number><number>1.0</number><number>0.0</number><number>1.0</number></field></recordset></data></wddxPacket>
