<wddxPacket version='1.0'><header/><data><recordset rowCount='4' fieldNames='CONTENTHISTID,CATEGORYID,CONTENTID,ISFEATURE,ORDERNO,SITEID,FEATURESTART,FEATURESTOP' type='coldfusion.sql.QueryTable'><field name='CONTENTHISTID'><string>04358514-4E46-4505-A68D2D4F5BB0F7FA</string><string>19D9D58C-DBE6-4461-9168453705D12F0E</string><string>2A2D15BF-1A55-47D6-95037D97040990AD</string><string>65846891-668D-45CA-A2B78684478B3A8A</string></field><field name='CATEGORYID'><string>BC64D19C-3BF7-44EE-8E5D8B92E6034D9D</string><string>10946F1F-CC7D-438B-A133DA8DF110634D</string><string>BC64D19C-3BF7-44EE-8E5D8B92E6034D9D</string><string>7BEE6D1C-C1B8-4D3A-A10CD53DF19C1436</string></field><field name='CONTENTID'><string>66DEF228-5966-4E4B-80DF63A4C9798C5F</string><string>0FF94B78-9171-443F-B5C26BF7B81FF9D3</string><string>5EE65F2D-323C-4429-9EF3B44575C87EA9</string><string>439821C5-2DDF-4A3C-B87ACFA3BC0CF073</string></field><field name='ISFEATURE'><number>0.0</number><number>0.0</number><number>1.0</number><number>0.0</number></field><field name='ORDERNO'><number>0.0</number><number>0.0</number><number>0.0</number><number>0.0</number></field><field name='SITEID'><string>default</string><string>default</string><string>default</string><string>default</string></field><field name='FEATURESTART'><null/><null/><null/><null/></field><field name='FEATURESTOP'><null/><null/><null/><null/></field></recordset></data></wddxPacket>
