<wddxPacket version='1.0'><header/><data><recordset rowCount='15' fieldNames='TAGID,CONTENTID,CONTENTHISTID,SITEID,TAG,TAGGROUP' type='coldfusion.sql.QueryTable'><field name='TAGID'><number>1.0</number><number>2.0</number><number>3.0</number><number>4.0</number><number>5.0</number><number>6.0</number><number>7.0</number><number>8.0</number><number>9.0</number><number>10.0</number><number>11.0</number><number>12.0</number><number>13.0</number><number>14.0</number><number>15.0</number></field><field name='CONTENTID'><string>D006A0E8-EFEC-4EC9-93A0DD1F56938491</string><string>D006A0E8-EFEC-4EC9-93A0DD1F56938491</string><string>4BD7F5FF-882F-4D5F-993D89D28E8EC3E5</string><string>4BD7F5FF-882F-4D5F-993D89D28E8EC3E5</string><string>0F0244A3-38ED-4279-A614DB98461EFB93</string><string>0F0244A3-38ED-4279-A614DB98461EFB93</string><string>3D2C05F1-7CFD-43EC-A22A4A6DC739A9DC</string><string>3D2C05F1-7CFD-43EC-A22A4A6DC739A9DC</string><string>439821C5-2DDF-4A3C-B87ACFA3BC0CF073</string><string>439821C5-2DDF-4A3C-B87ACFA3BC0CF073</string><string>66DEF228-5966-4E4B-80DF63A4C9798C5F</string><string>66DEF228-5966-4E4B-80DF63A4C9798C5F</string><string>5EE65F2D-323C-4429-9EF3B44575C87EA9</string><string>5EE65F2D-323C-4429-9EF3B44575C87EA9</string><string>5EE65F2D-323C-4429-9EF3B44575C87EA9</string></field><field name='CONTENTHISTID'><string>2A69CD6E-EB09-4EF3-BFE2AD49AA9D043C</string><string>2A69CD6E-EB09-4EF3-BFE2AD49AA9D043C</string><string>2949A2BD-BC93-4D3F-B06387EB189FE2DC</string><string>2949A2BD-BC93-4D3F-B06387EB189FE2DC</string><string>1F5D0CAE-1E75-44DB-92725F12071D373E</string><string>1F5D0CAE-1E75-44DB-92725F12071D373E</string><string>4D62DBF1-4CC5-4AB3-85BD07CC9B214E36</string><string>4D62DBF1-4CC5-4AB3-85BD07CC9B214E36</string><string>65846891-668D-45CA-A2B78684478B3A8A</string><string>65846891-668D-45CA-A2B78684478B3A8A</string><string>04358514-4E46-4505-A68D2D4F5BB0F7FA</string><string>04358514-4E46-4505-A68D2D4F5BB0F7FA</string><string>2A2D15BF-1A55-47D6-95037D97040990AD</string><string>2A2D15BF-1A55-47D6-95037D97040990AD</string><string>2A2D15BF-1A55-47D6-95037D97040990AD</string></field><field name='SITEID'><string>default</string><string>default</string><string>default</string><string>default</string><string>default</string><string>default</string><string>default</string><string>default</string><string>default</string><string>default</string><string>default</string><string>default</string><string>default</string><string>default</string><string>default</string></field><field name='TAG'><string>fun</string><string>travel</string><string>school</string><string>kids</string><string>fun</string><string>kids</string><string>travel</string><string>fun</string><string>california</string><string>developer</string><string>california</string><string>birds</string><string>california</string><string>wine</string><string>running</string></field><field name='TAGGROUP'><null/><null/><null/><null/><null/><null/><null/><null/><string>News</string><string>News</string><string>News</string><string>News</string><string>News</string><string>News</string><string>News</string></field></recordset></data></wddxPacket>
