<wddxPacket version='1.0'><header/><data><recordset rowCount='34' fieldNames='CONTENTHISTID,OBJECTID,OBJECT,CONTENTID,NAME,ORDERNO,SITEID,COLUMNID,PARAMS' type='coldfusion.sql.QueryTable'><field name='CONTENTHISTID'><string>03C0A08A-9DA9-4A97-B867CEDCB1F12414</string><string>0B745437-D177-42D4-95392A666B975B39</string><string>0CB833E8-53E9-462B-8C1A80AC7067B0A2</string><string>11453E9D-E1D3-E82F-E290DB0515E2EF51</string><string>11453E9D-E1D3-E82F-E290DB0515E2EF51</string><string>1A406B9F-F061-4ACF-A32EFAA36FDBD797</string><string>232AD078-9075-40BD-B4F2BA89C047E14F</string><string>25C66DB9-8F15-49AA-92378F14AF6BAC4B</string><string>3750BFEC-5CA6-4988-B77A7249489B7C31</string><string>40D2E8D3-F80E-4C52-ADE5CBCAFDB78317</string><string>40D2E8D3-F80E-4C52-ADE5CBCAFDB78317</string><string>40D2E8D3-F80E-4C52-ADE5CBCAFDB78317</string><string>40D2E8D3-F80E-4C52-ADE5CBCAFDB78317</string><string>40D2E8D3-F80E-4C52-ADE5CBCAFDB78317</string><string>40D2E8D3-F80E-4C52-ADE5CBCAFDB78317</string><string>560054AB-C42E-45C0-9D1BD9574A07B62C</string><string>560054AB-C42E-45C0-9D1BD9574A07B62C</string><string>560054AB-C42E-45C0-9D1BD9574A07B62C</string><string>6862B3E0-1CD8-4589-B5D7609837DF427D</string><string>79304B53-5258-4F65-ADFD5DFB5867D896</string><string>7DA4DC9B-4DE3-476D-9E092022B3BECA6C</string><string>7FDAFA47-B0D9-4638-B4FE8E5541CFE0CD</string><string>B5B8242A-C83C-4539-87D3784410F53CA3</string><string>B5B8242A-C83C-4539-87D3784410F53CA3</string><string>BBB42993-7AC5-4D26-A402586F383AA1CD</string><string>C6356541-71D0-4C0E-9EDA814AD2DB4EB4</string><string>E149D871-3A81-4F95-9703B596D7455752</string><string>E149D871-3A81-4F95-9703B596D7455752</string><string>E149D871-3A81-4F95-9703B596D7455752</string><string>E149D871-3A81-4F95-9703B596D7455752</string><string>E44CA5B8-2733-46D4-9EB688138AE73810</string><string>EAAED77E-B99B-4817-9DD751191C2D9D33</string><string>FBE6849A-E032-413B-848F9FEE930D0F0B</string><string>FECCAC13-7CF8-4494-80C829DE5F3E8EF3</string></field><field name='OBJECTID'><string>450BEA65-2533-40E8-8C463711F9E2738A</string><string>C7495E0B-B2C7-4DBC-AE1A73F12FE70AF2</string><string>7FC27D00-44C8-4202-9EC2C95D736D68D4</string><string>32FE17CA-1009-42AC-B55E40015707C9F8</string><string>392470DC-681B-450F-85DC35C5D6B18FFA</string><string>BBC83BA2-86EB-4587-81CE1CB2DBA39DA4</string><string>7CB0E39E-2441-40AF-A61E21D16AF00769</string><string>FA0082B9-74EA-431F-AA7F8F6A4F45D336</string><string>1AEFEEE5-F9E6-483B-B4BF440FC4CF0F3C</string><string>818316D3-A0EF-4A04-AA651CAB4AB690A0</string><string>F8C48BFD-B25B-440F-A9E9B0687231D1A6</string><string>FB7F86EF-6A29-4046-AFA12E8F5192BB46</string><string>FB7F86EF-6A29-4046-AFA12E8F5192BB46</string><string>FB7F86EF-6A29-4046-AFA12E8F5192BB46</string><string>FB7F86EF-6A29-4046-AFA12E8F5192BB46</string><string>21F491EB-9C70-4899-A21F76CD291DB828</string><string>839A49DC-7CAA-46ED-AB52D1C1E9A167FD</string><string>F7A9CD01-6FB3-4BC3-A6D630C9615D6552</string><string>E8050D8A-AC8E-4644-8FB387CFA8634FD5</string><string>49C3549D-909A-4840-AE1CFB8EACD86613</string><string>CA6CDD12-A55B-4EB0-987CBBFF1460ADF4</string><string>5DC0C902-734E-42FB-84BE23C631CF1283</string><string>01B9FC8D-AE1B-46DD-9804012D6BEF69A0</string><string>4528BE7C-CD2D-4558-8DD98D9149549091</string><string>48D5ABD3-B849-4775-BA09F4A69B9D6716</string><string>39974C96-9448-4E6C-89C7D9E4A572C524</string><string>7361C8ED-BF1E-444F-A436012F40B5B9CA</string><string>7361C8ED-BF1E-444F-A436012F40B5B9CA</string><string>7361C8ED-BF1E-444F-A436012F40B5B9CA</string><string>F3B0D2A0-0BCA-4EBA-9B055FBAF8079D78</string><string>E5D930FA-3EEF-412A-925C78B6E9282A1A</string><string>AF855634-FF9D-4787-B8B1D5342E762BE7</string><string>93A138D6-CD9D-40F5-9982DF765F3DAC00</string><string>5620BCC4-8542-4EE6-8B021A21F4BA3298</string></field><field name='OBJECT'><string>sub_nav</string><string>folder_nav</string><string>feed</string><string>standard_nav</string><string>collection</string><string>standard_nav</string><string>tag_cloud</string><string>user_tools</string><string>dragable_feeds</string><string>category_summary</string><string>comments</string><string>archive_nav</string><string>calendar_nav</string><string>category_summary</string><string>tag_cloud</string><string>collection</string><string>feed</string><string>feed</string><string>event_reminder_form</string><string>multilevel_nav</string><string>seq_nav</string><string>sub_nav</string><string>standard_nav</string><string>user_tools</string><string>site_map</string><string>folder_nav</string><string>archive_nav</string><string>calendar_nav</string><string>tag_cloud</string><string>comments</string><string>peer_nav</string><string>comments</string><string>form</string><string>collection</string></field><field name='CONTENTID'><string>450BEA65-2533-40E8-8C463711F9E2738A</string><string>C7495E0B-B2C7-4DBC-AE1A73F12FE70AF2</string><string>AD5ED5FE-2BAE-4372-A30EA16FDEE8098F</string><string>32FE17CA-1009-42AC-B55E40015707C9F8</string><string>32FE17CA-1009-42AC-B55E40015707C9F8</string><string>73A63261-D03C-4335-A678F65794B59570</string><string>6B6F4CD8-9AF0-4B02-A8D30930AB2D6EC6</string><string>546C61A5-A9F5-4B83-A9184C291D3BEFA0</string><string>B1F9F2AF-2549-48F2-8C99DD740FE57125</string><string>FB7F86EF-6A29-4046-AFA12E8F5192BB46</string><string>FB7F86EF-6A29-4046-AFA12E8F5192BB46</string><string>FB7F86EF-6A29-4046-AFA12E8F5192BB46</string><string>FB7F86EF-6A29-4046-AFA12E8F5192BB46</string><string>FB7F86EF-6A29-4046-AFA12E8F5192BB46</string><string>FB7F86EF-6A29-4046-AFA12E8F5192BB46</string><string>00000000000000000000000000000000001</string><string>00000000000000000000000000000000001</string><string>00000000000000000000000000000000001</string><string>4B326A22-FDFB-4A20-BFCC2B64AB07E71D</string><string>CBA83AD8-8EC3-4E0F-B9416B7404789557</string><string>55E33601-FB20-422B-9F1753C6B31E5564</string><string>821E90C0-9E2D-4262-9D918F9A392AF70B</string><string>F60AE00D-C93F-47A1-AF81AE4C5914E2A7</string><string>F60AE00D-C93F-47A1-AF81AE4C5914E2A7</string><string>9152E18A-FA2A-4427-BA334F9CB426BFC6</string><string>7F7701E7-1294-4C7C-96F12C4C3492E4AB</string><string>7361C8ED-BF1E-444F-A436012F40B5B9CA</string><string>7361C8ED-BF1E-444F-A436012F40B5B9CA</string><string>7361C8ED-BF1E-444F-A436012F40B5B9CA</string><string>7361C8ED-BF1E-444F-A436012F40B5B9CA</string><string>0F9E4564-B57F-4908-89979F5127042931</string><string>612606CA-0BA1-4BCD-9188567DE098ED4F</string><string>F92B33CD-1A40-4385-A9C7F78DE645EFB5</string><string>7E4B0C2B-7AEB-4B51-A72DD52C37A678F7</string></field><field name='NAME'><string>&lt;i class="mi-align-justify"&gt;&lt;/i&gt; Navigation</string><string>&lt;i class="mi-align-justify"&gt;&lt;/i&gt; Navigation</string><string>Upcoming Events - Local Index</string><string>Navigation</string><string>Collection</string><string>Standard Navigation</string><string>Tag Group</string><string>&lt;i class="mi-cog"&gt;&lt;/i&gt; System</string><string>Dragable Feeds</string><string>Category Summary</string><string>Comments</string><string>&lt;i class="mi-align-justify"&gt;&lt;/i&gt; Navigation</string><string>&lt;i class="mi-align-justify"&gt;&lt;/i&gt; Navigation</string><string>Navigation</string><string>Navigation</string><string>&lt;i class="mi-th-list"&gt;&lt;/i&gt; Collection</string><string>Mura Blog - Remote Feed</string><string>From Our Blog - Local Index</string><string>Event Reminder Form</string><string>Multi-Level Navigation</string><string>Sequential Nav</string><string>Sub Navigation</string><string>Standard Navigation</string><string>User Tools</string><string>Site Map</string><string>Folder Navigation</string><string>&lt;i class="mi-align-justify"&gt;&lt;/i&gt; Navigation</string><string>&lt;i class="mi-align-justify"&gt;&lt;/i&gt; Navigation</string><string>&lt;i class="mi-align-justify"&gt;&lt;/i&gt; Navigation</string><string>Comments</string><string>Peer Navigation</string><string>&lt;i class="mi-cog"&gt;&lt;/i&gt; System</string><string>&lt;i class="mi-toggle-on"&gt;&lt;/i&gt; Form</string><string>&lt;i class="mi-th-list"&gt;&lt;/i&gt; Collection</string></field><field name='ORDERNO'><number>1.0</number><number>1.0</number><number>1.0</number><number>1.0</number><number>1.0</number><number>1.0</number><number>1.0</number><number>1.0</number><number>1.0</number><number>1.0</number><number>1.0</number><number>2.0</number><number>1.0</number><number>2.0</number><number>3.0</number><number>1.0</number><number>2.0</number><number>1.0</number><number>1.0</number><number>1.0</number><number>1.0</number><number>1.0</number><number>1.0</number><number>2.0</number><number>1.0</number><number>1.0</number><number>2.0</number><number>1.0</number><number>3.0</number><number>1.0</number><number>1.0</number><number>1.0</number><number>1.0</number><number>1.0</number></field><field name='SITEID'><string>default</string><string>default</string><string>default</string><string>default</string><string>default</string><string>default</string><string>default</string><string>default</string><string>default</string><string>default</string><string>default</string><string>default</string><string>default</string><string>default</string><string>default</string><string>default</string><string>default</string><string>default</string><string>default</string><string>default</string><string>default</string><string>default</string><string>default</string><string>default</string><string>default</string><string>default</string><string>default</string><string>default</string><string>default</string><string>default</string><string>default</string><string>default</string><string>default</string><string>default</string></field><field name='COLUMNID'><number>1.0</number><number>1.0</number><number>3.0</number><number>1.0</number><number>3.0</number><number>1.0</number><number>2.0</number><number>2.0</number><number>2.0</number><number>3.0</number><number>2.0</number><number>1.0</number><number>1.0</number><number>3.0</number><number>3.0</number><number>2.0</number><number>3.0</number><number>3.0</number><number>2.0</number><number>1.0</number><number>2.0</number><number>1.0</number><number>1.0</number><number>1.0</number><number>2.0</number><number>1.0</number><number>3.0</number><number>3.0</number><number>3.0</number><number>2.0</number><number>1.0</number><number>2.0</number><number>3.0</number><number>2.0</number></field><field name='PARAMS'><string>{"object":"sub_nav","objectname":"&lt;i class=\"mi-align-justify\"&gt;&lt;/i&gt; Navigation","inited":true,"taggroup":"","cssclass":"","class":""}</string><string>{"object":"folder_nav","objectname":"&lt;i class=\"mi-align-justify\"&gt;&lt;/i&gt; Navigation","inited":true,"taggroup":"","cssclass":"","class":""}</string><string>{"imageSize":"small","imageWidth":"AUTO","imageHeight":"AUTO","displayName":"1","altName":"","cssclass":"","viewalllink":"","viewalllabel":"","maxItems":"3","nextN":"20","displayList":"Date,Title,Image,Summary,Credits,Tags"}</string><string>{"object":"standard_nav","inited":"YES","css":"","objecticonclass":"mi-align-justify","objectname":"Navigation","render":"server","taggroup":""}</string><string>{"object":"collection","css":"","viewalllink":"","objecticonclass":"mi-th-list","objectname":"Collection","layout":"default","render":"server","items":"","sourcetype":"remotefeed","displaylist":"Image,Date,Title,Summary,Credits,Tags","viewalllabel":"","inited":"YES","nextn":20,"modalimages":"NO","imagesize":"small","imagewidth":"AUTO","displaysummaries":1,"sortby":"","source":"839A49DC-7CAA-46ED-AB52D1C1E9A167FD","label":"","imageheight":"AUTO","maxitems":2}</string><null/><string>{"taggroup":""}</string><string>{"object":"user_tools","objectname":"&lt;i class=\"mi-cog\"&gt;&lt;/i&gt; System","inited":true,"cssclass":"","class":""}</string><null/><string>{"object":"category_summary","objectname":"Category Summary","inited":true,"taggroup":"","css":"","render":"server","displayrss":false,"objecticonclass":"mi-cog"}</string><string>{"object":"comments","objectname":"Comments","inited":true,"css":"","render":"server","objecticonclass":"mi-cog"}</string><string>{"object":"archive_nav","render":"server","objecticonclass":"mi-cog","objectname":"&lt;i class=\"mi-align-justify\"&gt;&lt;/i&gt; Navigation"}</string><string>{"object":"calendar_nav","render":"server","objectname":"&lt;i class=\"mi-align-justify\"&gt;&lt;/i&gt; Navigation","objecticonclass":"mi-cog"}</string><string>{"object":"category_summary","objectname":"Navigation","objecticonclass":"mi-align-justify","inited":true,"taggroup":"","cssclass":"","class":""}</string><string>{"object":"tag_cloud","objectname":"Navigation","objecticonclass":"mi-align-justify","inited":true,"taggroup":"News","cssclass":"","class":""}</string><string>{"object":"collection","objectname":"&lt;i class=\"mi-th-list\"&gt;&lt;/i&gt; Collection","inited":true,"sourcetype":"localindex","label":"From Our Blog","css":"","":"","source":"F7A9CD01-6FB3-4BC3-A6D630C9615D6552","layout":"grid","imagesize":"carouselimage","imageheight":"AUTO","imagewidth":"AUTO","displaylist":"Image,Date,Title,Summary,Credits","modalimages":false,"maxitems":3,"nextn":20,"gridstyle":"mura-grid-three","render":"server","items":"","viewalllink":"","viewalllabel":"","sourceid":"F7A9CD01-6FB3-4BC3-A6D630C9615D6552","cssclass":"home-news","class":"home-news"}</string><string>{"displaySummaries":"0","viewalllink":"","viewalllabel":""}</string><string>{"imageSize":"small","imageWidth":"AUTO","imageHeight":"AUTO","displayName":"1","altName":"From Our Blog","cssclass":"","viewalllink":"","viewalllabel":"","maxItems":"1","nextN":"20","displayList":"Date,Title,Summary,Credits"}</string><null/><null/><null/><null/><null/><null/><null/><null/><string>{"object":"archive_nav","render":"server","objecticonclass":"mi-cog","objectname":"&lt;i class=\"mi-align-justify\"&gt;&lt;/i&gt; Navigation"}</string><string>{"object":"calendar_nav","render":"server","objectname":"&lt;i class=\"mi-align-justify\"&gt;&lt;/i&gt; Navigation","objecticonclass":"mi-cog"}</string><string>{"object":"tag_cloud","objectname":"&lt;i class=\"mi-align-justify\"&gt;&lt;/i&gt; Navigation","inited":true,"taggroup":"","css":"","objecticonclass":"mi-cog"}</string><string>{"object":"comments","render":"server","css":"","inited":true,"objectname":"Comments","objecticonclass":"mi-cog"}</string><null/><string>{"object":"comments","objectname":"&lt;i class=\"mi-cog\"&gt;&lt;/i&gt; System","inited":true,"cssclass":"","class":""}</string><string>{"object":"form","objectname":"&lt;i class=\"mi-toggle-on\"&gt;&lt;/i&gt; Form","inited":true,"view":"form","render":"client","label":"Contact Us","cssclass":"","class":"","name":"Information Request"}</string><string>{"object":"collection","objectname":"&lt;i class=\"mi-th-list\"&gt;&lt;/i&gt; Collection","inited":true,"sourcetype":"relatedcontent","label":"","cssclass":"","class":"","source":"00000000000000000000000000000000000","layout":"default","imagesize":"small","imageheight":"AUTO","imagewidth":"AUTO","displaylist":"Date,Title,Summary,Credits,Tags","modalimages":false,"viewalllink":"","viewalllabel":"","maxitems":4,"nextn":20}</string></field></recordset></data></wddxPacket>
