<wddxPacket version='1.0'><header/><data><recordset rowCount='2' fieldNames='FEEDID,ITEMID,TYPE' type='coldfusion.sql.QueryTable'><field name='FEEDID'><string>F7A9CD01-6FB3-4BC3-A6D630C9615D6552</string><string>DB74633F-6284-45E6-B22CEA634FA9B49C</string></field><field name='ITEMID'><string>7361C8ED-BF1E-444F-A436012F40B5B9CA</string><string>FB7F86EF-6A29-4046-AFA12E8F5192BB46</string></field><field name='TYPE'><string>contentID</string><string>contentID</string></field></recordset></data></wddxPacket>
