<wddxPacket version='1.0'><header/><data><recordset rowCount='4' fieldNames='SITEID,CONTENTID,FILENAME,ARCHIVEID' type='coldfusion.sql.QueryTable'><field name='SITEID'><string>theme-murabootstrap3</string><string>theme-murabootstrap3</string><string>theme-murabootstrap3</string><string>theme-murabootstrap3</string></field><field name='CONTENTID'><string>B851BE0F-7DCC-4EF1-A8B657D400337FD8</string><string>F93E8FA1-CE3E-4528-8C4A25045D0AB3F9</string><string>C0CDC5C2-BBD9-5CD0-EDBBF35E6314ABDB</string><string>C0CF2CD9-AF1D-3314-9CBF84735084DDF8</string></field><field name='FILENAME'><string>about</string><string>mura-objects/syntax-highlighting</string><string>about/protected-area/test</string><string>about/protected-area/test/temp</string></field><field name='ARCHIVEID'><string>5E790D2A-9095-85E1-C79A53947A534B80</string><string>86A4710D-BFB5-D15F-3963221F5A844F09</string><string>C0CE926C-C4C0-44BA-85EF290E409626F3</string><string>C0CFF924-B4EE-F241-817189169C2BE3DE</string></field></recordset></data></wddxPacket>
