<wddxPacket version='1.0'><header/><data><recordset rowCount='13' fieldNames='CATEGORYID,SITEID,PARENTID,DATECREATED,LASTUPDATE,LASTUPDATEBY,NAME,NOTES,ISINTERESTGROUP,ISACTIVE,ISOPEN,SORTBY,SORTDIRECTION,RESTRICTGROUPS,PATH,REMOTEID,REMOTESOURCEURL,REMOTEPUBDATE,URLTITLE,FILENAME,ISFEATUREABLE' type='coldfusion.sql.QueryTable'><field name='CATEGORYID'><string>247F978F-E9AA-4123-931D7E6472425B29</string><string>27D677BC-F89C-43BB-99EAFB18D2F3AC37</string><string>28CD7E6E-77EC-406B-87DF69A51429A8BA</string><string>511BA81F-DB96-4EA6-A642A0C3AC948898</string><string>64CF00E4-B91C-4C7A-8C6BFE92E7DC985F</string><string>70BB69C1-C117-4183-864A307B7096601C</string><string>763372BC-311F-49E9-BC4BCF3BB80642B6</string><string>7A96BAF2-8483-4444-81694C89AD9C37B8</string><string>B03DDFB8-B1BE-4FA7-B6003690B0BFDF5D</string><string>D6FC9865-7860-423F-87896656B97D108D</string><string>E4538A04-9B9E-476F-A177663C8DEB324E</string><string>F0E68ABD-5AD4-49AA-83BFD6C3E5312C7E</string><string>F6203374-E352-498A-AE3D6CA33DDF5CA6</string></field><field name='SITEID'><string>theme-murabootstrap3</string><string>theme-murabootstrap3</string><string>theme-murabootstrap3</string><string>theme-murabootstrap3</string><string>theme-murabootstrap3</string><string>theme-murabootstrap3</string><string>theme-murabootstrap3</string><string>theme-murabootstrap3</string><string>theme-murabootstrap3</string><string>theme-murabootstrap3</string><string>theme-murabootstrap3</string><string>theme-murabootstrap3</string><string>theme-murabootstrap3</string></field><field name='PARENTID'><string>F6203374-E352-498A-AE3D6CA33DDF5CA6</string><string>F6203374-E352-498A-AE3D6CA33DDF5CA6</string><string>F6203374-E352-498A-AE3D6CA33DDF5CA6</string><string>F6203374-E352-498A-AE3D6CA33DDF5CA6</string><string>F6203374-E352-498A-AE3D6CA33DDF5CA6</string><string>F6203374-E352-498A-AE3D6CA33DDF5CA6</string><string>F6203374-E352-498A-AE3D6CA33DDF5CA6</string><string>F0E68ABD-5AD4-49AA-83BFD6C3E5312C7E</string><string>F6203374-E352-498A-AE3D6CA33DDF5CA6</string><string>F6203374-E352-498A-AE3D6CA33DDF5CA6</string><string>F0E68ABD-5AD4-49AA-83BFD6C3E5312C7E</string><null/><null/></field><field name='DATECREATED'><dateTime>2012-11-27T10:11:00-06:00</dateTime><dateTime>2012-11-27T10:13:03-06:00</dateTime><dateTime>2013-09-20T17:39:24-06:00</dateTime><dateTime>2012-11-27T10:10:32-06:00</dateTime><dateTime>2012-11-27T10:10:10-06:00</dateTime><dateTime>2012-11-27T10:10:19-06:00</dateTime><dateTime>2012-11-27T10:09:49-06:00</dateTime><dateTime>2012-11-27T15:09:07-06:00</dateTime><dateTime>2012-11-27T13:36:20-06:00</dateTime><dateTime>2012-11-27T10:12:39-06:00</dateTime><dateTime>2013-09-20T16:31:07-06:00</dateTime><dateTime>2012-11-27T15:08:58-06:00</dateTime><dateTime>2012-11-27T10:09:32-06:00</dateTime></field><field name='LASTUPDATE'><dateTime>2012-11-27T10:11:00-06:00</dateTime><dateTime>2012-11-27T10:13:03-06:00</dateTime><dateTime>2013-09-20T17:39:24-06:00</dateTime><dateTime>2012-11-27T10:10:32-06:00</dateTime><dateTime>2012-11-27T10:10:10-06:00</dateTime><dateTime>2012-11-27T10:10:19-06:00</dateTime><dateTime>2012-11-27T10:09:49-06:00</dateTime><dateTime>2012-11-27T15:09:07-06:00</dateTime><dateTime>2012-11-27T13:36:20-06:00</dateTime><dateTime>2012-11-27T10:12:39-06:00</dateTime><dateTime>2013-09-20T16:31:07-06:00</dateTime><dateTime>2012-11-27T15:08:58-06:00</dateTime><dateTime>2012-11-27T10:09:32-06:00</dateTime></field><field name='LASTUPDATEBY'><string>Steve Withington</string><string>Steve Withington</string><string>Steve Withington</string><string>Steve Withington</string><string>Steve Withington</string><string>Steve Withington</string><string>Steve Withington</string><string>Steve Withington</string><string>Steve Withington</string><string>Steve Withington</string><string>Steve Withington</string><string>Steve Withington</string><string>Steve Withington</string></field><field name='NAME'><string>Arts &amp; Culture</string><string>Health &amp; Science</string><string>Weather</string><string>World News</string><string>Politics</string><string>Local News</string><string>Business</string><string>Mura CMS Training</string><string>Technology</string><string>Opinion</string><string>MuraCon</string><string>Event Categories</string><string>News Categories</string></field><field name='NOTES'><null/><null/><null/><null/><null/><null/><null/><null/><null/><null/><null/><null/><null/></field><field name='ISINTERESTGROUP'><number>1.0</number><number>1.0</number><number>1.0</number><number>1.0</number><number>1.0</number><number>1.0</number><number>1.0</number><number>1.0</number><number>1.0</number><number>1.0</number><number>1.0</number><number>0.0</number><number>0.0</number></field><field name='ISACTIVE'><number>1.0</number><number>1.0</number><number>1.0</number><number>1.0</number><number>1.0</number><number>1.0</number><number>1.0</number><number>1.0</number><number>1.0</number><number>1.0</number><number>1.0</number><number>1.0</number><number>1.0</number></field><field name='ISOPEN'><number>1.0</number><number>1.0</number><number>1.0</number><number>1.0</number><number>1.0</number><number>1.0</number><number>1.0</number><number>1.0</number><number>1.0</number><number>1.0</number><number>1.0</number><number>0.0</number><number>0.0</number></field><field name='SORTBY'><string>orderno</string><string>orderno</string><string>orderno</string><string>orderno</string><string>orderno</string><string>orderno</string><string>orderno</string><string>orderno</string><string>orderno</string><string>orderno</string><string>orderno</string><string>orderno</string><string>orderno</string></field><field name='SORTDIRECTION'><string>asc</string><string>asc</string><string>asc</string><string>asc</string><string>asc</string><string>asc</string><string>asc</string><string>asc</string><string>asc</string><string>asc</string><string>asc</string><string>asc</string><string>asc</string></field><field name='RESTRICTGROUPS'><null/><null/><null/><null/><null/><null/><null/><null/><null/><null/><null/><null/><null/></field><field name='PATH'><string>F6203374-E352-498A-AE3D6CA33DDF5CA6,247F978F-E9AA-4123-931D7E6472425B29</string><string>F6203374-E352-498A-AE3D6CA33DDF5CA6,27D677BC-F89C-43BB-99EAFB18D2F3AC37</string><string>F6203374-E352-498A-AE3D6CA33DDF5CA6,28CD7E6E-77EC-406B-87DF69A51429A8BA</string><string>F6203374-E352-498A-AE3D6CA33DDF5CA6,511BA81F-DB96-4EA6-A642A0C3AC948898</string><string>F6203374-E352-498A-AE3D6CA33DDF5CA6,64CF00E4-B91C-4C7A-8C6BFE92E7DC985F</string><string>F6203374-E352-498A-AE3D6CA33DDF5CA6,70BB69C1-C117-4183-864A307B7096601C</string><string>F6203374-E352-498A-AE3D6CA33DDF5CA6,763372BC-311F-49E9-BC4BCF3BB80642B6</string><string>F0E68ABD-5AD4-49AA-83BFD6C3E5312C7E,7A96BAF2-8483-4444-81694C89AD9C37B8</string><string>F6203374-E352-498A-AE3D6CA33DDF5CA6,B03DDFB8-B1BE-4FA7-B6003690B0BFDF5D</string><string>F6203374-E352-498A-AE3D6CA33DDF5CA6,D6FC9865-7860-423F-87896656B97D108D</string><string>F0E68ABD-5AD4-49AA-83BFD6C3E5312C7E,E4538A04-9B9E-476F-A177663C8DEB324E</string><string>F0E68ABD-5AD4-49AA-83BFD6C3E5312C7E</string><string>F6203374-E352-498A-AE3D6CA33DDF5CA6</string></field><field name='REMOTEID'><null/><null/><null/><null/><null/><null/><null/><null/><null/><null/><null/><null/><null/></field><field name='REMOTESOURCEURL'><null/><null/><null/><null/><null/><null/><null/><null/><null/><null/><null/><null/><null/></field><field name='REMOTEPUBDATE'><null/><null/><null/><null/><null/><null/><null/><null/><null/><null/><null/><null/><null/></field><field name='URLTITLE'><string>arts-culture</string><string>health-science</string><string>weather</string><string>world-news</string><string>politics</string><string>local-news</string><string>business</string><string>mura-cms-training</string><string>technology</string><string>opinion</string><string>muracon</string><string>event-categories</string><string>news-categories</string></field><field name='FILENAME'><string>news-categories/arts-culture</string><string>news-categories/health-science</string><string>news-categories/weather</string><string>news-categories/world-news</string><string>news-categories/politics</string><string>news-categories/local-news</string><string>news-categories/business</string><string>event-categories/mura-cms-training</string><string>news-categories/technology</string><string>news-categories/opinion</string><string>event-categories/muracon</string><string>event-categories</string><string>news-categories</string></field><field name='ISFEATUREABLE'><number>0.0</number><number>0.0</number><number>1.0</number><number>0.0</number><number>0.0</number><number>0.0</number><number>0.0</number><number>0.0</number><number>0.0</number><number>0.0</number><number>1.0</number><number>0.0</number><number>0.0</number></field></recordset></data></wddxPacket>
