<wddxPacket version='1.0'><header/><data><recordset rowCount='3' fieldNames='FEEDID,ITEMID,TYPE' type='coldfusion.sql.QueryTable'><field name='FEEDID'><string>57077772-41EF-4154-9632016F6F62597A</string><string>BAFE1F15-3BF5-415C-9526808D2A8C4CC1</string><string>11F2C9D1-8DA6-41EA-90CEF796B889FA62</string></field><field name='ITEMID'><string>86378ACA-764E-4D8A-8FFEDF1C11496208</string><string>59DF80DA-E0EF-4142-BA4E89027DAC4930</string><string>F558F9CA-B311-4EF5-93CBBCDE056268A9</string></field><field name='TYPE'><string>contentID</string><string>contentID</string><string>contentID</string></field></recordset></data></wddxPacket>
