<wddxPacket version='1.0'><header/><data><recordset rowCount='6' fieldNames='CONTENTHISTID,RELATEDID,CONTENTID,SITEID,RELATEDCONTENTSETID,ORDERNO,RELATEDCONTENTID' type='coldfusion.sql.QueryTable'><field name='CONTENTHISTID'><string>E4946F4D-AEC1-48CC-88F23EF2B3260A64</string><string>E4946F4D-AEC1-48CC-88F23EF2B3260A64</string><string>E4946F4D-AEC1-48CC-88F23EF2B3260A64</string><string>E4946F4D-AEC1-48CC-88F23EF2B3260A64</string><string>AC0DE7DF-9B90-4ED7-9F4E8BD939C94082</string><string>5E7B34D4-902A-2688-42838B0190ACED69</string></field><field name='RELATEDID'><string>8D68F184-C578-4776-ABE7E722AD30F6C9</string><string>6CBE4B77-AD39-4D8F-B36B96A969C683E9</string><string>2FA19C9B-77C5-40B9-8F5B0CE61E670367</string><string>DD59781C-1E3A-45FA-A93B3882FE078BDF</string><string>5E818843-2F5D-4A24-A8656C8430E7160C</string><string>00000000000000000000000000000000001</string></field><field name='CONTENTID'><string>6D054DB5-5E2C-4B6B-A290BB3B87F3DACA</string><string>6D054DB5-5E2C-4B6B-A290BB3B87F3DACA</string><string>6D054DB5-5E2C-4B6B-A290BB3B87F3DACA</string><string>6D054DB5-5E2C-4B6B-A290BB3B87F3DACA</string><string>54EA73C3-75AC-4E0C-99D43F5C9043B1E6</string><string>B851BE0F-7DCC-4EF1-A8B657D400337FD8</string></field><field name='SITEID'><string>theme-murabootstrap3</string><string>theme-murabootstrap3</string><string>theme-murabootstrap3</string><string>theme-murabootstrap3</string><string>theme-murabootstrap3</string><string>theme-murabootstrap3</string></field><field name='RELATEDCONTENTSETID'><string>00000000000000000000000000000000000</string><string>00000000000000000000000000000000000</string><string>00000000000000000000000000000000000</string><string>00000000000000000000000000000000000</string><string>00000000000000000000000000000000000</string><string>00000000000000000000000000000000000</string></field><field name='ORDERNO'><number>1.0</number><number>3.0</number><number>4.0</number><number>5.0</number><number>1.0</number><number>1.0</number></field><field name='RELATEDCONTENTID'><number>16.0</number><number>18.0</number><number>19.0</number><number>20.0</number><number>22.0</number><number>91.0</number></field></recordset></data></wddxPacket>
