<wddxPacket version='1.0'><header/><data><recordset rowCount='1' fieldNames='budgetid,avdays,avsubtotal,avid,avqty,avrate,avdesc' type='coldfusion.sql.QueryTable'><field name='budgetid'><string>4B7C134C-7969-4FCA-BD9CC817A7AFB3DE</string></field><field name='avdays'><number>0.0</number></field><field name='avsubtotal'><number>0.0</number></field><field name='avid'><string>2DDCFA55-754F-4798-B40432FE33F35248</string></field><field name='avqty'><number>0.0</number></field><field name='avrate'><number>0.0</number></field><field name='avdesc'><string></string></field></recordset></data></wddxPacket>
