<wddxPacket version='1.0'><header/><data><recordset rowCount='1' fieldNames='budgetid,securitysubtotal,securitydays,securitydesc,securityid,securityrate,securityqty' type='coldfusion.sql.QueryTable'><field name='budgetid'><string>4B7C134C-7969-4FCA-BD9CC817A7AFB3DE</string></field><field name='securitysubtotal'><number>0.0</number></field><field name='securitydays'><number>0.0</number></field><field name='securitydesc'><string></string></field><field name='securityid'><string>842E57F1-D00B-427D-B7F873386BB67808</string></field><field name='securityrate'><number>0.0</number></field><field name='securityqty'><number>0.0</number></field></recordset></data></wddxPacket>
