<wddxPacket version='1.0'><header/><data><recordset rowCount='4' fieldNames='datestart,dateend,approverid,approverdelegationid,delegatedbyid' type='coldfusion.sql.QueryTable'><field name='datestart'><dateTime>2016-5-3T5:0:0+0:0</dateTime><dateTime>2016-5-5T5:0:0+0:0</dateTime><dateTime>2016-5-5T5:0:0+0:0</dateTime><dateTime>2016-5-2T5:0:0+0:0</dateTime></field><field name='dateend'><dateTime>2016-5-3T5:0:0+0:0</dateTime><dateTime>2016-5-5T5:0:0+0:0</dateTime><dateTime>2016-5-5T5:0:0+0:0</dateTime><dateTime>2016-5-4T5:0:0+0:0</dateTime></field><field name='approverid'><string>800A1DDF-B8CE-4186-B93856CE24938E1C</string><string>800A1DDF-B8CE-4186-B93856CE24938E1C</string><string>C304E1CA-AD83-49FC-B2C1C0DD47BE6BC8</string><string>800A1DDF-B8CE-4186-B93856CE24938E1C</string></field><field name='approverdelegationid'><string>3A261D96-CB60-4604-987F8283CD397D43</string><string>527DC534-41E6-40D3-A7064651CCE7F314</string><string>BBDD9DA3-6085-491D-90688EA506EAE4D8</string><string>CA65DD2E-534F-4784-927C9D84E6AE1EFE</string></field><field name='delegatedbyid'><string>C304E1CA-AD83-49FC-B2C1C0DD47BE6BC8</string><string>C304E1CA-AD83-49FC-B2C1C0DD47BE6BC8</string><string>DC085543-7B29-4CFC-9C9649ADFBAE9138</string><string>DC085543-7B29-4CFC-9C9649ADFBAE9138</string></field></recordset></data></wddxPacket>
