<wddxPacket version='1.0'><header/><data><recordset rowCount='0' fieldNames='meetingid,simplebudgetamount,simplebudgetcurrency,isprimarysimplebudget,simplebudgetid,simplebudgetdepartmentno,simplebudgetdivision' type='coldfusion.sql.QueryTable'><field name='meetingid'></field><field name='simplebudgetamount'></field><field name='simplebudgetcurrency'></field><field name='isprimarysimplebudget'></field><field name='simplebudgetid'></field><field name='simplebudgetdepartmentno'></field><field name='simplebudgetdivision'></field></recordset></data></wddxPacket>
