<wddxPacket version='1.0'><header/><data><recordset rowCount='8' fieldNames='tagID,contentID,contentHistID,siteID,tag,taggroup' type='coldfusion.sql.QueryTable'><field name='tagID'><number>37.0</number><number>38.0</number><number>39.0</number><number>40.0</number><number>41.0</number><number>42.0</number><number>44.0</number><number>45.0</number></field><field name='contentID'><string>163A6908-12EB-48DC-94C22E1F6D7B9428</string><string>163A6908-12EB-48DC-94C22E1F6D7B9428</string><string>3EE06FA2-F802-4A99-AB8233CC1B866BAC</string><string>3EE06FA2-F802-4A99-AB8233CC1B866BAC</string><string>4227534A-F4C5-488A-9B2D8F913983AECB</string><string>4227534A-F4C5-488A-9B2D8F913983AECB</string><string>8CFF27E4-099A-4379-BE8031C1A06F1991</string><string>8CFF27E4-099A-4379-BE8031C1A06F1991</string></field><field name='contentHistID'><string>2FD0B545-BB73-46B1-A841C1E5FBD48D1F</string><string>2FD0B545-BB73-46B1-A841C1E5FBD48D1F</string><string>060D5D56-A9F9-42BB-81817B4094DED686</string><string>060D5D56-A9F9-42BB-81817B4094DED686</string><string>030AB1D4-9AE7-4858-9F5CAB946D8E21A1</string><string>030AB1D4-9AE7-4858-9F5CAB946D8E21A1</string><string>63646E2A-3267-417F-8F8CDED560BD37B4</string><string>63646E2A-3267-417F-8F8CDED560BD37B4</string></field><field name='siteID'><string>default</string><string>default</string><string>default</string><string>default</string><string>default</string><string>default</string><string>default</string><string>default</string></field><field name='tag'><string>fun</string><string>travel</string><string>school</string><string>kids</string><string>fun</string><string>kids</string><string>travel</string><string>fun</string></field><field name='taggroup'><string></string><string></string><string></string><string></string><string></string><string></string><string></string><string></string></field></recordset></data></wddxPacket>
