<wddxPacket version='1.0'><header/><data><recordset rowCount='10' fieldNames='CATEGORYID,SITEID,PARENTID,DATECREATED,LASTUPDATE,LASTUPDATEBY,NAME,NOTES,ISINTERESTGROUP,ISACTIVE,ISOPEN,SORTBY,SORTDIRECTION,RESTRICTGROUPS,PATH,REMOTEID,REMOTESOURCEURL,REMOTEPUBDATE,URLTITLE,FILENAME,ISFEATUREABLE' type='coldfusion.sql.QueryTable'><field name='CATEGORYID'><string>23BBD09F-38F1-4B24-AFF934018FC752DE</string><string>301F9548-7EAC-4C00-A6306EDBF7258ABB</string><string>51806C77-0E8A-4BB2-B3E5CA0CE4B0DDAF</string><string>599BEDBA-E7A5-46EC-B80761472C6A57F0</string><string>76416E1B-B40C-4993-AE40FEF2AFBA6F59</string><string>8F9AB7FF-56BC-4A8F-901A3A1F48703819</string><string>AF38CBF6-D586-48B7-831EE1C584FA6EA8</string><string>EF43C0D2-A3C0-4D2C-8AFD978224739B63</string><string>F4186DAF-974B-40DE-8EB2702006C07079</string><string>FE6E00C0-3F0C-47AB-B1310F59548D99BA</string></field><field name='SITEID'><string>theme-murabootstrap3</string><string>theme-murabootstrap3</string><string>theme-murabootstrap3</string><string>theme-murabootstrap3</string><string>theme-murabootstrap3</string><string>theme-murabootstrap3</string><string>theme-murabootstrap3</string><string>theme-murabootstrap3</string><string>theme-murabootstrap3</string><string>theme-murabootstrap3</string></field><field name='PARENTID'><string>AF38CBF6-D586-48B7-831EE1C584FA6EA8</string><string>AF38CBF6-D586-48B7-831EE1C584FA6EA8</string><string>AF38CBF6-D586-48B7-831EE1C584FA6EA8</string><string>AF38CBF6-D586-48B7-831EE1C584FA6EA8</string><string>AF38CBF6-D586-48B7-831EE1C584FA6EA8</string><string>AF38CBF6-D586-48B7-831EE1C584FA6EA8</string><null/><string>AF38CBF6-D586-48B7-831EE1C584FA6EA8</string><string>AF38CBF6-D586-48B7-831EE1C584FA6EA8</string><string>AF38CBF6-D586-48B7-831EE1C584FA6EA8</string></field><field name='DATECREATED'><dateTime>2012-11-27T10:10:19-06:00</dateTime><dateTime>2012-11-27T10:09:49-06:00</dateTime><dateTime>2012-11-27T10:13:03-06:00</dateTime><dateTime>2012-11-27T10:12:39-06:00</dateTime><dateTime>2013-09-20T17:39:24-06:00</dateTime><dateTime>2012-11-27T10:10:32-06:00</dateTime><dateTime>2012-11-27T10:09:32-06:00</dateTime><dateTime>2012-11-27T13:36:20-06:00</dateTime><dateTime>2012-11-27T10:10:10-06:00</dateTime><dateTime>2012-11-27T10:11:00-06:00</dateTime></field><field name='LASTUPDATE'><dateTime>2012-11-27T10:10:19-06:00</dateTime><dateTime>2012-11-27T10:09:49-06:00</dateTime><dateTime>2012-11-27T10:13:03-06:00</dateTime><dateTime>2012-11-27T10:12:39-06:00</dateTime><dateTime>2013-09-20T17:39:24-06:00</dateTime><dateTime>2012-11-27T10:10:32-06:00</dateTime><dateTime>2012-11-27T10:09:32-06:00</dateTime><dateTime>2012-11-27T13:36:20-06:00</dateTime><dateTime>2012-11-27T10:10:10-06:00</dateTime><dateTime>2012-11-27T10:11:00-06:00</dateTime></field><field name='LASTUPDATEBY'><string>Steve Withington</string><string>Steve Withington</string><string>Steve Withington</string><string>Steve Withington</string><string>Steve Withington</string><string>Steve Withington</string><string>Steve Withington</string><string>Steve Withington</string><string>Steve Withington</string><string>Steve Withington</string></field><field name='NAME'><string>Local News</string><string>Business</string><string>Health &amp; Science</string><string>Opinion</string><string>Weather</string><string>World News</string><string>News Categories</string><string>Technology</string><string>Politics</string><string>Arts &amp; Culture</string></field><field name='NOTES'><null/><null/><null/><null/><null/><null/><null/><null/><null/><null/></field><field name='ISINTERESTGROUP'><number>1.0</number><number>1.0</number><number>1.0</number><number>1.0</number><number>1.0</number><number>1.0</number><number>0.0</number><number>1.0</number><number>1.0</number><number>1.0</number></field><field name='ISACTIVE'><number>1.0</number><number>1.0</number><number>1.0</number><number>1.0</number><number>1.0</number><number>1.0</number><number>1.0</number><number>1.0</number><number>1.0</number><number>1.0</number></field><field name='ISOPEN'><number>1.0</number><number>1.0</number><number>1.0</number><number>1.0</number><number>1.0</number><number>1.0</number><number>0.0</number><number>1.0</number><number>1.0</number><number>1.0</number></field><field name='SORTBY'><string>orderno</string><string>orderno</string><string>orderno</string><string>orderno</string><string>orderno</string><string>orderno</string><string>orderno</string><string>orderno</string><string>orderno</string><string>orderno</string></field><field name='SORTDIRECTION'><string>asc</string><string>asc</string><string>asc</string><string>asc</string><string>asc</string><string>asc</string><string>asc</string><string>asc</string><string>asc</string><string>asc</string></field><field name='RESTRICTGROUPS'><null/><null/><null/><null/><null/><null/><null/><null/><null/><null/></field><field name='PATH'><string>AF38CBF6-D586-48B7-831EE1C584FA6EA8,23BBD09F-38F1-4B24-AFF934018FC752DE</string><string>AF38CBF6-D586-48B7-831EE1C584FA6EA8,301F9548-7EAC-4C00-A6306EDBF7258ABB</string><string>AF38CBF6-D586-48B7-831EE1C584FA6EA8,51806C77-0E8A-4BB2-B3E5CA0CE4B0DDAF</string><string>AF38CBF6-D586-48B7-831EE1C584FA6EA8,599BEDBA-E7A5-46EC-B80761472C6A57F0</string><string>AF38CBF6-D586-48B7-831EE1C584FA6EA8,76416E1B-B40C-4993-AE40FEF2AFBA6F59</string><string>AF38CBF6-D586-48B7-831EE1C584FA6EA8,8F9AB7FF-56BC-4A8F-901A3A1F48703819</string><string>AF38CBF6-D586-48B7-831EE1C584FA6EA8</string><string>AF38CBF6-D586-48B7-831EE1C584FA6EA8,EF43C0D2-A3C0-4D2C-8AFD978224739B63</string><string>AF38CBF6-D586-48B7-831EE1C584FA6EA8,F4186DAF-974B-40DE-8EB2702006C07079</string><string>AF38CBF6-D586-48B7-831EE1C584FA6EA8,FE6E00C0-3F0C-47AB-B1310F59548D99BA</string></field><field name='REMOTEID'><null/><null/><null/><null/><null/><null/><null/><null/><null/><null/></field><field name='REMOTESOURCEURL'><null/><null/><null/><null/><null/><null/><null/><null/><null/><null/></field><field name='REMOTEPUBDATE'><null/><null/><null/><null/><null/><null/><null/><null/><null/><null/></field><field name='URLTITLE'><string>local-news</string><string>business</string><string>health-science</string><string>opinion</string><string>weather</string><string>world-news</string><string>news-categories</string><string>technology</string><string>politics</string><string>arts-culture</string></field><field name='FILENAME'><string>news-categories/local-news</string><string>news-categories/business</string><string>news-categories/health-science</string><string>news-categories/opinion</string><string>news-categories/weather</string><string>news-categories/world-news</string><string>news-categories</string><string>news-categories/technology</string><string>news-categories/politics</string><string>news-categories/arts-culture</string></field><field name='ISFEATUREABLE'><number>0.0</number><number>0.0</number><number>0.0</number><number>0.0</number><number>1.0</number><number>0.0</number><number>0.0</number><number>0.0</number><number>0.0</number><number>0.0</number></field></recordset></data></wddxPacket>
