<wddxPacket version='1.0'><header/><data><recordset rowCount='2' fieldNames='SITEID,ASSIGNMENTID,CONTENTID,EXEMPTID,CHAINID' type='coldfusion.sql.QueryTable'><field name='SITEID'><string>default</string><string>default</string></field><field name='ASSIGNMENTID'><string>97B0D976-B384-AF5B-42BFB8B1D3DE81AE</string><string>97B2505C-DD9F-6615-6409638AEF174492</string></field><field name='CONTENTID'><string>C6FE62BE-D574-439B-91B1FE4B13612BFB</string><string>A8AE68A8-FB17-40C7-B1A08E3A082A7333</string></field><field name='EXEMPTID'><null/><null/></field><field name='CHAINID'><null/><null/></field></recordset></data></wddxPacket>
