<wddxPacket version='1.0'><header/><data><recordset rowCount='38' fieldNames='CONTENTHISTID,OBJECTID,OBJECT,CONTENTID,NAME,ORDERNO,SITEID,COLUMNID,PARAMS' type='coldfusion.sql.QueryTable'><field name='CONTENTHISTID'><string>016A2BBA-6CED-4455-B13D46C56BAD524C</string><string>02867FF8-8C86-464F-93454216B52CB70C</string><string>03DD23C6-F8FE-4F16-85F9884214D30909</string><string>1224A6A6-6EFE-4D45-A572CE2E3AA3F74A</string><string>24DA4635-F637-42F8-8B6F189B951B7C9F</string><string>32567966-60B8-435B-A5F5F49775A6BD3B</string><string>3A57ED97-542C-4E17-8A6B6B91C157CB49</string><string>3C714B49-7B4F-4544-BD5960D410B692F3</string><string>4D600415-C2FB-4298-9D3E3B065AE8CE67</string><string>661F0DEF-4453-4C14-9BD73216106F0059</string><string>6C07F013-5A61-4254-BE349EB0B0CC2A7A</string><string>7DEECBEA-12C5-4AAF-99F9BDDC00E5F245</string><string>7DEECBEA-12C5-4AAF-99F9BDDC00E5F245</string><string>809D9BAB-1B23-48AB-97146D0100D392D5</string><string>809D9BAB-1B23-48AB-97146D0100D392D5</string><string>809D9BAB-1B23-48AB-97146D0100D392D5</string><string>809D9BAB-1B23-48AB-97146D0100D392D5</string><string>809D9BAB-1B23-48AB-97146D0100D392D5</string><string>87FA6D11-FC83-4BF8-A8877EE5F00162B3</string><string>87FA6D11-FC83-4BF8-A8877EE5F00162B3</string><string>880D335C-6079-467B-832263506429808A</string><string>9DADCBBE-F9B0-EE89-DF0CDD4EB454BDDF</string><string>A491E4FA-76D3-4B11-980FE98079B43AD4</string><string>BF1EE9BE-4092-4716-B18E7B9C649102B6</string><string>C039AB59-DB71-4FDC-8F695ECA6B354D1E</string><string>C09A2907-EAA8-4BC2-8B8314F2A08A083F</string><string>C09A2907-EAA8-4BC2-8B8314F2A08A083F</string><string>C2312CCE-5078-4847-ACC639DAAEC0437E</string><string>D4858443-CE7A-4E12-95ED465094FB9E73</string><string>DB2B8378-637F-40A6-A35FDD0D7F6347B1</string><string>DE1EDF2C-CB09-4EC2-B2E0755103A5BCED</string><string>E116F326-0E65-40A9-8BA8F599779B10C2</string><string>E6CF6BD3-CE14-4089-BD330F4A8B60EC34</string><string>F122C410-2968-4CEB-A904DE112CA6BD4C</string><string>FFF3C36E-E94E-4CF9-94A0F48BADD710C8</string><string>FFF3C36E-E94E-4CF9-94A0F48BADD710C8</string><string>FFF3C36E-E94E-4CF9-94A0F48BADD710C8</string><string>FFF3C36E-E94E-4CF9-94A0F48BADD710C8</string></field><field name='OBJECTID'><string>3A134DFB-07E6-484A-A777ED14B18A0127</string><string>83338ABB-4B5C-4FF1-8D86A8C1D6799D71</string><string>849CB747-DFD1-475E-958B0A057A327414</string><string>009AE075-AB3C-420D-951D292C2E7DFF86</string><string>47BC9484-D519-4D5F-88F547BBD247C1BB</string><string>AD19F332-B946-4810-9583D42B695CBCA4</string><string>0E305CC3-9BE7-4DD7-A6331FC56F146F1F</string><string>CFBA17F1-4782-46C2-B753D179BA21F0A2</string><string>9EB71049-AF43-4D56-90D2D80C449FFF8B</string><string>56117EE3-9DB9-4B90-A2F86A5B57BD7B77</string><string>60EA6677-B796-4D28-A0C4F9D2A00040C9</string><string>305E91B6-4F51-4CF8-B97E2C805B2BC8EA</string><string>919F8093-5D31-471D-A38C15D27FF20016</string><string>AB842547-7CF8-4763-90C9D5A071F0BE58</string><string>AB842547-7CF8-4763-90C9D5A071F0BE58</string><string>AB842547-7CF8-4763-90C9D5A071F0BE58</string><string>B7F29DE5-7C2C-48E2-9D595FDCA347756C</string><string>CD183454-8F56-43AD-BC2D9727F64EA46F</string><string>346D8268-1B88-46BA-AC216FF1A8B29748</string><string>CE34AC89-CC19-4251-823FC68A6DA4B606</string><string>F159106D-951E-4C95-BEF6353585A1B2A9</string><string>A3C7FCA4-752C-453B-A75C4A322438AAF2</string><string>E5A63D4D-4B74-4B2B-AF06DE51BB70F954</string><string>3EDD7CEA-0C0D-405A-B446E42A05F5CC09</string><string>DBEB27BE-96C0-41D7-AF44D8D581CDCD3E</string><string>353B9D31-EA7A-46DE-8FEC41B9504EB3D1</string><string>A85D4D42-6653-498D-920575048DB976A8</string><string>4DD6E2B9-A6F4-4630-98E41CEEA2E494DE</string><string>389579E5-3D56-43E9-844E0B4E9D8DF6A6</string><string>921B8794-AC89-407A-96BEE1DFF3E55C45</string><string>EE303590-3631-4461-B3E00973B0E925E0</string><string>0B4ED913-9588-4E38-950283FC28C0604E</string><string>EDE0EECB-66BC-42FD-81057E4580947D4C</string><string>A0AFD15D-A9C8-497E-9405772A7C30CE99</string><string>0BD9D6B2-C177-4BCC-A23A7E8B28BD8F1D</string><string>1CB246D2-9737-4491-8E58B9E51DB51419</string><string>1CB246D2-9737-4491-8E58B9E51DB51419</string><string>B7F29DE5-7C2C-48E2-9D595FDCA347756C</string></field><field name='OBJECT'><string>favorites</string><string>standard_nav</string><string>seq_nav</string><string>tag_cloud</string><string>rater</string><string>mailing_list_master</string><string>site_map</string><string>feed</string><string>dragable_feeds</string><string>peer_nav</string><string>sub_nav</string><string>Component</string><string>form</string><string>archive_nav</string><string>calendar_nav</string><string>category_summary</string><string>comments</string><string>rater</string><string>feed</string><string>standard_nav</string><string>related_content</string><string>feed</string><string>event_reminder_form</string><string>standard_nav</string><string>user_tools</string><string>user_tools</string><string>standard_nav</string><string>site_map</string><string>folder_nav</string><string>comments</string><string>site_map</string><string>multilevel_nav</string><string>mailing_list</string><string>standard_nav</string><string>tag_cloud</string><string>archive_nav</string><string>calendar_nav</string><string>comments</string></field><field name='CONTENTID'><string>B3EAEBA6-7F5B-4655-A1551C8052652539</string><string>5C334825-F192-4199-84F9C59B2B22CCB9</string><string>03CE2C31-1D91-48D8-B0EFA27991AB5DA5</string><string>60FB6E95-5945-4030-9E4E2366AD346E45</string><string>E412974A-F5D0-4D06-98BBC6162E856105</string><string>C191803C-88BE-4352-9D96897344C93472</string><string>B74C9E03-1CF5-4727-82352CE5B196B518</string><string>4E3628B9-3E46-431F-ABF45EAF4C798D9C</string><string>CBE58FB2-1A09-4E00-B099785F8B8316C4</string><string>8B6E2A57-9083-4B1D-B5D183C779DE85A2</string><string>176C5F37-F6DD-4C93-8FC2C77D9EAA957E</string><string>142CF8E7-6550-443D-94A1FF456A2BE5EE</string><string>142CF8E7-6550-443D-94A1FF456A2BE5EE</string><string>AB842547-7CF8-4763-90C9D5A071F0BE58</string><string>AB842547-7CF8-4763-90C9D5A071F0BE58</string><string>AB842547-7CF8-4763-90C9D5A071F0BE58</string><string>AB842547-7CF8-4763-90C9D5A071F0BE58</string><string>AB842547-7CF8-4763-90C9D5A071F0BE58</string><string>E4E7AF24-B33F-4BAB-A5629207692C26CE</string><string>E4E7AF24-B33F-4BAB-A5629207692C26CE</string><string>29BA3C4D-39E6-4E3D-9F49DF9BA87DA140</string><string>00000000000000000000000000000000001</string><string>D082C30F-7C1F-45A7-BD1145E34B430607</string><string>3A4DD984-CA58-4ED2-B001A8FF7714C115</string><string>2AF1BD05-CF44-43B5-87744FFD0F283A66</string><string>80CBEDEA-57A8-4056-B911BF3A7541A586</string><string>80CBEDEA-57A8-4056-B911BF3A7541A586</string><string>531C44A7-CD2B-4EA3-BE01C914B5BD20F7</string><string>8DC2AB2D-1FD4-4B54-B20EA5BB72D1B877</string><string>D97D8590-1A71-4D06-A480BE36442D979B</string><string>92AC3F4E-716D-484C-960AF6942A3D6BC9</string><string>27B179CE-93E9-4E84-8A48B720DE100138</string><string>5D7C99E4-9C1D-437D-931AE073A5671E04</string><string>1B9842A4-EF01-4816-88A972BB49D6E6CF</string><string>1CB246D2-9737-4491-8E58B9E51DB51419</string><string>1CB246D2-9737-4491-8E58B9E51DB51419</string><string>1CB246D2-9737-4491-8E58B9E51DB51419</string><string>1CB246D2-9737-4491-8E58B9E51DB51419</string></field><field name='NAME'><string>User Favorites</string><string>Standard Navigation</string><string>Sequential Nav</string><string>Tag Group</string><string>Content Rater</string><string>Master Mailing List Sign Up Form</string><string>Site Map</string><string>Upcoming Events - Local Index</string><string>Dragable Feeds</string><string>Peer Navigation</string><string>Sub Navigation</string><string>Component - Contact Details</string><string>Data Collector - Information Request Form</string><string>Home &gt; News  - Archive Navigation</string><string>Home  &gt;News - Calendar Navigation</string><string>News - Category Summary</string><string>Accept Comments</string><string>Content Rater</string><string>Mura Blog - Remote Feed</string><string>Standard Navigation</string><string>Related Content</string><string>From Our Blog - Local Index</string><string>Event Reminder Form</string><string>Standard Navigation</string><string>User Tools</string><string>User Tools</string><string>Standard Navigation</string><string>Site Map</string><string>Folder Navigation</string><string>Accept Comments</string><string>Site Map</string><string>Multi-Level Navigation</string><string>Mailing List - Sign Up for Our Mailing List</string><string>Standard Navigation</string><string>Tag Cloud</string><string>Home &gt; Blog  - Archive Navigation</string><string>Home  &gt;Blog - Calendar Navigation</string><string>Accept Comments</string></field><field name='ORDERNO'><number>1.0</number><number>1.0</number><number>1.0</number><number>1.0</number><number>1.0</number><number>1.0</number><number>1.0</number><number>1.0</number><number>1.0</number><number>1.0</number><number>1.0</number><number>1.0</number><number>1.0</number><number>3.0</number><number>4.0</number><number>2.0</number><number>1.0</number><number>1.0</number><number>1.0</number><number>1.0</number><number>1.0</number><number>1.0</number><number>1.0</number><number>1.0</number><number>1.0</number><number>2.0</number><number>1.0</number><number>1.0</number><number>1.0</number><number>1.0</number><number>1.0</number><number>1.0</number><number>1.0</number><number>1.0</number><number>1.0</number><number>2.0</number><number>3.0</number><number>1.0</number></field><field name='SITEID'><string>theme-murabootstrap3</string><string>theme-murabootstrap3</string><string>theme-murabootstrap3</string><string>theme-murabootstrap3</string><string>theme-murabootstrap3</string><string>theme-murabootstrap3</string><string>theme-murabootstrap3</string><string>theme-murabootstrap3</string><string>theme-murabootstrap3</string><string>theme-murabootstrap3</string><string>theme-murabootstrap3</string><string>theme-murabootstrap3</string><string>theme-murabootstrap3</string><string>theme-murabootstrap3</string><string>theme-murabootstrap3</string><string>theme-murabootstrap3</string><string>theme-murabootstrap3</string><string>theme-murabootstrap3</string><string>theme-murabootstrap3</string><string>theme-murabootstrap3</string><string>theme-murabootstrap3</string><string>theme-murabootstrap3</string><string>theme-murabootstrap3</string><string>theme-murabootstrap3</string><string>theme-murabootstrap3</string><string>theme-murabootstrap3</string><string>theme-murabootstrap3</string><string>theme-murabootstrap3</string><string>theme-murabootstrap3</string><string>theme-murabootstrap3</string><string>theme-murabootstrap3</string><string>theme-murabootstrap3</string><string>theme-murabootstrap3</string><string>theme-murabootstrap3</string><string>theme-murabootstrap3</string><string>theme-murabootstrap3</string><string>theme-murabootstrap3</string><string>theme-murabootstrap3</string></field><field name='COLUMNID'><number>2.0</number><number>1.0</number><number>2.0</number><number>2.0</number><number>2.0</number><number>2.0</number><number>2.0</number><number>3.0</number><number>2.0</number><number>1.0</number><number>1.0</number><number>3.0</number><number>2.0</number><number>3.0</number><number>3.0</number><number>3.0</number><number>2.0</number><number>3.0</number><number>3.0</number><number>1.0</number><number>2.0</number><number>3.0</number><number>2.0</number><number>1.0</number><number>2.0</number><number>1.0</number><number>1.0</number><number>2.0</number><number>1.0</number><number>2.0</number><number>2.0</number><number>1.0</number><number>2.0</number><number>1.0</number><number>3.0</number><number>3.0</number><number>3.0</number><number>2.0</number></field><field name='PARAMS'><null/><null/><null/><string>{"taggroup":""}</string><null/><null/><null/><string>{"imageSize":"small","imageWidth":"AUTO","imageHeight":"AUTO","displayName":"1","altName":"","cssclass":"","viewalllink":"","viewalllabel":"","maxItems":"3","nextN":"20","displayList":"Date,Title,Image,Summary,Credits,Tags"}</string><null/><null/><null/><null/><null/><null/><null/><string>{"displayRSS":"0"}</string><null/><null/><string>{"displaySummaries":"0","viewalllink":"","viewalllabel":""}</string><null/><string>{"relatedContentSetName":"","imageWidth":"AUTO","imageHeight":"AUTO","displayList":"Title"}</string><string>{"imageSize":"small","imageWidth":"AUTO","imageHeight":"AUTO","displayName":"1","altName":"","cssclass":"","viewalllink":"","viewalllabel":"","maxItems":"1","nextN":"1","displayList":"Title,Date,Summary,Credits"}</string><null/><null/><null/><null/><null/><null/><null/><null/><null/><null/><null/><null/><null/><null/><null/><null/></field></recordset></data></wddxPacket>
