<wddxPacket version='1.0'><header/><data><recordset rowCount='6' fieldNames='CONTENTHISTID,RELATEDID,CONTENTID,SITEID,RELATEDCONTENTSETID,ORDERNO,RELATEDCONTENTID' type='coldfusion.sql.QueryTable'><field name='CONTENTHISTID'><string>880D335C-6079-467B-832263506429808A</string><string>880D335C-6079-467B-832263506429808A</string><string>880D335C-6079-467B-832263506429808A</string><string>880D335C-6079-467B-832263506429808A</string><string>46D8969F-F757-4DFB-89CD43799421D01F</string><string>87FA6D11-FC83-4BF8-A8877EE5F00162B3</string></field><field name='RELATEDID'><string>D97D8590-1A71-4D06-A480BE36442D979B</string><string>531C44A7-CD2B-4EA3-BE01C914B5BD20F7</string><string>B3EAEBA6-7F5B-4655-A1551C8052652539</string><string>2AF1BD05-CF44-43B5-87744FFD0F283A66</string><string>39A25DA7-5C49-46AB-94953938EE8D5CFC</string><string>00000000000000000000000000000000001</string></field><field name='CONTENTID'><string>29BA3C4D-39E6-4E3D-9F49DF9BA87DA140</string><string>29BA3C4D-39E6-4E3D-9F49DF9BA87DA140</string><string>29BA3C4D-39E6-4E3D-9F49DF9BA87DA140</string><string>29BA3C4D-39E6-4E3D-9F49DF9BA87DA140</string><string>4E0CDDEE-24D9-4F4F-8A86E8AB4F2C66FC</string><string>E4E7AF24-B33F-4BAB-A5629207692C26CE</string></field><field name='SITEID'><string>theme-murabootstrap3</string><string>theme-murabootstrap3</string><string>theme-murabootstrap3</string><string>theme-murabootstrap3</string><string>theme-murabootstrap3</string><string>theme-murabootstrap3</string></field><field name='RELATEDCONTENTSETID'><string>00000000000000000000000000000000000</string><string>00000000000000000000000000000000000</string><string>00000000000000000000000000000000000</string><string>00000000000000000000000000000000000</string><string>00000000000000000000000000000000000</string><string>00000000000000000000000000000000000</string></field><field name='ORDERNO'><number>1.0</number><number>3.0</number><number>4.0</number><number>5.0</number><number>1.0</number><number>1.0</number></field><field name='RELATEDCONTENTID'><number>5.0</number><number>6.0</number><number>7.0</number><number>8.0</number><number>9.0</number><number>10.0</number></field></recordset></data></wddxPacket>
