<wddxPacket version='1.0'><header/><data><recordset rowCount='12' fieldNames='FILEID,CONTENTID,SITEID,MODULEID,FILENAME,IMAGE,IMAGESMALL,IMAGEMEDIUM,FILESIZE,CONTENTTYPE,CONTENTSUBTYPE,FILEEXT,CREATED,DELETED,CAPTION,CREDITS,ALTTEXT,REMOTEID,REMOTEURL,REMOTEPUBDATE,REMOTESOURCE,REMOTESOURCEURL,EXIF' type='coldfusion.sql.QueryTable'><field name='FILEID'><string>2023AE09-855B-46F5-A4255C2533488E2F</string><string>33676074-66D0-4E4F-A8E65D93770647FC</string><string>3B65CD2D-86F4-4466-B8D0A5E6AE3432F8</string><string>5BE226B0-9128-4717-A79376B9D0B0763F</string><string>64B75B88-C04F-4931-9A38760AEB802416</string><string>657B87D7-96EC-4DD8-BCE3A9F0336E0407</string><string>77F915D6-7A5A-4947-89AF58AD8FEDCC31</string><string>88BA30FB-FFF2-404A-97624FF678BDFBFF</string><string>9488673E-9721-4FB5-99D534603519843A</string><string>9B5AAAA9-62B2-4945-837C616AE945CAA7</string><string>C76604FA-65F2-47C8-9629EC326FFCD4D3</string><string>EA7C4D03-F3E1-4ED5-8FFF12884E3DEB90</string></field><field name='CONTENTID'><string>305FBFAC-A36F-47D2-9C296BC52014870B</string><string>50752B34-7164-42ED-BAB2B88ABB7FC41D</string><string>B040B385-F347-4BD3-A9DAF18277866231</string><string>39A25DA7-5C49-46AB-94953938EE8D5CFC</string><string>59BBBF2B-948C-43C7-8712B58D0A7D5F25</string><string>4E0CDDEE-24D9-4F4F-8A86E8AB4F2C66FC</string><string>E5D777E3-58F8-4215-866002249566F3B8</string><string>BBECD407-7713-4809-B8494DA422DE5CEA</string><string>76237727-020F-4390-83113431DF5EB6D0</string><string>BFE55B86-4BA7-40F0-AA61C60027F432F0</string><string>23B1203A-6286-4F2B-AD653D30BCFF139B</string><string>8C62BE21-C1CC-4EC0-8AB2B83089AE0A9C</string></field><field name='SITEID'><string>theme-murabootstrap3</string><string>theme-murabootstrap3</string><string>theme-murabootstrap3</string><string>theme-murabootstrap3</string><string>theme-murabootstrap3</string><string>theme-murabootstrap3</string><string>theme-murabootstrap3</string><string>theme-murabootstrap3</string><string>theme-murabootstrap3</string><string>theme-murabootstrap3</string><string>theme-murabootstrap3</string><string>theme-murabootstrap3</string></field><field name='MODULEID'><string>00000000000000000000000000000000000</string><string>00000000000000000000000000000000000</string><string>00000000000000000000000000000000000</string><string>00000000000000000000000000000000000</string><string>00000000000000000000000000000000000</string><string>00000000000000000000000000000000000</string><string>00000000000000000000000000000000000</string><string>00000000000000000000000000000000000</string><string>00000000000000000000000000000000000</string><string>00000000000000000000000000000000000</string><string>00000000000000000000000000000000000</string><string>00000000000000000000000000000000000</string></field><field name='FILENAME'><string>703E9D29-C979-4416-9E31D111AD5FED93_source.jpg</string><string>62A8772C-9CE4-4128-84F5CB790A079761_source.jpg</string><string>30BA5898-1490-4C2E-99A7634A7A9DCDC2_source.jpg</string><string>28A5C6D3-A318-4A18-B80ED3277FD0439E_source.jpg</string><string>3FD8FA3B-57C5-4202-B9F03C776E8DD778_source.jpg</string><string>6FE5203B-DAB0-41B5-BE1E8E6E9F7ED965_source.jpeg</string><string>A311A76D-F2D9-463D-A26655599CF16982_source.jpg</string><string>sample-annual-report.pdf</string><string>5F93A4B4-7E64-440F-9604D2BAF365864B_source.jpg</string><string>C97D5C19-7965-49DC-AA47DEF85C7BDF07_source.jpg</string><string>955A12E0-9E5E-48BA-922600A519E7A314_source.jpg</string><string>61DFDEB1-45D8-4645-938727BD03E382B0_source.jpg</string></field><field name='IMAGE'><null/><null/><null/><null/><null/><null/><null/><null/><null/><null/><null/><null/></field><field name='IMAGESMALL'><null/><null/><null/><null/><null/><null/><null/><null/><null/><null/><null/><null/></field><field name='IMAGEMEDIUM'><null/><null/><null/><null/><null/><null/><null/><null/><null/><null/><null/><null/></field><field name='FILESIZE'><number>618361.0</number><number>4090658.0</number><number>3791376.0</number><number>777056.0</number><number>456354.0</number><number>3604232.0</number><number>473493.0</number><number>20318.0</number><number>4597525.0</number><number>506108.0</number><number>1071255.0</number><number>4245010.0</number></field><field name='CONTENTTYPE'><string>image</string><string>image</string><string>image</string><string>image</string><string>image</string><string>image</string><string>image</string><string>application</string><string>image</string><string>image</string><string>image</string><string>image</string></field><field name='CONTENTSUBTYPE'><string>jpeg</string><string>jpeg</string><string>jpeg</string><string>jpeg</string><string>jpeg</string><string>jpeg</string><string>jpeg</string><string>pdf</string><string>jpeg</string><string>jpeg</string><string>jpeg</string><string>jpeg</string></field><field name='FILEEXT'><string>jpg</string><string>jpg</string><string>jpg</string><string>jpg</string><string>jpg</string><string>jpeg</string><string>jpg</string><string>pdf</string><string>jpg</string><string>jpg</string><string>jpg</string><string>jpg</string></field><field name='CREATED'><dateTime>2013-09-25T17:01:39-06:00</dateTime><dateTime>2013-09-25T16:55:17-06:00</dateTime><dateTime>2013-09-25T16:54:05-06:00</dateTime><dateTime>2013-09-25T17:25:33-06:00</dateTime><dateTime>2013-09-25T17:49:16-06:00</dateTime><dateTime>2013-09-25T17:42:25-06:00</dateTime><dateTime>2013-09-25T17:48:37-06:00</dateTime><dateTime>2012-11-27T15:22:32-06:00</dateTime><dateTime>2013-09-25T16:58:32-06:00</dateTime><dateTime>2013-09-25T17:26:34-06:00</dateTime><dateTime>2013-09-25T17:44:28-06:00</dateTime><dateTime>2013-09-25T16:51:50-06:00</dateTime></field><field name='DELETED'><null/><null/><null/><null/><null/><null/><null/><null/><null/><null/><null/><null/></field><field name='CAPTION'><string>&lt;p&gt;Lorem ipsum dolor sit amet, consectetur adipiscing elit. Praesent suscipit iaculis libero sed tristique. Quisque mollis dolor non tellus placerat vitae sodales lectus porta. Curabitur ut suscipit tellus.&lt;/p&gt;</string><null/><null/><string>&lt;p&gt;Lorem ipsum dolor sit amet, consectetur adipiscing elit. Praesent suscipit iaculis libero sed tristique. Quisque mollis dolor non tellus placerat vitae sodales lectus porta. Curabitur ut suscipit tellus.&lt;/p&gt;</string><string>&lt;p&gt;Lorem ipsum dolor sit amet, consectetur adipiscing elit. Praesent suscipit iaculis libero sed tristique. Quisque mollis dolor non tellus placerat vitae sodales lectus porta. Curabitur ut suscipit tellus.&lt;/p&gt;</string><string>&lt;p&gt;Lorem ipsum dolor sit amet, consectetur adipiscing elit. Praesent suscipit iaculis libero sed tristique. Quisque mollis dolor non tellus placerat vitae sodales lectus porta. Curabitur ut suscipit tellus.&lt;/p&gt;</string><string>&lt;p&gt;Lorem ipsum dolor sit amet, consectetur adipiscing elit. Praesent suscipit iaculis libero sed tristique. Quisque mollis dolor non tellus placerat vitae sodales lectus porta. Curabitur ut suscipit tellus.&lt;/p&gt;</string><null/><null/><string>&lt;p&gt;Lorem ipsum dolor sit amet, consectetur adipiscing elit. Praesent suscipit iaculis libero sed tristique. Quisque mollis dolor non tellus placerat vitae sodales lectus porta. Curabitur ut suscipit tellus.&lt;/p&gt;</string><string>&lt;p&gt;Lorem ipsum dolor sit amet, consectetur adipiscing elit. Praesent suscipit iaculis libero sed tristique. Quisque mollis dolor non tellus placerat vitae sodales lectus porta. Curabitur ut suscipit tellus.&lt;/p&gt;</string><null/></field><field name='CREDITS'><null/><null/><null/><null/><null/><null/><null/><null/><null/><null/><null/><null/></field><field name='ALTTEXT'><null/><null/><null/><null/><null/><null/><null/><null/><null/><null/><null/><null/></field><field name='REMOTEID'><null/><null/><null/><null/><null/><null/><null/><null/><null/><null/><null/><null/></field><field name='REMOTEURL'><null/><null/><null/><null/><null/><null/><null/><null/><null/><null/><null/><null/></field><field name='REMOTEPUBDATE'><dateTime>2013-09-25T17:01:48-06:00</dateTime><dateTime>2013-09-25T16:55:33-06:00</dateTime><dateTime>2013-09-25T16:54:17-06:00</dateTime><dateTime>2013-09-25T17:25:40-06:00</dateTime><dateTime>2013-09-25T17:49:23-06:00</dateTime><dateTime>2013-09-25T17:42:41-06:00</dateTime><dateTime>2013-09-25T17:48:45-06:00</dateTime><null/><dateTime>2013-09-25T16:58:46-06:00</dateTime><dateTime>2013-09-25T17:26:42-06:00</dateTime><dateTime>2013-09-25T17:44:35-06:00</dateTime><dateTime>2013-09-25T16:52:04-06:00</dateTime></field><field name='REMOTESOURCE'><null/><null/><null/><null/><null/><null/><null/><null/><null/><null/><null/><null/></field><field name='REMOTESOURCEURL'><null/><null/><null/><null/><null/><null/><null/><null/><null/><null/><null/><null/></field><field name='EXIF'><null/><null/><null/><null/><null/><null/><null/><null/><null/><null/><null/><null/></field></recordset></data></wddxPacket>
