<wddxPacket version='1.0'><header/><data><recordset rowCount='2' fieldNames='FEEDID,ITEMID,TYPE' type='coldfusion.sql.QueryTable'><field name='FEEDID'><string>A3C7FCA4-752C-453B-A75C4A322438AAF2</string><string>DA4C2C12-3310-4534-93418C46AB4E41CC</string></field><field name='ITEMID'><string>1CB246D2-9737-4491-8E58B9E51DB51419</string><string>AB842547-7CF8-4763-90C9D5A071F0BE58</string></field><field name='TYPE'><string>contentID</string><string>contentID</string></field></recordset></data></wddxPacket>
