<wddxPacket version='1.0'><header/><data><recordset rowCount='2' fieldNames='PARAMID,FEEDID,PARAM,RELATIONSHIP,FIELD,CONDITION,CRITERIA,DATATYPE' type='coldfusion.sql.QueryTable'><field name='PARAMID'><string>278B1E3E-4019-4657-98530500B5570DC7</string><string>65421360-31A3-4450-AF78014F408B3ED3</string></field><field name='FEEDID'><string>A3C7FCA4-752C-453B-A75C4A322438AAF2</string><string>DA4C2C12-3310-4534-93418C46AB4E41CC</string></field><field name='PARAM'><number>1.0</number><number>1.0</number></field><field name='RELATIONSHIP'><string>and</string><string>and</string></field><field name='FIELD'><null/><null/></field><field name='CONDITION'><string>Equals</string><string>Equals</string></field><field name='CRITERIA'><null/><null/></field><field name='DATATYPE'><null/><null/></field></recordset></data></wddxPacket>
