<wddxPacket version='1.0'><header/><data><recordset rowCount='8' fieldNames='TAGID,CONTENTID,CONTENTHISTID,SITEID,TAG,TAGGROUP' type='coldfusion.sql.QueryTable'><field name='TAGID'><number>9.0</number><number>10.0</number><number>11.0</number><number>12.0</number><number>13.0</number><number>14.0</number><number>15.0</number><number>16.0</number></field><field name='CONTENTID'><string>23B1203A-6286-4F2B-AD653D30BCFF139B</string><string>23B1203A-6286-4F2B-AD653D30BCFF139B</string><string>E5D777E3-58F8-4215-866002249566F3B8</string><string>E5D777E3-58F8-4215-866002249566F3B8</string><string>59BBBF2B-948C-43C7-8712B58D0A7D5F25</string><string>59BBBF2B-948C-43C7-8712B58D0A7D5F25</string><string>4E0CDDEE-24D9-4F4F-8A86E8AB4F2C66FC</string><string>4E0CDDEE-24D9-4F4F-8A86E8AB4F2C66FC</string></field><field name='CONTENTHISTID'><string>9A095C6D-9F12-4052-8A792E2F21E506CC</string><string>9A095C6D-9F12-4052-8A792E2F21E506CC</string><string>08B9D208-637E-406B-85751DFDE08529DF</string><string>08B9D208-637E-406B-85751DFDE08529DF</string><string>82006A84-7729-446B-8A5541BE72E17B1D</string><string>82006A84-7729-446B-8A5541BE72E17B1D</string><string>46D8969F-F757-4DFB-89CD43799421D01F</string><string>46D8969F-F757-4DFB-89CD43799421D01F</string></field><field name='SITEID'><string>theme-murabootstrap3</string><string>theme-murabootstrap3</string><string>theme-murabootstrap3</string><string>theme-murabootstrap3</string><string>theme-murabootstrap3</string><string>theme-murabootstrap3</string><string>theme-murabootstrap3</string><string>theme-murabootstrap3</string></field><field name='TAG'><string>home</string><string>music</string><string>music</string><string>home</string><string>running</string><string>sports</string><string>home</string><string>sports</string></field><field name='TAGGROUP'><null/><null/><null/><null/><null/><null/><null/><null/></field></recordset></data></wddxPacket>
