<wddxPacket version='1.0'><header/><data><recordset rowCount='81' fieldNames='SITEID,ARCHIVEID,CONTENTID,FILENAME' type='coldfusion.sql.QueryTable'><field name='SITEID'><string>default</string><string>default</string><string>default</string><string>default</string><string>default</string><string>default</string><string>default</string><string>theme-arwa</string><string>theme-arwa</string><string>theme-arwa</string><string>theme-arwa</string><string>theme-arwa</string><string>default</string><string>default</string><string>default</string><string>default</string><string>default</string><string>default</string><string>default</string><string>default</string><string>default</string><string>default</string><string>default</string><string>default</string><string>default</string><string>default</string><string>default</string><string>default</string><string>default</string><string>default</string><string>default</string><string>default</string><string>default</string><string>default</string><string>default</string><string>default</string><string>default</string><string>default</string><string>default</string><string>default</string><string>default</string><string>default</string><string>default</string><string>default</string><string>default</string><string>default</string><string>default</string><string>default</string><string>default</string><string>default</string><string>default</string><string>default</string><string>default</string><string>default</string><string>default</string><string>default</string><string>default</string><string>default</string><string>default</string><string>default</string><string>default</string><string>default</string><string>default</string><string>default</string><string>default</string><string>default</string><string>default</string><string>default</string><string>default</string><string>default</string><string>default</string><string>default</string><string>theme-murabootstrap3</string><string>default</string><string>default</string><string>default</string><string>default</string><string>default</string><string>default</string><string>default</string><string>default</string></field><field name='ARCHIVEID'><string>30B0B6F2-B8B6-84F4-751D4C189C70F451</string><string>30B1D504-D660-FA3A-70A403F7D52F827B</string><string>30D1A7BB-A14E-CB99-80C4C261D9C5A050</string><string>30D28B19-93C7-4641-47B26E4C90294899</string><string>30D337D8-9168-DB1A-91E8C271A837CC0C</string><string>30D3DCF4-C82A-7512-649E43595B47FFD6</string><string>653FF29C-9BDA-D544-B392D52353205A1A</string><string>76D63695-DB32-8930-747FF99B0BA37808</string><string>76F06847-C59A-E75A-D9430E38D4FD0548</string><string>77C0BAFA-AE7C-9D49-585F458941F5DE34</string><string>77E720B2-067B-91BD-2E0D7FAA6F33EC0B</string><string>77F67735-992F-44F1-C52BBC79440A5044</string><string>8C6E0147-B861-DB50-738E674BAD9AE481</string><string>8D971BCE-B064-96E2-F55E9E91BFFE9B37</string><string>8DFF9986-E452-D300-B1C0507C9AB41ACE</string><string>924CB785-0124-A506-6920C3DCA727D754</string><string>925A94CD-0C7A-0CF3-3C78C8F4856C50BC</string><string>9266E738-F79D-2B1F-7D873768BC2FE251</string><string>92808BB6-C163-F735-30548C97270C7D57</string><string>92841678-F3F3-2D98-88BC649DB034CF3A</string><string>9293CC6C-B471-6B50-80DB6A2F1A419D1B</string><string>9296C16F-CB08-367C-42324B1F25870254</string><string>92D91184-AC3F-C4CE-76FB144637155B8D</string><string>932D2F8F-DCAF-B260-8198E979C144495C</string><string>932D775D-A063-B20C-703BACDB989D1001</string><string>93389185-AB56-F517-E7D2A9D6A64E8208</string><string>9338C4FB-A2CF-4540-01C0C5E5BCCD63EF</string><string>9694595E-C63E-4F33-56B39EB1957F470D</string><string>96949604-CF85-F44B-C17D9DD631CD1AFB</string><string>96B2204A-E7A4-478F-600F25A9D3EBBB48</string><string>96B6E4A0-941D-2C40-65F392AAFEB2AC5E</string><string>96CA69E3-DE57-B5AB-E4F709C6CB38E76F</string><string>96D482DD-BC60-1214-CFB2D2B7A20D0F12</string><string>970BB638-E5AC-C738-38F0B4EB78235391</string><string>970E0C4B-96EF-9689-CB6FA95EC75D9292</string><string>9722D7D9-9C8D-C432-2F6620B222962C30</string><string>976E875D-9C07-C42E-D01E62FD434C5FB5</string><string>98BC1878-BD7B-4E5B-2FBC6C59DE4F96CD</string><string>98BC90A1-B653-EB8E-E5A16758056A46D8</string><string>98BCC7E0-E28E-93A3-06C7E54C338812B3</string><string>98BCF9A4-F3FE-DB87-9D2288CC1DAD71B6</string><string>98BD3392-E6DF-5F36-76F43D59B491FE9F</string><string>98BD714C-0D8C-2F56-897DD05839B5A608</string><string>98D3B6BF-AD34-3B61-26E054CF6AF3D335</string><string>98E076FA-B0AE-C57F-69C883EF5DB88ADB</string><string>98E0A93A-0273-28A6-16804FFD2139E24F</string><string>98E0D53F-AA57-7342-60446F6D4A4D21BB</string><string>98E10FA6-99AC-1412-6C0E69FC060BFDB8</string><string>98F4FD5D-E58E-40B5-54EB04BC2FF352C0</string><string>9993F91C-FD03-A61E-8ED9F2221BA600B7</string><string>999511FE-A824-A3FD-A65005684AE8F905</string><string>9995FBC4-992B-5C6F-3763905837484175</string><string>9A4B2240-E047-4BC8-64B5D944DD75866C</string><string>9A4B5B8B-D590-8E1C-1BFE263A40ADBEF9</string><string>9AB8C673-DA15-1F08-7B3E9739C3CB27FE</string><string>9B9E7FE1-C2F2-A6D1-B8AE6158F98B8457</string><string>9BF018FB-D6A8-5C7F-ADF0954EE2A3098E</string><string>9BF05620-B73D-37BF-80984DECEC92644B</string><string>9BF09722-B40F-F73B-709422901D2F9073</string><string>9C0CEAB2-A809-3D03-9C9C92917E6E7100</string><string>9C0D41C1-A70A-9EB5-35EC692E1B6CC8F5</string><string>9C0D75C3-F4D4-F491-2A537455559DDFF7</string><string>9C7FD7E1-9876-40DC-3646CBF461CD962E</string><string>9C8041BD-908D-598F-015277FDFFFD15A3</string><string>9C80CBDD-BDC6-8A22-D9F4EB922E6D1DA0</string><string>9C815037-0739-02D4-5C860903FBB66CA2</string><string>9CBD9867-0C11-58C9-45A383B50831F286</string><string>9CBDE7CE-A4AB-B95C-1577435D5FC38665</string><string>9CBE1B7D-F29D-56C5-B8A211385ECB57F7</string><string>9D1BE69D-937A-B204-3D137D569963FC60</string><string>9D22B05B-9B61-827A-A442D245EC75D547</string><string>9D22E75C-C756-9ABE-87D538291A9A38EE</string><string>9DADE186-0A4D-E112-BD2DD6CBA1C24789</string><string>A44FAFD3-A904-B5C7-019A3066FA02FA73</string><string>A4680A89-C440-2DE0-F9B500428C782DBB</string><string>BD4F9F1F-E697-BF0F-AB08E24CC21E1C51</string><string>BD75C961-9B76-128E-FEF09405821B9689</string><string>BDCB95E8-C1E3-0237-D8CE6415BBC11276</string><string>C16716A5-9AEC-CF79-1649E551F2BACB9B</string><string>C1726C60-E99E-1CA8-6000E598B5B3AB96</string><string>CB5034D4-FC09-3BFD-AF3D00C2924CEBB6</string></field><field name='CONTENTID'><string>30AD2F2B-BA1C-BA2F-BA85018F194DE085</string><string>30B0F38B-EE6A-E7A0-076A08FBABA3044D</string><string>30BF228B-056A-67AE-41F4CF0864AE640C</string><string>98F63466-0EED-4452-122EFA149793E872</string><string>98F6C9AC-EA2B-51CF-B8783BB859FFBD5C</string><string>98F761FC-92ED-35A6-F830E72DD0987A78</string><string>8C79E7BE-B6CF-1D95-C8945424C74A3214</string><string>76C81A42-ABEC-FD76-3C76542B7D0454C7</string><string>B02AD4F7-432B-4DDE-A2E24C5070E3D4E4</string><string>77A72425-9F3C-7674-F2D8FA041483D1A0</string><string>77D23CFD-DE3F-FEFC-DA92CDE734755303</string><string>8528BB82-A6C4-4DD6-8CD87AA6F81B6DBE</string><string>8C6DB425-E88B-BAAD-24D40F997ACDF723</string><string>8D928235-D7B7-FAF9-325C4B0F18615134</string><string>9BB1EC26-DFCB-24C6-F03E7149198C1164</string><string>CA2DC26B-8EBD-4873-8265A93EE0454570</string><string>9259ADF2-E3B6-CA1D-7DD15E09F747C065</string><string>925D8D25-E978-8D14-2B2816D8710DD800</string><string>92806960-F639-7167-3B24F9D04ED547E0</string><string>92806960-F639-7167-3B24F9D04ED547E0</string><string>00000000000000000000000000000000001</string><string>00000000000000000000000000000000001</string><string>9BD97C83-D742-7A71-FFA4927F4A799823</string><string>932B7502-D68E-9ABF-7D01AFDD29EC5742</string><string>932D635B-E3B8-D0B6-E21B569EB8661B39</string><string>9D4A2FA9-AAC0-15DF-5E0AE199822C76DF</string><string>9CFA551E-CCBC-EC84-B0C1F97B78118D5D</string><string>96907439-E5D1-7D77-5855637B71BFD89E</string><string>9694835D-FAC3-83B7-4D2896511F8F6D8C</string><string>96890CB0-A584-0D07-D44D4839E4ED64A2</string><string>96890CB0-A584-0D07-D44D4839E4ED64A2</string><string>96C6D41E-0603-E498-9CB661FB9C431AD0</string><string>96D46E1D-950D-3A82-54EC9751C71B9C18</string><string>97084C6D-9A51-BC6E-E79FF9365988E4DD</string><string>970C8774-ABE1-BA8F-779F0F10B1DCBC13</string><string>97218F94-CCFA-0590-88D565AED1C327BB</string><string>976D1522-DDBF-B7A4-F432C465FB52D80A</string><string>9E50927C-E384-5012-9DCB612B7B68DE68</string><string>9E5557B0-B69F-9196-C0E88D9F7DAEFC9A</string><string>9C9F63A8-D775-A704-423FDC5D7C385F0B</string><string>99956BFC-E090-6D2F-C6D4EC9AC2578BAC</string><string>99963F1A-94BB-0012-6349166F2070FB27</string><string>98BD6003-E85F-7074-D00D7D2F40298F3B</string><string>978F4ED9-C077-DAA3-D86EA4F7277399FE</string><string>9BD9BD1A-0E50-B10F-22472BE66DF7622A</string><string>98E09838-0AF7-8A8A-A4659FB791F80747</string><string>98E0C468-EBA2-DE58-595371F496DDC258</string><string>98E0FE0C-DEED-EDEF-2AAD6560A5E79D5E</string><string>98F17D09-BC16-143D-72A9D23BDE8E1520</string><string>9A34BC69-F5E0-713E-6311A4BEE2F5BF35</string><string>99945869-E05C-8528-AA93FE54A2E0172B</string><string>99956BFC-E090-6D2F-C6D4EC9AC2578BAC</string><string>9A495C60-EF9D-B166-8439A58917B83B0B</string><string>9AE1CDD0-E15E-4FED-6A1D12D7CE7C8B0B</string><string>9AE27A35-F491-9BD8-AE78F3384E018B4C</string><string>9CFAC9AC-F6E7-E11F-2A3D813F6047E6B7</string><string>9BEE7F76-0115-C1C2-C2A095192A596F1D</string><string>9BF464FE-0CD0-86EE-04D54C3D7A1979E9</string><string>9BF498F1-D714-A85F-998D4492BC39E31C</string><string>9C0B392B-9545-D3B4-8387C3402D104417</string><string>9C11FE6A-CECA-D5BF-CEA0903FE96D2194</string><string>9C12F0D1-A30E-3C3B-B752F0FDB2CE3E33</string><string>9C7FAFCF-0FB5-3618-1DBF74D754751A70</string><string>9C800BC3-B5F0-D83B-8C2ACF35AAB72847</string><string>9C808342-E6A0-9488-2F14746EF3B10FB3</string><string>9C80F4FF-CD1E-AD81-2F9DF8442FAD2B48</string><string>9CBBE9B9-D823-D59E-95BDFE6B694F6CFE</string><string>9CC03B24-B345-FA34-F7DE57357340F6E5</string><string>9CC10253-DF05-EC12-3C88A9025D75DE77</string><string>9D19E0B8-FDB4-D89A-A647F87485B6D930</string><string>9D203A43-DBDC-66C8-702447E4558C3BB4</string><string>9D22D5F3-A23D-4397-1A4399ADAB6C621A</string><string>00000000000000000000000000000000001</string><string>A44D10B6-AF98-EFC6-B9B707C017C9C9F0</string><string>A460C46D-9CE6-1E47-C3E374086C9B0AD6</string><string>BD4682A0-E448-5F21-F7D4D95472F873C6</string><string>BD72F311-F7E2-05BF-E5510EAC487D3539</string><string>BE93CEE0-DF52-44A7-1C3F02D8DAFAE02F</string><string>1B5B5350-DC19-4C36-95A2DDA000E61E95</string><string>C16FEFF4-CD21-F2F0-18062B8BB2EA7F20</string><string>C6FE62BE-D574-439B-91B1FE4B13612BFB</string></field><field name='FILENAME'><string>subscriptions/test</string><string>subscriptions/test/page-1</string><string>some-book</string><string>some-book/page-1</string><string>some-book/page-2</string><string>some-book/page-3</string><string>blog/steve-withington-jpg</string><string>sponsors/imagetrend</string><string>sponsors/hostek</string><string>speakers/tim-cunningham</string><string>speakers/jason-dean</string><string>speakers</string><string>blog/steve-withington-jpg1</string><string>locations/temp</string><string>dev/temp</string><string>news/air-show-draws-record-crowds</string><string>about/board-of-directors</string><string>about/board-of-directors/john-doe</string><string>about/board-of-directors/john-doe1</string><string>about/board-of-directors/marty-mcneil</string><null/><null/><string>dev/temp/page-1</string><string>dev/sample</string><string>dev/sample/page-1</string><string>dev/test</string><string>dev/test/page-1</string><string>dev/test-again</string><string>dev/test-again/page-1</string><string>unsubscribe</string><string>subscriptions</string><string>dev/work</string><string>dev/work/page-1</string><string>locations</string><string>not-locations</string><string>not-locations/some-page</string><string>not-locations/normal-page</string><string>dev/testing</string><string>dev/testing/page-1</string><string>dev/testing/page-2</string><string>dev/testing/page-3</string><string>dev/testing/page-4</string><string>dev/testing/page-5</string><string>contact/results</string><string>dev/temp/page-2</string><string>dev/temp/page-3</string><string>dev/temp/page-4</string><string>dev/temp/page-5</string><string>testing</string><string>dev/testing/page-11</string><string>dev/testing/page-21</string><string>dev/testing/page-31</string><string>dev/my-test</string><string>dev/my-test/page-1</string><string>dev/my-test/page-2</string><string>dev/test/page-2</string><string>dev/yes</string><string>dev/yes/page-1</string><string>dev/yes/page-2</string><string>dev/help</string><string>dev/help/page-1</string><string>dev/help/page-2</string><string>dev/testing/page-1/page-1</string><string>dev/testing/page-1/page-1/page-1</string><string>dev/testing/page-1/page-1/page-1/page-1</string><string>dev/testing/page-1/page-1/page-1/page-1/page-1</string><string>dev/my-flipbook</string><string>dev/my-flipbook/page-1</string><string>dev/my-flipbook/page-2</string><string>dev/x</string><string>dev/xx</string><string>dev/xx/page-1</string><null/><string>testing/another-test</string><string>testing/testing-again</string><string>test-page</string><string>my-test-page</string><string>my-test</string><string>mura-objects</string><string>dev</string><string>about</string></field></recordset></data></wddxPacket>
