<wddxPacket version='1.0'><header/><data><recordset rowCount='5' fieldNames='CONTENTHISTID,CATEGORYID,CONTENTID,ISFEATURE,ORDERNO,SITEID,FEATURESTART,FEATURESTOP' type='coldfusion.sql.QueryTable'><field name='CONTENTHISTID'><string>4712F5AD-0005-44E5-9A920557F6D06488</string><string>69FF59FD-A879-4AB5-98FDA9BE6BA05935</string><string>69FF59FD-A879-4AB5-98FDA9BE6BA05935</string><string>7406469A-FBA2-4BE4-989A0399E2AE23B3</string><string>7406469A-FBA2-4BE4-989A0399E2AE23B3</string></field><field name='CATEGORYID'><string>23BBD09F-38F1-4B24-AFF934018FC752DE</string><string>23BBD09F-38F1-4B24-AFF934018FC752DE</string><string>76416E1B-B40C-4993-AE40FEF2AFBA6F59</string><string>23BBD09F-38F1-4B24-AFF934018FC752DE</string><string>FE6E00C0-3F0C-47AB-B1310F59548D99BA</string></field><field name='CONTENTID'><string>BFE55B86-4BA7-40F0-AA61C60027F432F0</string><string>305FBFAC-A36F-47D2-9C296BC52014870B</string><string>305FBFAC-A36F-47D2-9C296BC52014870B</string><string>39A25DA7-5C49-46AB-94953938EE8D5CFC</string><string>39A25DA7-5C49-46AB-94953938EE8D5CFC</string></field><field name='ISFEATURE'><number>0.0</number><number>0.0</number><number>0.0</number><number>0.0</number><number>0.0</number></field><field name='ORDERNO'><number>0.0</number><number>0.0</number><number>0.0</number><number>0.0</number><number>0.0</number></field><field name='SITEID'><string>theme-murabootstrap3</string><string>theme-murabootstrap3</string><string>theme-murabootstrap3</string><string>theme-murabootstrap3</string><string>theme-murabootstrap3</string></field><field name='FEATURESTART'><null/><null/><null/><null/><null/></field><field name='FEATURESTOP'><null/><null/><null/><null/><null/></field></recordset></data></wddxPacket>
