<wddxPacket version='1.0'><header/><data><recordset rowCount='14' fieldNames='SITEID,CONTENTID,FILENAME,ARCHIVEID' type='coldfusion.sql.QueryTable'><field name='SITEID'><string>theme-arthouse</string><string>theme-forceful</string><string>theme-arthouse</string><string>theme-arthouse</string><string>theme-arthouse</string><string>theme-arthouse</string><string>theme-arthouse</string><string>theme-arthouse</string><string>theme-arthouse</string><string>theme-greptem</string><string>theme-greptem</string><string>theme-arthouse</string><string>theme-arthouse</string><string>theme-murabootstrap3</string></field><field name='CONTENTID'><string>52433E32-A1F6-4DCC-8A1A0F31C8F08272</string><string>058C10FA-DA7C-40C5-9AE748EC1F0FADB6</string><string>7F602D1C-BC3D-4934-A2525228F6E8F234</string><string>288F8C24-5F28-41C6-95D4E07C7B2FBDB0</string><string>94A08043-EA88-4CC3-943BDFC8E63B0027</string><string>3CF1A394-5B0D-4994-B34DA1BA9FB2182F</string><string>09B275AE-FE7C-449F-BDDC9112B6BDF921</string><string>4BEC0A3B-5AF6-4956-B4435ABDE76CB3C1</string><string>12B5EBD2-D7F3-49E7-92BE2598006864FA</string><string>585EDFED-C956-4876-BD42693E7A294D06</string><string>5D344957-FD65-456E-A2F9D03E73D65F34</string><string>C7814F5A-F253-47FC-962EF5928C92A25B</string><string>25D41608-8DEB-4E28-BE3CD41C6EAD1DEB</string><string>F93E8FA1-CE3E-4528-8C4A25045D0AB3F9</string></field><field name='FILENAME'><string>mura/folder</string><string>mura/folder-example</string><string>mura</string><string>blog/finding-inspiration</string><string>blog/noting-quality-in-art</string><string>blog/fusce-non-nisi-lorem</string><string>blog/praesent-luctus-leo</string><string>blog/lorem-ipsum-dolor-sit-amet</string><string>mura/gallery</string><string>mura/calendar</string><string>mura/folder-example</string><string>portfolio/two-column-portfolio/ready-for-cinema</string><string>portfolio/three-column-portfolio/ready-for-cinema</string><string>mura-objects/syntax-highlighting</string></field><field name='ARCHIVEID'><string>1EF98EFD-FF6A-2AFC-9B12DEAA8C8B1E9E</string><string>20E50A4D-E920-EC97-0542A63BF0CEFF87</string><string>212D6722-A9F5-B3CB-3ECF48BB61DEF078</string><string>21464318-E5B8-7E5F-51419BA8AC0A5D57</string><string>21477F8E-9B29-8BDC-14C07E50453188B9</string><string>21489D07-E580-FA56-5323732685732E79</string><string>214AD973-9BB8-0B85-2E48548E55707085</string><string>214BF99D-0404-98CB-407B767EE6FD3A90</string><string>21D98069-E07A-13A6-F75FF62C821BEC8D</string><string>47BA1FE5-C5E9-ADB9-C62AD70DFE616C49</string><string>47D65411-AA49-EDEE-82B7B1962A24D517</string><string>49801CC3-A5EE-350E-0FDA73A08E9FECD1</string><string>4990333C-F54D-37E7-5F334F5D2FABB568</string><string>86A4710D-BFB5-D15F-3963221F5A844F09</string></field></recordset></data></wddxPacket>
