<wddxPacket version='1.0'><header/><data><recordset rowCount='3' fieldNames='PARAMID,FEEDID,PARAM,RELATIONSHIP,FIELD,CONDITION,CRITERIA,DATATYPE' type='coldfusion.sql.QueryTable'><field name='PARAMID'><string>14E778F3-25EF-4BC8-AF0366F4850FC846</string><string>55264C4A-5CAD-41F4-BD454AC640C1206A</string><string>8BBA36E9-805F-4B7C-9E02033B0155E528</string></field><field name='FEEDID'><string>BAFE1F15-3BF5-415C-9526808D2A8C4CC1</string><string>11F2C9D1-8DA6-41EA-90CEF796B889FA62</string><string>57077772-41EF-4154-9632016F6F62597A</string></field><field name='PARAM'><number>1.0</number><number>1.0</number><number>1.0</number></field><field name='RELATIONSHIP'><string>and</string><string>and</string><string>and</string></field><field name='FIELD'><null/><null/><string>tcontent.displayStart</string></field><field name='CONDITION'><string>Equals</string><string>Equals</string><string>GTE</string></field><field name='CRITERIA'><null/><null/><string>[mura]now()[/mura]</string></field><field name='DATATYPE'><null/><null/><string>timestamp</string></field></recordset></data></wddxPacket>
