<wddxPacket version='1.0'><header/><data><recordset rowCount='8' fieldNames='tagID,contentID,contentHistID,siteID,tag,taggroup' type='coldfusion.sql.QueryTable'><field name='tagID'><number>662.0</number><number>663.0</number><number>664.0</number><number>665.0</number><number>666.0</number><number>667.0</number><number>668.0</number><number>669.0</number></field><field name='contentID'><string>AEE191F8-DCE3-4811-B6C4DD45E022B319</string><string>AEE191F8-DCE3-4811-B6C4DD45E022B319</string><string>37A2606E-768D-4E0D-8D3BB7720C05790C</string><string>37A2606E-768D-4E0D-8D3BB7720C05790C</string><string>573955FA-8AA4-4A63-B1EA0A355CADE7F2</string><string>573955FA-8AA4-4A63-B1EA0A355CADE7F2</string><string>1AE024A9-3E45-4017-A04EAFF55EB7A4F7</string><string>1AE024A9-3E45-4017-A04EAFF55EB7A4F7</string></field><field name='contentHistID'><string>E2C4F56E-22E8-4F3C-9B09BEC0593F0057</string><string>E2C4F56E-22E8-4F3C-9B09BEC0593F0057</string><string>01719598-A22A-42EA-A4FA35475C1BB354</string><string>01719598-A22A-42EA-A4FA35475C1BB354</string><string>3B695D4F-8679-4CFB-9D32B1AD4B7D0895</string><string>3B695D4F-8679-4CFB-9D32B1AD4B7D0895</string><string>7F38C770-2268-456B-8FBC9AFE80CE97F8</string><string>7F38C770-2268-456B-8FBC9AFE80CE97F8</string></field><field name='siteID'><string>default</string><string>default</string><string>default</string><string>default</string><string>default</string><string>default</string><string>default</string><string>default</string></field><field name='tag'><string>home</string><string>sports</string><string>home</string><string>music</string><string>music</string><string>home</string><string>running</string><string>sports</string></field><field name='taggroup'><string></string><string></string><string></string><string></string><string></string><string></string><string></string><string></string></field></recordset></data></wddxPacket>
