<wddxPacket version='1.0'><header/><data><recordset rowCount='7' fieldNames='contentHistID,categoryID,contentID,isFeature,orderno,siteID,featureStart,featureStop' type='coldfusion.sql.QueryTable'><field name='contentHistID'><string>025CF958-7DC3-432E-8C7913245759D9EE</string><string>0AB4296A-52AF-4105-841A6586E9AAD3C7</string><string>0AB4296A-52AF-4105-841A6586E9AAD3C7</string><string>1B7CDC3F-4784-4BAF-8269BD21397C81A0</string><string>2EDF4E45-3776-4858-A9F85E6EC08412AE</string><string>2EDF4E45-3776-4858-A9F85E6EC08412AE</string><string>5F185EE7-A8E1-466C-AF5FE94F5DB07D69</string></field><field name='categoryID'><string>F26F5894-BEB3-42E0-B8DC23BFCCD4B78B</string><string>0A1F555B-E0CF-42F1-AB518D2CF384009A</string><string>F707DEBF-C25D-400D-ADE17B1F566208A8</string><string>4C8CFCB8-CC8E-4BC7-AEFB0027659F9A74</string><string>0A1F555B-E0CF-42F1-AB518D2CF384009A</string><string>536662C4-423E-4829-B5F79406489E2FBA</string><string>0A1F555B-E0CF-42F1-AB518D2CF384009A</string></field><field name='contentID'><string>EB68C666-9799-4C21-86ED21B6876964D6</string><string>5B73560C-B9BB-478A-9D2F851F892C1681</string><string>5B73560C-B9BB-478A-9D2F851F892C1681</string><string>6ACCF048-E593-4A09-B88FFBECB6247608</string><string>9D835A8E-EFF5-4E94-8701E09F24A4EAB0</string><string>9D835A8E-EFF5-4E94-8701E09F24A4EAB0</string><string>4FA5D088-EC17-44FD-9E3E673F10D28BC0</string></field><field name='isFeature'><number>0.0</number><number>0.0</number><number>0.0</number><number>0.0</number><number>0.0</number><number>0.0</number><number>0.0</number></field><field name='orderno'><number>0.0</number><number>0.0</number><number>0.0</number><number>0.0</number><number>0.0</number><number>0.0</number><number>0.0</number></field><field name='siteID'><string>default</string><string>default</string><string>default</string><string>default</string><string>default</string><string>default</string><string>default</string></field><field name='featureStart'><string></string><string></string><string></string><string></string><string></string><string></string><string></string></field><field name='featureStop'><string></string><string></string><string></string><string></string><string></string><string></string><string></string></field></recordset></data></wddxPacket>
