<wddxPacket version='1.0'><header/><data><recordset rowCount='4' fieldNames='contentID,siteID,views,rating,totalVotes,upVotes,downVotes,comments,majorVersion,minorVersion,lockID' type='coldfusion.sql.QueryTable'><field name='contentID'><string>9DC08C8A-DC43-445C-B12F4794F4FEE14D</string><string>C83F3037-00FF-4526-B8C7DF147DA70AA6</string><string>D22EF4D8-0DD2-4B1F-96D028445373F3CD</string><string>FA4F0F95-4FD0-427E-B08FE49B3B79D37D</string></field><field name='siteID'><string>default</string><string>default</string><string>default</string><string>default</string></field><field name='views'><number>0.0</number><number>0.0</number><number>0.0</number><number>0.0</number></field><field name='rating'><number>0.0</number><number>0.0</number><number>0.0</number><number>0.0</number></field><field name='totalVotes'><number>0.0</number><number>0.0</number><number>0.0</number><number>0.0</number></field><field name='upVotes'><number>0.0</number><number>0.0</number><number>0.0</number><number>0.0</number></field><field name='downVotes'><number>0.0</number><number>0.0</number><number>0.0</number><number>0.0</number></field><field name='comments'><number>0.0</number><number>0.0</number><number>0.0</number><number>0.0</number></field><field name='majorVersion'><number>1.0</number><number>1.0</number><number>1.0</number><number>1.0</number></field><field name='minorVersion'><number>0.0</number><number>0.0</number><number>0.0</number><number>0.0</number></field><field name='lockID'><string></string><string></string><string></string><string></string></field></recordset></data></wddxPacket>
