<wddxPacket version='1.0'><header/><data><recordset rowCount='0' fieldNames='contentHistID,relatedID,contentID,siteID,relatedContentSetID,orderNo,externalTitle,externalURL,relatedContentID' type='coldfusion.sql.QueryTable'><field name='contentHistID'></field><field name='relatedID'></field><field name='contentID'></field><field name='siteID'></field><field name='relatedContentSetID'></field><field name='orderNo'></field><field name='externalTitle'></field><field name='externalURL'></field><field name='relatedContentID'></field></recordset></data></wddxPacket>
