<wddxPacket version='1.0'><header/><data><recordset rowCount='13' fieldNames='fileID,contentid,siteid,moduleid,filename,image,imageSmall,imageMedium,fileSize,contentType,contentSubType,fileExt,created,deleted,credits,caption,alttext,remoteSource,remoteSourceURL,remotePubDate,remoteID,remoteURL' type='coldfusion.sql.QueryTable'><field name='fileID'><string>1A91B0FC-E180-4885-A0FD069182DED28F</string><string>4F94BB8C-7846-48CD-86322AD89E1604CF</string><string>769FE3EC-E508-4295-9800065AEE94C7E9</string><string>7BD66DB6-1AF4-48C1-97ACE0BB8A6D1C90</string><string>88E922B1-3B63-4C91-849F3027D34E591E</string><string>903C3BFE-920F-46A6-96AF11D1212B39C5</string><string>985E7B67-4893-4B36-8F27621698AB20EF</string><string>BD3F381A-E15B-41DC-A4AD08328E44BD69</string><string>C820245F-AAA8-4378-B92775C29E6464EE</string><string>C9E338CD-11B2-4C8D-B3B64FA430BDA3E7</string><string>CAAA2E51-21F9-447C-9F36D36F28E2A873</string><string>DD606576-0B86-4195-B16BBCEFA0DD2016</string><string>F0A0ACCB-9A51-4184-83C1A08BEEF12684</string></field><field name='contentid'><string>BED6D44D-0ADD-491C-A7FE3C97CC38DDD3</string><string>AEE191F8-DCE3-4811-B6C4DD45E022B319</string><string>C83F3037-00FF-4526-B8C7DF147DA70AA6</string><string>FA4F0F95-4FD0-427E-B08FE49B3B79D37D</string><string>37A2606E-768D-4E0D-8D3BB7720C05790C</string><string>4FA5D088-EC17-44FD-9E3E673F10D28BC0</string><string>9D835A8E-EFF5-4E94-8701E09F24A4EAB0</string><string>4337B166-7293-4756-B9910095767DAEB2</string><string>573955FA-8AA4-4A63-B1EA0A355CADE7F2</string><string>9DC08C8A-DC43-445C-B12F4794F4FEE14D</string><string>1AE024A9-3E45-4017-A04EAFF55EB7A4F7</string><string>D22EF4D8-0DD2-4B1F-96D028445373F3CD</string><string>5B73560C-B9BB-478A-9D2F851F892C1681</string></field><field name='siteid'><string>default</string><string>default</string><string>default</string><string>default</string><string>default</string><string>default</string><string>default</string><string>default</string><string>default</string><string>default</string><string>default</string><string>default</string><string>default</string></field><field name='moduleid'><string>00000000000000000000000000000000000</string><string>00000000000000000000000000000000000</string><string>00000000000000000000000000000000000</string><string>00000000000000000000000000000000000</string><string>00000000000000000000000000000000000</string><string>00000000000000000000000000000000000</string><string>00000000000000000000000000000000000</string><string>00000000000000000000000000000000000</string><string>00000000000000000000000000000000000</string><string>00000000000000000000000000000000000</string><string>00000000000000000000000000000000000</string><string>00000000000000000000000000000000000</string><string>00000000000000000000000000000000000</string></field><field name='filename'><string>new-york-wall-street-subway-mosaic-tile-signage-free-stock-photo.jpg</string><string>6FE5203B-DAB0-41B5-BE1E8E6E9F7ED965_source.jpeg</string><string>61DFDEB1-45D8-4645-938727BD03E382B0_source.jpg</string><string>30BA5898-1490-4C2E-99A7634A7A9DCDC2_source.jpg</string><string>955A12E0-9E5E-48BA-922600A519E7A314_source.jpg</string><string>C97D5C19-7965-49DC-AA47DEF85C7BDF07_source.jpg</string><string>703E9D29-C979-4416-9E31D111AD5FED93_source.jpg</string><string>sample-annual-report.pdf</string><string>A311A76D-F2D9-463D-A26655599CF16982_source.jpg</string><string>62A8772C-9CE4-4128-84F5CB790A079761_source.jpg</string><string>3FD8FA3B-57C5-4202-B9F03C776E8DD778_source.jpg</string><string>5F93A4B4-7E64-440F-9604D2BAF365864B_source.jpg</string><string>28A5C6D3-A318-4A18-B80ED3277FD0439E_source.jpg</string></field><field name='image'><string></string><string></string><string></string><string></string><string></string><string></string><string></string><string></string><string></string><string></string><string></string><string></string><string></string></field><field name='imageSmall'><string></string><string></string><string></string><string></string><string></string><string></string><string></string><string></string><string></string><string></string><string></string><string></string><string></string></field><field name='imageMedium'><string></string><string></string><string></string><string></string><string></string><string></string><string></string><string></string><string></string><string></string><string></string><string></string><string></string></field><field name='fileSize'><number>3728691.0</number><number>3604232.0</number><number>4245010.0</number><number>3791376.0</number><number>1071255.0</number><number>506108.0</number><number>618361.0</number><number>20318.0</number><number>473493.0</number><number>4090658.0</number><number>456354.0</number><number>4597525.0</number><number>777056.0</number></field><field name='contentType'><string>image</string><string>image</string><string>image</string><string>image</string><string>image</string><string>image</string><string>image</string><string>application</string><string>image</string><string>image</string><string>image</string><string>image</string><string>image</string></field><field name='contentSubType'><string>jpeg</string><string>jpeg</string><string>jpeg</string><string>jpeg</string><string>jpeg</string><string>jpeg</string><string>jpeg</string><string>pdf</string><string>jpeg</string><string>jpeg</string><string>jpeg</string><string>jpeg</string><string>jpeg</string></field><field name='fileExt'><string>jpg</string><string>jpeg</string><string>jpg</string><string>jpg</string><string>jpg</string><string>jpg</string><string>jpg</string><string>pdf</string><string>jpg</string><string>jpg</string><string>jpg</string><string>jpg</string><string>jpg</string></field><field name='created'><dateTime>2013-9-21T4:44:58+0:0</dateTime><dateTime>2013-9-25T23:42:25+0:0</dateTime><dateTime>2013-9-25T22:51:50+0:0</dateTime><dateTime>2013-9-25T22:54:5+0:0</dateTime><dateTime>2013-9-25T23:44:28+0:0</dateTime><dateTime>2013-9-25T23:26:34+0:0</dateTime><dateTime>2013-9-25T23:1:39+0:0</dateTime><dateTime>2012-11-27T21:22:32+0:0</dateTime><dateTime>2013-9-25T23:48:37+0:0</dateTime><dateTime>2013-9-25T22:55:17+0:0</dateTime><dateTime>2013-9-25T23:49:16+0:0</dateTime><dateTime>2013-9-25T22:58:32+0:0</dateTime><dateTime>2013-9-25T23:25:33+0:0</dateTime></field><field name='deleted'><number>0.0</number><number>0.0</number><number>0.0</number><number>0.0</number><number>0.0</number><number>0.0</number><number>0.0</number><number>0.0</number><number>0.0</number><number>0.0</number><number>0.0</number><number>0.0</number><number>0.0</number></field><field name='credits'><string></string><string></string><string></string><string></string><string></string><string></string><string></string><string></string><string></string><string></string><string></string><string></string><string></string></field><field name='caption'><string>Lorem ipsum dolor sit amet, consectetur adipiscing elit. Praesent suscipit iaculis libero sed tristique. Quisque mollis dolor non tellus placerat vitae sodales lectus porta. Curabitur ut suscipit tellus. Maecenas rhoncus, ante vitae vehicula vestibulum, metus sapien dapibus tellus, et mattis dolor neque vitae nisl. Nullam eleifend ultrices ipsum eget pretium.</string><string>&lt;p&gt;Lorem ipsum dolor sit amet, consectetur adipiscing elit. Praesent suscipit iaculis libero sed tristique. Quisque mollis dolor non tellus placerat vitae sodales lectus porta. Curabitur ut suscipit tellus.&lt;/p&gt;</string><string></string><string></string><string>&lt;p&gt;Lorem ipsum dolor sit amet, consectetur adipiscing elit. Praesent suscipit iaculis libero sed tristique. Quisque mollis dolor non tellus placerat vitae sodales lectus porta. Curabitur ut suscipit tellus.&lt;/p&gt;</string><string>&lt;p&gt;Lorem ipsum dolor sit amet, consectetur adipiscing elit. Praesent suscipit iaculis libero sed tristique. Quisque mollis dolor non tellus placerat vitae sodales lectus porta. Curabitur ut suscipit tellus.&lt;/p&gt;</string><string>&lt;p&gt;Lorem ipsum dolor sit amet, consectetur adipiscing elit. Praesent suscipit iaculis libero sed tristique. Quisque mollis dolor non tellus placerat vitae sodales lectus porta. Curabitur ut suscipit tellus.&lt;/p&gt;</string><string></string><string>&lt;p&gt;Lorem ipsum dolor sit amet, consectetur adipiscing elit. Praesent suscipit iaculis libero sed tristique. Quisque mollis dolor non tellus placerat vitae sodales lectus porta. Curabitur ut suscipit tellus.&lt;/p&gt;</string><string></string><string>&lt;p&gt;Lorem ipsum dolor sit amet, consectetur adipiscing elit. Praesent suscipit iaculis libero sed tristique. Quisque mollis dolor non tellus placerat vitae sodales lectus porta. Curabitur ut suscipit tellus.&lt;/p&gt;</string><string></string><string>&lt;p&gt;Lorem ipsum dolor sit amet, consectetur adipiscing elit. Praesent suscipit iaculis libero sed tristique. Quisque mollis dolor non tellus placerat vitae sodales lectus porta. Curabitur ut suscipit tellus.&lt;/p&gt;</string></field><field name='alttext'><string></string><string></string><string></string><string></string><string></string><string></string><string></string><string></string><string></string><string></string><string></string><string></string><string></string></field><field name='remoteSource'><string></string><string></string><string></string><string></string><string></string><string></string><string></string><string></string><string></string><string></string><string></string><string></string><string></string></field><field name='remoteSourceURL'><string></string><string></string><string></string><string></string><string></string><string></string><string></string><string></string><string></string><string></string><string></string><string></string><string></string></field><field name='remotePubDate'><dateTime>2013-9-21T4:45:8+0:0</dateTime><dateTime>2013-9-25T23:42:41+0:0</dateTime><dateTime>2013-9-25T22:52:4+0:0</dateTime><dateTime>2013-9-25T22:54:17+0:0</dateTime><dateTime>2013-9-25T23:44:35+0:0</dateTime><dateTime>2013-9-25T23:26:42+0:0</dateTime><dateTime>2013-9-25T23:1:48+0:0</dateTime><string></string><dateTime>2013-9-25T23:48:45+0:0</dateTime><dateTime>2013-9-25T22:55:33+0:0</dateTime><dateTime>2013-9-25T23:49:23+0:0</dateTime><dateTime>2013-9-25T22:58:46+0:0</dateTime><dateTime>2013-9-25T23:25:40+0:0</dateTime></field><field name='remoteID'><string></string><string></string><string></string><string></string><string></string><string></string><string></string><string></string><string></string><string></string><string></string><string></string><string></string></field><field name='remoteURL'><string></string><string></string><string></string><string></string><string></string><string></string><string></string><string></string><string></string><string></string><string></string><string></string><string></string></field></recordset></data></wddxPacket>
