<wddxPacket version='1.0'><header/><data><recordset rowCount='0' fieldNames='parentID,groupID,comments,actionType,requestID,created,actiontID,chainID,userID,siteID' type='coldfusion.sql.QueryTable'><field name='parentID'></field><field name='groupID'></field><field name='comments'></field><field name='actionType'></field><field name='requestID'></field><field name='created'></field><field name='actiontID'></field><field name='chainID'></field><field name='userID'></field><field name='siteID'></field></recordset></data></wddxPacket>
