<wddxPacket version='1.0'><header/><data><recordset rowCount='0' fieldNames='contentid,metaID,fileid,altText,contenthistid,siteID,credits,caption,remoteSource,remoteSourceURL,remotePubDate,remoteID,remoteURL' type='coldfusion.sql.QueryTable'><field name='contentid'></field><field name='metaID'></field><field name='fileid'></field><field name='altText'></field><field name='contenthistid'></field><field name='siteID'></field><field name='credits'></field><field name='caption'></field><field name='remoteSource'></field><field name='remoteSourceURL'></field><field name='remotePubDate'></field><field name='remoteID'></field><field name='remoteURL'></field></recordset></data></wddxPacket>
