<wddxPacket version='1.0'><header/><data><recordset rowCount='3' fieldNames='feedID,itemID,type' type='coldfusion.sql.QueryTable'><field name='feedID'><string>C2D7B908-45D4-49B2-9B0C46BC9CB4E980</string><string>B5351971-C3DD-4188-BDD2249B41C5E240</string><string>72D90678-C650-456A-897A6DFA65774574</string></field><field name='itemID'><string>EEEEA683-74A5-4829-B367E020B1829EFF</string><string>224D2198-90B3-4FD0-A56D91F18DCAA46D</string><string>EFD8D6FF-0069-4B9D-97315830B3C47D86</string></field><field name='type'><string>contentID</string><string>contentID</string><string>contentID</string></field></recordset></data></wddxPacket>
