<wddxPacket version='1.0'><header/><data><recordset rowCount='22' fieldNames='ContentHistID,ObjectID,Object,ContentID,Name,OrderNo,SiteID,ColumnID,Params' type='coldfusion.sql.QueryTable'><field name='ContentHistID'><string>2C71AA8B-E370-4981-873B5B95B9035AE1</string><string>2C71AA8B-E370-4981-873B5B95B9035AE1</string><string>2C71AA8B-E370-4981-873B5B95B9035AE1</string><string>2C71AA8B-E370-4981-873B5B95B9035AE1</string><string>2C71AA8B-E370-4981-873B5B95B9035AE1</string><string>3ED1CFBF-F2B2-42A5-B816BE0A2F2E6E8F</string><string>497D4E26-9475-43B2-A12F6406E338B548</string><string>4C7B0043-9054-415F-B01FF650C9B82A40</string><string>4C7B0043-9054-415F-B01FF650C9B82A40</string><string>806AA40F-B71C-443B-8F4898DA04D614EB</string><string>806AA40F-B71C-443B-8F4898DA04D614EB</string><string>8EE549B5-299F-4600-89EBA28A55459B83</string><string>963018EC-E51A-405B-868602E52041EBC2</string><string>963018EC-E51A-405B-868602E52041EBC2</string><string>C2413BF1-0FF3-4C6F-88D21993DF70D07C</string><string>E00636CB-9F04-45CC-81909DBA6B4F4892</string><string>E00636CB-9F04-45CC-81909DBA6B4F4892</string><string>E00636CB-9F04-45CC-81909DBA6B4F4892</string><string>E00636CB-9F04-45CC-81909DBA6B4F4892</string><string>E00636CB-9F04-45CC-81909DBA6B4F4892</string><string>FCC285E9-61ED-4A16-8717885A0D53A7F1</string><string>FCC285E9-61ED-4A16-8717885A0D53A7F1</string></field><field name='ObjectID'><string>4BC11B44-3E2A-44D7-946DB1FE14EED3EA</string><string>5E1E4762-AC2E-4AB9-B6DB6290307F9BBA</string><string>AE7C860A-5D49-4C55-A9C6A5F8F000D1C4</string><string>EFD8D6FF-0069-4B9D-97315830B3C47D86</string><string>EFD8D6FF-0069-4B9D-97315830B3C47D86</string><string>B5351971-C3DD-4188-BDD2249B41C5E240</string><string>9D8D9A2C-45E4-42EF-9429341A7535FBCA</string><string>87F156FC-2155-4633-81E2F2BCFA6DD08F</string><string>F153C4BC-DA5E-4E07-9BA3D114176509BF</string><string>72D90678-C650-456A-897A6DFA65774574</string><string>B5351971-C3DD-4188-BDD2249B41C5E240</string><string>AD63557E-64D7-4B32-BCAF668F7249BDFD</string><string>27CB80D2-3C0B-47C1-AFD546CBFA3A0384</string><string>526E40D8-91DE-4BD9-A34CCE977A7DEAA9</string><string>E41B49E7-22CE-467B-AA9D94A4E716786E</string><string>90AE56CE-2EAC-4AEF-8FE31A25713A58AF</string><string>AE7C860A-5D49-4C55-A9C6A5F8F000D1C4</string><string>EEEEA683-74A5-4829-B367E020B1829EFF</string><string>EEEEA683-74A5-4829-B367E020B1829EFF</string><string>EEEEA683-74A5-4829-B367E020B1829EFF</string><string>6B79CF0F-5B90-46D7-99D7658B1956C814</string><string>B3ACAAF5-5D47-481D-8024D6DF86C306FC</string></field><field name='Object'><string>tag_cloud</string><string>rater</string><string>comments</string><string>archive_nav</string><string>calendar_nav</string><string>feed</string><string>dragable_feeds</string><string>Component</string><string>form</string><string>feed</string><string>feed</string><string>site_map</string><string>feed</string><string>standard_nav</string><string>site_map</string><string>rater</string><string>comments</string><string>archive_nav</string><string>calendar_nav</string><string>category_summary</string><string>user_tools</string><string>standard_nav</string></field><field name='ContentID'><string>EFD8D6FF-0069-4B9D-97315830B3C47D86</string><string>EFD8D6FF-0069-4B9D-97315830B3C47D86</string><string>EFD8D6FF-0069-4B9D-97315830B3C47D86</string><string>EFD8D6FF-0069-4B9D-97315830B3C47D86</string><string>EFD8D6FF-0069-4B9D-97315830B3C47D86</string><string>224D2198-90B3-4FD0-A56D91F18DCAA46D</string><string>94B3F928-C880-462D-92598F3D8ED8D3A8</string><string>956EB1C8-EBA1-44A8-B899AE37F9C226FA</string><string>956EB1C8-EBA1-44A8-B899AE37F9C226FA</string><string>00000000000000000000000000000000001</string><string>00000000000000000000000000000000001</string><string>975DC3D0-1462-408E-A429AF049C729964</string><string>F8058150-B166-4266-A47F4D7703B866C9</string><string>F8058150-B166-4266-A47F4D7703B866C9</string><string>A39967D9-EB92-494C-B679F2FAA30512F3</string><string>EEEEA683-74A5-4829-B367E020B1829EFF</string><string>EEEEA683-74A5-4829-B367E020B1829EFF</string><string>EEEEA683-74A5-4829-B367E020B1829EFF</string><string>EEEEA683-74A5-4829-B367E020B1829EFF</string><string>EEEEA683-74A5-4829-B367E020B1829EFF</string><string>1B9BCCD0-F77F-4580-A9907E3D63078651</string><string>1B9BCCD0-F77F-4580-A9907E3D63078651</string></field><field name='Name'><string>Tag Cloud</string><string>Content Rater</string><string>Accept Comments</string><string>Home &gt; Blog  - Archive Navigation</string><string>Home &gt; Blog  - Calendar Navigation</string><string>Upcoming Events - Local Index</string><string>Dragable Feeds</string><string>Component - Contact Details</string><string>Data Collector - Information Request Form</string><string>From Our Blog - Local Index</string><string>Upcoming Events - Local Index</string><string>Site Map</string><string>Mura Blog - Remote Feed</string><string>Standard Navigation</string><string>Site Map</string><string>Content Rater</string><string>Accept Comments</string><string>Home &gt; News  - Archive Navigation</string><string>Home &gt; News  - Calendar Navigation</string><string>News - Category Summary</string><string>User Tools</string><string>Standard Navigation</string></field><field name='OrderNo'><number>3.0</number><number>1.0</number><number>1.0</number><number>2.0</number><number>1.0</number><number>1.0</number><number>1.0</number><number>1.0</number><number>1.0</number><number>1.0</number><number>2.0</number><number>1.0</number><number>1.0</number><number>1.0</number><number>1.0</number><number>1.0</number><number>1.0</number><number>2.0</number><number>1.0</number><number>3.0</number><number>2.0</number><number>1.0</number></field><field name='SiteID'><string>default</string><string>default</string><string>default</string><string>default</string><string>default</string><string>default</string><string>default</string><string>default</string><string>default</string><string>default</string><string>default</string><string>default</string><string>default</string><string>default</string><string>default</string><string>default</string><string>default</string><string>default</string><string>default</string><string>default</string><string>default</string><string>default</string></field><field name='ColumnID'><number>3.0</number><number>3.0</number><number>2.0</number><number>3.0</number><number>1.0</number><number>3.0</number><number>2.0</number><number>3.0</number><number>2.0</number><number>3.0</number><number>3.0</number><number>2.0</number><number>3.0</number><number>1.0</number><number>2.0</number><number>3.0</number><number>2.0</number><number>3.0</number><number>1.0</number><number>3.0</number><number>1.0</number><number>1.0</number></field><field name='Params'><string></string><string></string><string></string><string></string><string></string><string>{&quot;imageSize&quot;:&quot;small&quot;,&quot;imageWidth&quot;:&quot;AUTO&quot;,&quot;imageHeight&quot;:&quot;AUTO&quot;,&quot;displayName&quot;:&quot;1&quot;,&quot;altName&quot;:&quot;&quot;,&quot;cssclass&quot;:&quot;&quot;,&quot;viewalllink&quot;:&quot;&quot;,&quot;viewalllabel&quot;:&quot;&quot;,&quot;maxItems&quot;:&quot;3&quot;,&quot;nextN&quot;:&quot;20&quot;,&quot;displayList&quot;:&quot;Date,Title,Image,Summary,Credits,Tags&quot;}</string><string></string><string></string><string></string><string>{&quot;imageSize&quot;:&quot;small&quot;,&quot;imageWidth&quot;:&quot;AUTO&quot;,&quot;imageHeight&quot;:&quot;AUTO&quot;,&quot;displayName&quot;:&quot;1&quot;,&quot;altName&quot;:&quot;&quot;,&quot;cssclass&quot;:&quot;&quot;,&quot;viewalllink&quot;:&quot;&quot;,&quot;viewalllabel&quot;:&quot;&quot;,&quot;maxItems&quot;:&quot;1&quot;,&quot;nextN&quot;:&quot;1&quot;,&quot;displayList&quot;:&quot;Title,Date,Summary,Credits&quot;}</string><string>{&quot;imageSize&quot;:&quot;small&quot;,&quot;imageWidth&quot;:&quot;AUTO&quot;,&quot;imageHeight&quot;:&quot;AUTO&quot;,&quot;displayName&quot;:&quot;1&quot;,&quot;altName&quot;:&quot;&quot;,&quot;cssclass&quot;:&quot;&quot;,&quot;viewalllink&quot;:&quot;&quot;,&quot;viewalllabel&quot;:&quot;&quot;,&quot;maxItems&quot;:&quot;3&quot;,&quot;nextN&quot;:&quot;20&quot;,&quot;displayList&quot;:&quot;Date,Title,Summary&quot;}</string><string></string><string>{&quot;displaySummaries&quot;:&quot;0&quot;,&quot;viewalllink&quot;:&quot;&quot;,&quot;viewalllabel&quot;:&quot;&quot;}</string><string></string><string></string><string></string><string></string><string></string><string></string><string>{&quot;displayRSS&quot;:&quot;0&quot;}</string><string></string><string></string></field></recordset></data></wddxPacket>
