<wddxPacket version='1.0'><header/><data><recordset rowCount='3' fieldNames='paramID,feedID,param,relationship,field,condition,criteria,dataType' type='coldfusion.sql.QueryTable'><field name='paramID'><string>11159C0B-B929-431F-AC6E6EFDAC81DBBC</string><string>327AA150-1F84-46AD-8A2C52D137C9F8BE</string><string>B8D28D44-A368-449B-971BE5EBBDDAC71A</string></field><field name='feedID'><string>72D90678-C650-456A-897A6DFA65774574</string><string>C2D7B908-45D4-49B2-9B0C46BC9CB4E980</string><string>B5351971-C3DD-4188-BDD2249B41C5E240</string></field><field name='param'><number>1.0</number><number>1.0</number><number>1.0</number></field><field name='relationship'><string>and</string><string>and</string><string>and</string></field><field name='field'><string></string><string></string><string>tcontent.displayStart</string></field><field name='condition'><string>Equals</string><string>Equals</string><string>GTE</string></field><field name='criteria'><string></string><string></string><string>[mura]now()[/mura]</string></field><field name='dataType'><string></string><string></string><string>timestamp</string></field></recordset></data></wddxPacket>
