<wddxPacket version='1.0'><header/><data><recordset rowCount='13' fieldNames='categoryID,siteID,parentID,dateCreated,lastUpdate,lastUpdateBy,name,notes,isInterestGroup,isActive,isOpen,sortBy,sortDirection,restrictGroups,path,remoteID,remoteSourceURL,remotePubDate,urltitle,filename,isfeatureable' type='coldfusion.sql.QueryTable'><field name='categoryID'><string>06EB7EAA-08AA-4388-B799199782E70C6D</string><string>0A1F555B-E0CF-42F1-AB518D2CF384009A</string><string>17788DF7-F6B6-490E-A900091F2FA2F04E</string><string>2B4A16BC-6C8A-4708-A99020735781B736</string><string>4C8CFCB8-CC8E-4BC7-AEFB0027659F9A74</string><string>536662C4-423E-4829-B5F79406489E2FBA</string><string>746C32A0-30DB-4765-9326BC8A7C3A1C52</string><string>8E5D07F4-14A4-4BD6-991CF73CC365AFA8</string><string>90AC0171-5A8B-4360-8CBD21394101FA1F</string><string>AAB61AC6-ED0C-4E87-B1AF019710DEDA37</string><string>CCF0E0C0-6DA1-4C11-8241815656B6B96A</string><string>F26F5894-BEB3-42E0-B8DC23BFCCD4B78B</string><string>F707DEBF-C25D-400D-ADE17B1F566208A8</string></field><field name='siteID'><string>default</string><string>default</string><string>default</string><string>default</string><string>default</string><string>default</string><string>default</string><string>default</string><string>default</string><string>default</string><string>default</string><string>default</string><string>default</string></field><field name='parentID'><string>8E5D07F4-14A4-4BD6-991CF73CC365AFA8</string><string>8E5D07F4-14A4-4BD6-991CF73CC365AFA8</string><string>8E5D07F4-14A4-4BD6-991CF73CC365AFA8</string><string>8E5D07F4-14A4-4BD6-991CF73CC365AFA8</string><string>AAB61AC6-ED0C-4E87-B1AF019710DEDA37</string><string>8E5D07F4-14A4-4BD6-991CF73CC365AFA8</string><string>8E5D07F4-14A4-4BD6-991CF73CC365AFA8</string><string></string><string>8E5D07F4-14A4-4BD6-991CF73CC365AFA8</string><string></string><string>8E5D07F4-14A4-4BD6-991CF73CC365AFA8</string><string>AAB61AC6-ED0C-4E87-B1AF019710DEDA37</string><string>8E5D07F4-14A4-4BD6-991CF73CC365AFA8</string></field><field name='dateCreated'><dateTime>2012-11-27T19:36:20+0:0</dateTime><dateTime>2012-11-27T16:10:19+0:0</dateTime><dateTime>2012-11-27T16:10:32+0:0</dateTime><dateTime>2012-11-27T16:12:39+0:0</dateTime><dateTime>2013-9-20T22:31:7+0:0</dateTime><dateTime>2013-9-20T23:39:24+0:0</dateTime><dateTime>2012-11-27T16:13:3+0:0</dateTime><dateTime>2012-11-27T16:9:32+0:0</dateTime><dateTime>2012-11-27T16:9:49+0:0</dateTime><dateTime>2012-11-27T21:8:58+0:0</dateTime><dateTime>2012-11-27T16:10:10+0:0</dateTime><dateTime>2012-11-27T21:9:7+0:0</dateTime><dateTime>2012-11-27T16:11:0+0:0</dateTime></field><field name='lastUpdate'><dateTime>2012-11-27T19:36:20+0:0</dateTime><dateTime>2012-11-27T16:10:19+0:0</dateTime><dateTime>2012-11-27T16:10:32+0:0</dateTime><dateTime>2012-11-27T16:12:39+0:0</dateTime><dateTime>2013-9-20T22:31:7+0:0</dateTime><dateTime>2013-9-20T23:39:24+0:0</dateTime><dateTime>2012-11-27T16:13:3+0:0</dateTime><dateTime>2012-11-27T16:9:32+0:0</dateTime><dateTime>2012-11-27T16:9:49+0:0</dateTime><dateTime>2012-11-27T21:8:58+0:0</dateTime><dateTime>2012-11-27T16:10:10+0:0</dateTime><dateTime>2012-11-27T21:9:7+0:0</dateTime><dateTime>2012-11-27T16:11:0+0:0</dateTime></field><field name='lastUpdateBy'><string>Steve Withington</string><string>Steve Withington</string><string>Steve Withington</string><string>Steve Withington</string><string>Steve Withington</string><string>Steve Withington</string><string>Steve Withington</string><string>Steve Withington</string><string>Steve Withington</string><string>Steve Withington</string><string>Steve Withington</string><string>Steve Withington</string><string>Steve Withington</string></field><field name='name'><string>Technology</string><string>Local News</string><string>World News</string><string>Opinion</string><string>MuraCon</string><string>Weather</string><string>Health &amp; Science</string><string>News Categories</string><string>Business</string><string>Event Categories</string><string>Politics</string><string>Mura CMS Training</string><string>Arts &amp; Culture</string></field><field name='notes'><string></string><string></string><string></string><string></string><string></string><string></string><string></string><string></string><string></string><string></string><string></string><string></string><string></string></field><field name='isInterestGroup'><number>1.0</number><number>1.0</number><number>1.0</number><number>1.0</number><number>1.0</number><number>1.0</number><number>1.0</number><number>0.0</number><number>1.0</number><number>0.0</number><number>1.0</number><number>1.0</number><number>1.0</number></field><field name='isActive'><number>1.0</number><number>1.0</number><number>1.0</number><number>1.0</number><number>1.0</number><number>1.0</number><number>1.0</number><number>1.0</number><number>1.0</number><number>1.0</number><number>1.0</number><number>1.0</number><number>1.0</number></field><field name='isOpen'><number>1.0</number><number>1.0</number><number>1.0</number><number>1.0</number><number>1.0</number><number>1.0</number><number>1.0</number><number>0.0</number><number>1.0</number><number>0.0</number><number>1.0</number><number>1.0</number><number>1.0</number></field><field name='sortBy'><string>orderno</string><string>orderno</string><string>orderno</string><string>orderno</string><string>orderno</string><string>orderno</string><string>orderno</string><string>orderno</string><string>orderno</string><string>orderno</string><string>orderno</string><string>orderno</string><string>orderno</string></field><field name='sortDirection'><string>asc</string><string>asc</string><string>asc</string><string>asc</string><string>asc</string><string>asc</string><string>asc</string><string>asc</string><string>asc</string><string>asc</string><string>asc</string><string>asc</string><string>asc</string></field><field name='restrictGroups'><string></string><string></string><string></string><string></string><string></string><string></string><string></string><string></string><string></string><string></string><string></string><string></string><string></string></field><field name='path'><string>8E5D07F4-14A4-4BD6-991CF73CC365AFA8,06EB7EAA-08AA-4388-B799199782E70C6D</string><string>8E5D07F4-14A4-4BD6-991CF73CC365AFA8,0A1F555B-E0CF-42F1-AB518D2CF384009A</string><string>8E5D07F4-14A4-4BD6-991CF73CC365AFA8,17788DF7-F6B6-490E-A900091F2FA2F04E</string><string>8E5D07F4-14A4-4BD6-991CF73CC365AFA8,2B4A16BC-6C8A-4708-A99020735781B736</string><string>AAB61AC6-ED0C-4E87-B1AF019710DEDA37,4C8CFCB8-CC8E-4BC7-AEFB0027659F9A74</string><string>8E5D07F4-14A4-4BD6-991CF73CC365AFA8,536662C4-423E-4829-B5F79406489E2FBA</string><string>8E5D07F4-14A4-4BD6-991CF73CC365AFA8,746C32A0-30DB-4765-9326BC8A7C3A1C52</string><string>8E5D07F4-14A4-4BD6-991CF73CC365AFA8</string><string>8E5D07F4-14A4-4BD6-991CF73CC365AFA8,90AC0171-5A8B-4360-8CBD21394101FA1F</string><string>AAB61AC6-ED0C-4E87-B1AF019710DEDA37</string><string>8E5D07F4-14A4-4BD6-991CF73CC365AFA8,CCF0E0C0-6DA1-4C11-8241815656B6B96A</string><string>AAB61AC6-ED0C-4E87-B1AF019710DEDA37,F26F5894-BEB3-42E0-B8DC23BFCCD4B78B</string><string>8E5D07F4-14A4-4BD6-991CF73CC365AFA8,F707DEBF-C25D-400D-ADE17B1F566208A8</string></field><field name='remoteID'><string></string><string></string><string></string><string></string><string></string><string></string><string></string><string></string><string></string><string></string><string></string><string></string><string></string></field><field name='remoteSourceURL'><string></string><string></string><string></string><string></string><string></string><string></string><string></string><string></string><string></string><string></string><string></string><string></string><string></string></field><field name='remotePubDate'><string></string><string></string><string></string><string></string><string></string><string></string><string></string><string></string><string></string><string></string><string></string><string></string><string></string></field><field name='urltitle'><string>technology</string><string>local-news</string><string>world-news</string><string>opinion</string><string>muracon</string><string>weather</string><string>health-science</string><string>news-categories</string><string>business</string><string>event-categories</string><string>politics</string><string>mura-cms-training</string><string>arts-culture</string></field><field name='filename'><string>news-categories/technology</string><string>news-categories/local-news</string><string>news-categories/world-news</string><string>news-categories/opinion</string><string>event-categories/muracon</string><string>news-categories/weather</string><string>news-categories/health-science</string><string>news-categories</string><string>news-categories/business</string><string>event-categories</string><string>news-categories/politics</string><string>event-categories/mura-cms-training</string><string>news-categories/arts-culture</string></field><field name='isfeatureable'><number>0.0</number><number>0.0</number><number>0.0</number><number>0.0</number><number>1.0</number><number>1.0</number><number>0.0</number><number>0.0</number><number>0.0</number><number>0.0</number><number>0.0</number><number>0.0</number><number>0.0</number></field></recordset></data></wddxPacket>
