<wddxPacket version='1.0'><header/><data><recordset rowCount='2' fieldNames='MLID,SiteID,Name,Description,LastUpdate,isPurge,isPublic' type='coldfusion.sql.QueryTable'><field name='MLID'><string>7E5C0DA8-8B74-44D5-B7490663AD60DC7F</string><string>95E9EF5D-7246-43BC-A2F60C721C978FFF</string></field><field name='SiteID'><string>default</string><string>default</string></field><field name='Name'><string>Master Do Not Email List</string><string>Sign Up for Our Mailing List</string></field><field name='Description'><string></string><string></string></field><field name='LastUpdate'><dateTime>2010-12-10T18:55:48+0:0</dateTime><dateTime>2012-4-5T0:16:16+0:0</dateTime></field><field name='isPurge'><number>1.0</number><number>0.0</number></field><field name='isPublic'><number>1.0</number><number>1.0</number></field></recordset></data></wddxPacket>
