<wddxPacket version='1.0'><header/><data><recordset rowCount='2' fieldNames='NAME,REMOTEID,COMMENTERID,EMAIL' type='coldfusion.sql.QueryTable'><field name='NAME'><string>Steve Withington</string><string>Steve W</string></field><field name='REMOTEID'><string>steve@blueriver.com</string><string>1D1D0E36-C1BF-A185-E8278879859BEBD0</string></field><field name='COMMENTERID'><string>224D732C-00D8-9F9A-BDBFCD92080992A6</string><string>477B4FDB-DACF-4D64-6F09BA90304E3C9E</string></field><field name='EMAIL'><string>steve@blueriver.com</string><string>steve@blueriver.com</string></field></recordset></data></wddxPacket>
