<wddxPacket version='1.0'><header/><data><recordset rowCount='51' fieldNames='SITEID,CONTENTID,FILENAME,ARCHIVEID' type='coldfusion.sql.QueryTable'><field name='SITEID'><string>theme-arthouse</string><string>theme-forceful</string><string>theme-arthouse</string><string>theme-arthouse</string><string>theme-arthouse</string><string>theme-arthouse</string><string>theme-arthouse</string><string>theme-arthouse</string><string>theme-arthouse</string><string>theme-greptem</string><string>theme-greptem</string><string>theme-arthouse</string><string>theme-arthouse</string><string>theme-arwa</string><string>theme-arwa</string><string>theme-arwa</string><string>theme-arwa</string><string>theme-arwa</string><string>theme-arwa</string><string>theme-arwa</string><string>theme-arwa</string><string>theme-arwa</string><string>theme-arwa</string><string>theme-arwa</string><string>theme-arwa</string><string>theme-arwa</string><string>theme-arwa</string><string>theme-arwa</string><string>theme-arwa</string><string>theme-arwa</string><string>theme-arwa</string><string>theme-arwa</string><string>theme-arwa</string><string>theme-arwa</string><string>theme-arwa</string><string>theme-arwa</string><string>theme-arwa</string><string>theme-arwa</string><string>theme-arwa</string><string>theme-arwa</string><string>theme-arwa</string><string>theme-murabootstrap3</string><string>theme-zerofour</string><string>theme-zerofour</string><string>theme-zerofour</string><string>theme-zerofour</string><string>theme-zerofour</string><string>theme-zerofour</string><string>theme-zerofour</string><string>theme-zerofour</string><string>theme-zerofour</string></field><field name='CONTENTID'><string>52433E32-A1F6-4DCC-8A1A0F31C8F08272</string><string>058C10FA-DA7C-40C5-9AE748EC1F0FADB6</string><string>7F602D1C-BC3D-4934-A2525228F6E8F234</string><string>288F8C24-5F28-41C6-95D4E07C7B2FBDB0</string><string>94A08043-EA88-4CC3-943BDFC8E63B0027</string><string>3CF1A394-5B0D-4994-B34DA1BA9FB2182F</string><string>09B275AE-FE7C-449F-BDDC9112B6BDF921</string><string>4BEC0A3B-5AF6-4956-B4435ABDE76CB3C1</string><string>12B5EBD2-D7F3-49E7-92BE2598006864FA</string><string>585EDFED-C956-4876-BD42693E7A294D06</string><string>5D344957-FD65-456E-A2F9D03E73D65F34</string><string>C7814F5A-F253-47FC-962EF5928C92A25B</string><string>25D41608-8DEB-4E28-BE3CD41C6EAD1DEB</string><string>64AAD8B3-08C7-758B-92E48D77A1DAE7E3</string><string>64B594D6-FBE5-FFDF-EBA2C3ADAFAE0FF9</string><string>64C74850-9331-1A33-102A8AF3BD360B0D</string><string>64D688DA-E0AF-3ACC-1D8D77AFBE7F771E</string><string>64E469A5-9BC6-9C7D-7314F44976B0D9F1</string><string>64EEB4B3-0B8F-09E1-0A176966F8D44740</string><string>650584FC-DC81-BF50-52ABAC8030787BD0</string><string>652F938F-A80C-4260-8B693A3080D47D6F</string><string>653A5202-A665-4E60-62C28AA72FE8B916</string><string>68B5F475-EB06-95FE-5683A5F57C719805</string><string>68BC78DD-CC6B-1BE2-718C80A488551F8D</string><string>68C38A40-DDF1-B70A-63B09F63A5E0C6C1</string><string>68CA38B1-9533-3CCF-5D4383A3E0028A10</string><string>699A6170-E5C1-3CC7-BBE8D01EFE4647E3</string><string>69A4486D-DB11-6585-E4CE7A7F0076CF35</string><string>69E24B7B-FE70-DEC2-113C705E067550F7</string><string>69F06FC4-A3DB-0DE5-3252ACE72382A86F</string><string>69F87A90-9455-C4D3-EDEC21CBEDA09DCB</string><string>6A00B4CF-C2AB-C3C6-67D94EE8D26CB93E</string><string>69E24B7B-FE70-DEC2-113C705E067550F7</string><string>6A3E6F3A-9C74-A320-0553E0656359B97E</string><string>6A45A299-CDB8-1960-F2F15B69F1378353</string><string>6A4BB6FC-A684-DC54-92D826DF268AFBE0</string><string>7ED37DF3-C896-6EFC-CED87A44AD62E6FC</string><string>6A3E6F3A-9C74-A320-0553E0656359B97E</string><string>6A00B4CF-C2AB-C3C6-67D94EE8D26CB93E</string><string>7F0E4D67-DF20-5347-62AE1630CAF50A95</string><string>7F550267-D610-7352-E4BB9F12FA8B6ACD</string><string>F93E8FA1-CE3E-4528-8C4A25045D0AB3F9</string><string>00000000000000000000000000000000001</string><string>94F83D0F-9482-4FB4-8BE6785F4BE5D1EE</string><string>1D26F23B-EF24-49EE-925C9DBE37E37049</string><string>AF3540C9-B68A-4BCF-90D6AE23DC9402EF</string><string>5DB7D9B9-F64A-4446-A0F5F3B52194106E</string><string>61BA64E7-A3FD-4B42-90655C6AE3F67552</string><string>B30114AD-4CE0-41BA-89BF06F811C31A54</string><string>A1215337-8B19-49C8-81C03DE9644AEAA2</string><string>4335801D-3828-4E8C-ACA0EE50F1980EF7</string></field><field name='FILENAME'><string>mura/folder</string><string>mura/folder-example</string><string>mura</string><string>blog/finding-inspiration</string><string>blog/noting-quality-in-art</string><string>blog/fusce-non-nisi-lorem</string><string>blog/praesent-luctus-leo</string><string>blog/lorem-ipsum-dolor-sit-amet</string><string>mura/gallery</string><string>mura/calendar</string><string>mura/folder-example</string><string>portfolio/two-column-portfolio/ready-for-cinema</string><string>portfolio/three-column-portfolio/ready-for-cinema</string><string>sponsors</string><string>sponsors/adobe</string><string>sponsors/railo</string><string>sponsors/mura-cms</string><string>sponsors/hostek</string><string>sponsors/intergral-information-solutions</string><string>sponsors/razuna</string><string>sponsors/ten24-digital-solutions</string><string>sponsors/vivio-technologies</string><string>speakers</string><string>sessions</string><string>sponsors/foundeo</string><string>sponsors/ortus-solutions</string><string>sessions/session-1</string><string>speakers/steve-withington</string><string>venue</string><string>news</string><string>about</string><string>contact</string><string>about/venue</string><string>about/travel</string><string>about/steering-committee</string><string>about/content-advisory-board</string><string>about/code-of-conduct</string><string>venue/travel</string><string>about/contact</string><string>register</string><string>about/what-is-cfobjective</string><string>mura-objects/syntax-highlighting</string><null/><string>about</string><string>mura-objects</string><string>mura-objects/navigation-examples</string><string>about/protected-area</string><string>about/photo-gallery</string><string>news</string><string>blog</string><string>mura-objects/syntax-highlighting</string></field><field name='ARCHIVEID'><string>1EF98EFD-FF6A-2AFC-9B12DEAA8C8B1E9E</string><string>20E50A4D-E920-EC97-0542A63BF0CEFF87</string><string>212D6722-A9F5-B3CB-3ECF48BB61DEF078</string><string>21464318-E5B8-7E5F-51419BA8AC0A5D57</string><string>21477F8E-9B29-8BDC-14C07E50453188B9</string><string>21489D07-E580-FA56-5323732685732E79</string><string>214AD973-9BB8-0B85-2E48548E55707085</string><string>214BF99D-0404-98CB-407B767EE6FD3A90</string><string>21D98069-E07A-13A6-F75FF62C821BEC8D</string><string>47BA1FE5-C5E9-ADB9-C62AD70DFE616C49</string><string>47D65411-AA49-EDEE-82B7B1962A24D517</string><string>49801CC3-A5EE-350E-0FDA73A08E9FECD1</string><string>4990333C-F54D-37E7-5F334F5D2FABB568</string><string>64AF9ABE-C489-7473-C1608F031BDDEED6</string><string>64C24904-D411-E8CC-9D2227AE4B8485D8</string><string>64D0F6CC-B2CA-16BE-57D3EFE9897833B8</string><string>64DBF754-E7E2-68E9-7FC56D5F40F45255</string><string>64EBBB34-F175-0028-442A94F914091546</string><string>64FD35CC-EB15-A770-42245E055AA9EF7A</string><string>652AB75D-B211-DE67-C4981C1FC6F79372</string><string>65362F64-E7FF-C6B5-16550984ACE26734</string><string>653F77B4-B657-ED06-781D2D218CC478D5</string><string>68BB7745-D3E4-3C28-5A5772DD5D754070</string><string>68BFCDEE-0AE7-99EF-7FDE904FDAEB1DEF</string><string>68C78E85-A65C-3F90-E73849D5ABD84C58</string><string>68D305EC-F216-F437-2D9A73CCD6FB8CA9</string><string>697C533F-BFD4-48F5-F642D94B4CD7A4E5</string><string>69ACD9D7-915E-4B13-B5E7A3373EF2E7DE</string><string>69EC028C-A1B0-B338-958A1FB2831A5B2E</string><string>69F395BC-9448-529B-654BE4C45EDF241E</string><string>69FC3A97-9984-143F-82B893FAB9868BD6</string><string>6A035AF2-FC59-9423-689EB83F69441558</string><string>6A3DB921-CC4D-ED83-0D5B6658E6B97905</string><string>6A40A3AD-D85B-1CE1-3CBB03B1717A6ACE</string><string>6A4A2C21-AF97-DEB2-13C3EA6A017B8861</string><string>6A4DE957-A50E-525E-E7C9BA5071E30821</string><string>7ED4D539-FA34-33BC-F8C67C6A03C7B319</string><string>7EE0E49B-F776-8A88-E0278308CEBC0926</string><string>7F094CA7-FCD4-3C8C-93F3D0F0BE0A3FFD</string><string>7F119E22-F490-34C1-A73486CB7363F256</string><string>7F56CC9C-E023-3D22-C761A36C5D5FB7DB</string><string>86A4710D-BFB5-D15F-3963221F5A844F09</string><string>CB67FE60-B8E9-67B4-7B97CB7AFB8D59BA</string><string>CD996A78-DAAA-9046-28B38E6C461DC604</string><string>CDB109E3-B184-87B7-E0EE0EDA36E69887</string><string>CDBDDA10-EEB4-B7F0-D6E4495EB7A1229A</string><string>CECB2B42-FED1-5630-C5938EC24773C0F2</string><string>CFDD1219-CA18-DA1E-18E2411DFE40DEA3</string><string>CFF1EA48-E630-E6B6-405D9C7F6F5D7644</string><string>D002EDEF-05DE-5E01-02A61AA30FC0B2D6</string><string>D0FDA3C3-F797-E53E-FB04EEF66A2A76F9</string></field></recordset></data></wddxPacket>
